K|K|K 2the D|K Camp|K Fox|K Kutta|K Love|K Stewart|K&S Project|K' LA|K'Armani|K'Jon|K'La|K'Maro|K'NAAN|K'naan Featuring David Bisbal|K'Pris|K's Choice|K-9 Posse|K-Ball|K-Bone|K-Burger|K-Chill|K-CI|K-CI|K-Ci|K-Ci & JoJo|K-Ci Hailey|K-Cut|K-Dee|K-Def|K-Drama|K-Face Rules|K-Klass|K-lix|K-llao|K-Maro|K-Mil|k-os|K-OS|K-Paz|K-Paz de la Sierra|K-Quick|K-Riley|K-Rob|K-Solo|K-Stone|K-Syran|K-System|K-Taro Takanami|K-Yo|K-Young|K-Yze|K. Flay|K. Gates|K. Ishibashi|K. Joy|K. Michelle|K. O. Lamar|K. Roosevelt|K.A.A.N.|K.A.R.D|K.A.Z.|K.C.|K.C. & The Sunshine Band|K.C. Groves|k.d. lang|k.flay|K.I.D|K.I.D.|K.I.D. (dupe 1)|K.I.Z.|K.J. Knight|K.K. Downing|K.M.C.|K.M.C. Kru|K.M.D.|K.One|K.P. & Envyi|K.S. Rhoads|K.T. Oslin|K.T.P.|K.W.S.|K.Will|K.Will|K.will, Mamamoo (Feat.Whee sung)|K.WILL, SISTAR, BOYFRIEND|K1|K3|K5|K7|K?D|Ka'au Crater Boys|Ka5sh|Kaat|Kaay|Kabaal|Kabah|Kabaka Pyramid|Kacey Cisyk|Kacey Cisyk/Original Cast|Kacey Coppola|Kacey Jones|Kacey Musgraves|Kacey Walker|Kaci|Kaci Battaglia|Kaci Brown|Kacy & Clayton|Kacy Hill|Kadavar|Kaddisfly|Kadebostany|Kadeem Hardison|Kadoc|Kae Lou|Kae Williams, Jr.|Kaede Takagaki(Saori Hayami)|Kaela Freeman|Kaela Kimura|KaelumWay|Kaera Kimura|Kafani|Kafu Banton|Kage|Kago Pengchi|Kah-Lo|Kah-Ming Ng|Kaho Mizutani|Kai|Kai (dupe 1)|Kai (dupe 2)|Kai Dodson|Kai Engel|Kai Exos|Kai Fish|Kai Hansen|Kai Lemke|Kai Smith|Kai Stephens|Kai Winding & Orchestra|Kaia Fischer|KAiiA|Kaija Koo|Kailash Kher|Kailash Kher & Kailasa|Kaïn|Kain|Kain Cioffie|Kaine|Kairo|Kaiser Chiefs|KAISTAR|Kaiti Garbi|Kaitlin|Kaitlin Foley|Kaitlyn Aurelia Smith|Kaitlyn Lusk|Kaity Jane|Kaizen|Kaizers Orchestra|Kaja|Kajagoogoo|Kak|Kaka|Kaki King|Kakigoori|Kakkmaddafakka|Kakoteo Mix|Kal El|Kal Hourd|Kal Penn/Adam Campbell|Kal Penn/Lauren Cohan|Kala Balch|Kalaf|Kalafina|Kalage|Kalan Porter|Kalani Pe'a|Kalash|Kalash|Kaleem Taylor|Kaleena Zanders|Kaleida|Kaleido|Kalel|Kalenna|Kaleo|Kaleo|Kaleo|Kaleo|Kaleo Wassman|Kali|Kali Uchis|KALI'S FINEST|Kaliffa|Kalim|Kalimba|Kalimete|Kalin|Kalin and Myles|Kalin Twins|Kalin White|Kaliq Scott|Kalisz Philharmonic|Kaliyani|Kalle "Cane" Savijärvi|Kalle Gustafsson|Kalle Mattson|Kalle Moraeus|Kallen Esperian|Kalley Heiligen|Kalmani|Kalomoira|Kalonii|Kalpana Patowary|Kaltri|Kalú|Kalvin Bishop|Kalyan|Kalyko|Kam|Kam & Solo|Kam Dhillon|Kam Parker|Kamaiyah|Kamakazi|Kamal|Kamal Gray|Kamaliya|Kamasi Washington|Kamasutra|Kamau|KAMAU Featuring No Wyld|KAMAU Featuring No Wyld|Kamau Rashaad|Kame to Yama-P|Kameelah Williams|Kamehameha Schools Children's Chorus|Kamelot|Kamera|Kamferdrops|Kamikaze|Kamil Rosko|Kamilla|Kamille Rudisill|Kamilya Jubran|Kaminarigumo|Kamini|Kaminsky|Kamio|Kamisama Bokuwa Kizuite Shimatta|Kammerakademie Potsdam|Kammerorchester|Kammerorchester des Bayerischen Rundfunks|Kampesino|Kamryn Hanks|Kamus Coca|Kan Jani 8|Kan Mi Youn|Kan Mi Youn & Lee Hyun|Kan Sano feat.Monday Michiru|Kan Wakan|Kana Hanazawa|Kana Nishino|Kana Uemura|Kana-Boon|Kanako Miura(Yuka Otsubo)|Kanales|Kanda Bongo Man|Kandace Breon|Kandace Springs|Kandi|Kandi Burruss|Kandice Love|Kandidaten Dutch X FActor 2010|Kandle|Kandy Johnson|Kane|Kane|Kane|Kane & Abel|Kane & Abel With The Most Wanted Boys|Kane (dupe 1)|Kane Brown|Kane Gang|Kane Hodder|Kane Roberts|Kane Smego|Kane/Christina Vidal|Kang Dae Sung|Kang Kyun Sung & As One|Kang Mi Jin|Kang Min Kyung (of Davichi)|Kang Seung Yoon|Kang-In|Kangding Ray|Kanika Kapoor|Kanisha K|Kanjani 8|Kanjani Eight|Kankaku Piero|Kanna Hashimoto|Kano|Kano|Kano|Kano|Kano & Ize-1|Kanon Nakagawa starring Nao Higashiyama|Kanon Wakeshima|Kansas|Kansas|Kansas|Kansas Bible Company|Kansas City Chorale|Kansas City Original Sound|Kansas City Symphony Orchestra|Kanti y Riko|Kany García|Kanye West|Kaolin|Kaoma|Kaori Kozai|Kaori Mizumori|Kaori Mochida|Kaori Muraji|Kaori Tsuchida|Kaori Uesugi|Kaoru|Kaoru Ishibashi|Kaoru To Tomoki, Tamani Mucc.|Kaos|Kaos & Mystro|Kaos de Keeler|Kap|Kap G|Kap Slap|Kapil Trevedi|Kapri|Kapt'n Anda A Matrous K1000|Kaptn|Kara|Kara|Kara|Kara (2005)|Kara DioGuardi|Kara Dupuy|Kara'Bana|Karachi-Raw|Karan Ashley|Karaoke|Karate|Karate Andi|Kärbholz|Kard|Kardia|Kardinal Offishall|Kardinal Offishall Featuring Karl Wolf|Kare Hedebrant/Lina Leandersson|Karel Fialka|Karel Mark Chichon|Karel Ullner|Karen Allen|Karen Anderson|Karen Aoki|Karen Bergquist|Karen Bernod|Karen Black|Karen Blackwell|Karen Brooks|Karen Carpenter|Karen Casey|Karen Chandler|Karen Cipriana|Karen Clark-Sheard|Karen Damen|Karen Dotrice|Karen Duffy|Karen Elson|Karen England|Karen Fairchild|Karen Foster|Karen Grotberg|Karen Gunderson|Karen Gwyer|Karen Harding|Karen Kamon|Karen Kelly|Karen Kerslake|Karen Kilgariff|Karen Kingsbury|Karen Knowles|Karen Lovely|Karen Marie|Karen Martello|Karen McDougal|Karen Mok, Adam Cheng|Karen Mok, Mika|Karen Morgan|Karen Nelson And Billy T|Karen O|Karen O & the Kids|Karen O And The Kids|Karen Parks|Karen Peck & New River|Karen Peris|Karen Pollard|Karen Ramirez|Karen Rodriguez|Karen Silver|Karen Small|Karen Staley|Karen Taylor-Good|Karen Topinka|Karen Voight|Karen Wheeler|Karen Williams|Karen Wyman|Karen Young|Karen Young Reheat|Karey Lee|Kari Jobe|Kari Kane|Kari Keegan|Kari Kenton|Kari Reiman|Kari Wuhrer|Kari, Ola & Lars Bremnes|Karian Pasian|Karim|Karim Ouellet|Karima|Karima Kibble|KarimOfAriseRoots|Karin & Marjam van Breeschooten|Karin Axelsson|Karin Bloemen|Karin Dreijer|Karin Glenmark|Karin Kasar|Karin Park|Karina|Karina|Karina|Karina|Karina|Karina (dupe 1)|Karina Brians|Karina Denike|Karina Gauvin|Karina Iglesias|Karina Lombard|Karina Pasian|Karine Hannah|Karine Tessier|Karis|Karis|Karis El Podor del Swing "New Generation"|Karise Eden|Karissa Noel|Karita Mattila|Kariya|Kariyushi 58|Karizma|Karkwa|Karl Agell|Karl Alvarez|Karl Astbury|Karl Bartos|Karl Berkebile|Karl Bernholtz|Karl Bohm|Karl Brunner|Karl Bryan|Karl Buechner|Karl Burns|Karl Chambers|Karl Denson|Karl Denson's Tiny Universe|Karl Dietel|Karl Fuller|Karl Green|Karl Hammel, Jr.|Karl Hunter|Karl Hyde|Karl Jenkins|Karl Kane|Karl Kippenberger|Karl Logan|Karl Malden|Karl Mueller|Karl Ney|Karl Perazzo|Karl Pituch|Karl Reid|Karl Schieder|Karl Schubach|Karl Schweitz|Karl Scully|Karl Urban/Moon Bloodgood|Karl Van Den Bossche|Karl Wallinger|Karl William|Karl Wolf|Karl Wolf Featuring Kardinall Offishall|Karl Wolf featuring MasterTrak|Karl Wolf Featuring Sway|Karl-Heinz Ulrich|Karla Bonoff|Karla Y Michelle|Karlie Bruce|Karlie Redd|Karliene|Karlos Farrar|Karlos Rosé|Karma|Karma Club|Karmadelic|Karmah|Karmin|Karmina|Karmine Alers|Karnak|Karnivool|Karol|Karol Dugan|Karol G|Karolyn|Karon Floyd|Karpe Diem|KARRA|Karras Vasilis|Karri Koira|Karriem Riggins|Karrin Allyson|Karry Wang|Karry Wang|Karryl Smith|Karsh Kale|Karsten|Karthage|Kartoon Krew|Karunesh|Karuva|Kary Hernandez|Karyn Rochelle|Karyn White|Karyn Williams|Kasabian|Kasalla|KaSandra|Kasarinchu|Kasbo|Kasenetz-Katz Singing Orchestral Circus|Kasey Buckley|Kasey Chambers|Kasey Chambers And Shane Nicholson|Kasey Sheridan|Kasey Smith|Kash'd Out|Kashan|Kashif|Kashmir|Kasia Kowalska|Kasia Nosowska|Kasim Sulton|Kasino|Kaskade|Kasmir|Kasper Eistrup|Kasper Nyemann|KasperFromTheK|Kassi|Kassidy Osborn|Kassie Depaiva|Kastelruther Spatzen|Kastis Torrau|Kastro Of The Outlawz|Kasum|Kat|Kat Bjelland|Kat Dahlia|Kat Danson|Kat DeLuna|Kat Edmonson|Kat Graham|Kat Graham|Kat Haslam|Kat Krazy|Kat Mandu|Kat Maslich|Kat People|Kat Perkins|Kat Robichaud|Kat Solar|Kat-Tun|Kataklysm|Katalina|Katarina Dalaymman|Katastro|Katastrofe|Katatonia|Katchafire|Kate & Anna McGarrigle|Kate & Ben|Kate & Kacey|Kate Beckinsale|Kate Beckinsale/Scott Speedman|Kate Bosworth|Kate Bosworth/Michelle Rodriguez|Kate Boy|Kate Bush|Kate Capshaw|Kate Ceberano|Kate Cooper|Kate Coppola|Kate Davis|Kate Earl|Kate Flanery|Kate Garner|Kate Havnevik|Kate Hodge|Kate Holmes|Kate Hudson|Kate Hudson/Anne Hathaway|Kate Hudson/Luke Wilson|Kate Jackson|Kate Jackson/Jaclyn Smith|Kate Jackson/Stacy Keach|Kate Kay Es|Kate Lindsey|Kate Lynch|Kate Maberly|Kate McGarrigle|Kate McGarry|Kate Micucci|Kate Miller-Heidke|Kate Morgan|Kate Mullins|Kate Nash|Kate Nelligan|Kate Pierson|Kate Price|Kate Radley|Kate Royal|Kate Rusby|Kate Ryan|Kate Schellenbach|Kate Smith|Kate St. John|Kate Stone|Kate Taylor|Kate Voegele|Kate Walsh|Kate Walsh/Taye Diggs|Kate Winslet|Kate Winslet/Jennifer Connelly|Kate Winslet/Ralph Fiennes|Katee Julien|Katerama Pou|Katerina Polemi|Katerina Stikoudi|Katerina Villegas|Katerine|Katey Sagal|Katfish|Katfyr|Katharine Gifford|Katharine McPhee|Katharine Ross|Katharine Whalen|Katherine Alexander|Katherine Anderson|Katherine Ann Cimorelli|Katherine Borowitz|Katherine Ellis|Katherine Heigl|Katherine Heigl/Danielle Harris|Katherine Heigl/James Marsden|Katherine Helmond|Katherine Hepburn|Katherine Jacobson Fleisher|Katherine Jenkins|Katherine Ross|Kathi McDonald|Kathi Wolfgramm|Kathie Lee Gifford|Kathleen Aerts|Kathleen Battle|Kathleen Battle & Christopher Parkening|Kathleen Battle, Placido Domingo|Kathleen Cassello|Kathleen Edwards|Kathleen Ferrier|Kathleen Hanna|Kathleen Kinmont|Kathleen Madigan|Kathleen Murphy|Kathleen Quinlan|Kathleen Turner|Kathrin "Cat" Geißler|Kathrin Kraft|Kathryn Calder|Kathryn Dean|Kathryn Guthrie|Kathryn Jones|Kathryn Scott|Kathryn Stott|Kathryn Williams|Kathy|Kathy Baker|Kathy Baker/Maria Bello|Kathy Barnes|Kathy Bates|Kathy Bauer|Kathy Bee|Kathy Brown|Kathy Carllile|Kathy Crabb|Kathy Dalton|Kathy Dee|Kathy Edge|Kathy Fisher|Kathy Forester|Kathy Foster|Kathy Freston|Kathy Griffin|Kathy Horry|Kathy Ireland|Kathy Kirby|Kathy Kosins|Kathy Lennon|Kathy Linden|Kathy Mac|Kathy Mathis|Kathy Mattea|Kathy Mendonca|Kathy Phillips|Kathy Romeo|Kathy Sledge|Kathy Smith|Kathy Soce|Kathy Taylor|Kathy Taylor-Brown|Kathy Taylor-Brown|Kathy Troccoli|Kathy Twitty|Kathy Valentine|Kathy Walker|Kathy Wilson And Kwils|Kathy Young|Kati Wolf|Katia & Marielle Labeque|Katia Nicole|Katie Armiger|Katie Cassidy/Michelle Trachtenberg|Katie Featherston|Katie Giguere|Katie Herzig|Katie Holmes|Katie Holmes/Benjamin Bratt|Katie Ka'aihue|Katie Kissoon|Katie Lee|Katie Lopez|Katie McMahon|Katie Melua|Katie Murphy|Katie Price|Katie Roloff|Katie Skate|Katie Sky|Katie Thompson|Katie Torwalt|Katie White|KatieLynn Campbell|Katija Pevec|The Katinas|Katinguele (Feat. Belo)|Katja Glieson|Kato|Kato|Kato|Kato & Safri Duo Featuring Bjornskov|Katou Takashi|Katpeople|Katri Ylander|Katrin Cartlidge|Katrina|Katrina "Foxx" Kawachi|Katrina & the Waves|Katrina And The Waves|Katrina Bryant|Katrina Carlson|Katrina Elam|Katrina Ford|Katrina Leskanich|Katrina Parker|Katrina Ruiz|Katrina Vaughn|Katrina Woolverton|Katrina Wreede|Katriz Trindad|Katt Williams|Katurah Clarke|Katy B|Katy Bircher|Katy Dix|Katy Goodman|Katy McAllister|Katy Menditta|Katy Moffatt|Katy Perry|Katy Perry Featuring Snoop Dogg|Katy Rose|Katy Tiz|Katydids|The Katydids|Katzenjammer|Kaunas City Symphony Orchestra|Kaunas State Choir|Kaur-B|Kausion|Kaustubh Pandav|Kav Temperley|Kava Groove|Kaveh|Kavin Hoo|Kavinsky|Kavita Seth|Kavka Shishido|Kãwao|Kawz|Kay|Kay Adams|Kay Austin|Kay Cola|Kay Gardner|Kay Gee|Kay Hanley|Kay One|Kay Panabaker|Kay Panabaker/Jason Dolley|Kay Renee|Kay Starr|Kay T.Oslin|Kay-Gees|Kay-Ta|Kaya|Kaya Pryor|Kaya Stewart|Kayah|Kayak|Kayak|Kayan|Kaycee|Kaycee Grogan|Kaye|Kaye McCool|Kaye Peltier|Kaye, Sharp, Barret, Blier|KAYEF|Kayex|Kayhan Kalhor|Kayla|Kayla Adams|Kayla Brianna|Kayla Diamond|Kayla Waters|Kaylah Marin|Kaylan Cloyd|Kayle|Kaylee Adams|Kaylee Johnson|Kayliah|Kayna Samet|Kayno|Kayo|Kayo|Kayo|Kayo Shekoni|Kayode Adeyemo|Kayoko Yoshizawa|Kayos|Kayton Macariola|Kaytranada|Kaytranada Featuring Craig David|Kaytranada Featuring Syd|Kayzo|Kaz|Kaz James|Kaz Money|Kazi|Kazik Staszewski|Kazu Makino|Kazu Matsui|Kazuki Imagai|Kazukii Iamgai|Kazuma Jinnouchi|Kazumasa Oda|Kazumi Watanabe|Kazunari Abe|Kazunari Takao(Tatsuhisa Suzuki)|Kazusa Wakayama|Kazushi Ono|Kazutoshi Sakurai|Kazuya Yoshii|Kazuyoshi Akiyama|Kazuyoshi Nakamura|Kazuyoshi Saito|Kazuyuki Sekiguchi|Kazzer|KB|KB|KBC Band|KBong|KC|KC & the Sunshine Band|KC And The Sunshine Band|KC Fairlight|KC Flightt|KC Guetig|KC Howard|KC Rebell|KC Rebell & Summer Cem|KCB|KCM|KDA|KDL|KDM|KDrew|Ké|Ke$ha|Keahiwai|Keak da Sneak|Keala Settle|Keali'i Reichel|Kealoha Kono & His Orchestra|Keane|Keane Brothers|KeAnthony|Keanu Reeves|Keanu Reeves/Charlize Theron|Keanu Reeves/Forest Whitaker|Keanu Reeves/Gene Hackman|Keanu Reeves/James Spader|Keanu Reeves/Jennifer Connelly|Keanu Reeves/Laurence Fishburne|Keanu Reeves/Sandra Bullock|Keanya Collins|Keaton Henson|Keaton Stromberg|Keauhou|Keb Darge|Keb' Mo'|Kebekelektrik|KeBlack|Kebo Gotti|Kechia Jenkins|Kedjan|Kedr Livanskiy|Kee|Kee Marcello|Keech Rainwater|Keedy|Keef Hartley Band|Keegan Connor Tracy/Michael Moriarty|Keel|Keelan Donovan|Keeley Davis|Keely B|Keely Hawkes|Keely Smith|Keemo|Keen'V|Keenan Cahill|Keenan McWilliam/Sophie Bennett|Keenan Wynn|Keenen Ivory Wayans|Keenen Ivory Wayans (dupe 1)|Keenen Ivory Wayans/Jim Carrey|Keeno|Keep It Dark|Keerthi Sagathia|Keesha|Keff Ratcliffe|Kefia Rollerson|Kehlani|Kei Mizuki|Kei Yasui|Keifer Thompson|Keigo Atobe|Keiko Matsui|Keil Corcoran|Keir Dullea|Keira Knightley|Keira Knightley/Matthew MacFadyen|Keira Knightley/Mickey Rourke|Keira Knightley/Ralph Fiennes|Keisha|Keisha Buchanan|Keisha Castle-Hughes|Keisha Castle-Hughes/Oscar Isaac|Keisha Jackson|Keisha Renee|Keisha Spivey|Keisha White|Keisuke Kuwata|Keisuke Murakami|Keisuke Yamauchi|Keita Tachibana|Keite Young|Keith|Keith|Keith|Keith "Bass Drum Shorty" Frazier|Keith "Wonderboy" Johnson|Keith "Wonderboy" Johnson & The Spiritual Voices|Keith & Kristyn Getty|Keith & Kristyn Getty Kids|Keith Airey|Keith Allison|Keith Anderson|Keith Anderson|Keith Andrew|Keith Ape|Keith Baker|Keith Barbour|Keith Barney|Keith Barrow|Keith Beaton|Keith Blake|Keith Boyce|Keith Bradford|Keith Brion|Keith Brogdon|Keith Brooks|Keith Brooks & New Creation|Keith Brown|Keith Bryant|Keith Buckley|Keith Burns|Keith Caputo|Keith Carlock|Keith Carradine|Keith Christopher|Keith Clayton|Keith Colley|Keith Collins|Keith Coogan|Keith Crier|Keith Cullen|Keith David|Keith David/Tom Hanks|Keith Davis|Keith Dobbins And The Resurection Mass Choir|Keith Douglas|Keith Drover|Keith Duffy|Keith Edwards|Keith Ellis|Keith Emerson|Keith Evans|Keith Ferguson|Keith Fernley|Keith Flint|Keith Forsey|Keith Foster|Keith Frank|Keith Garrett|Keith Gattis|Keith Getty|Keith Girdler|Keith Glass|Keith Godchaux|Keith Goodwin|Keith Gordon/John Stockwell|Keith Green|Keith Hall|Keith Hampshire|Keith Harkin|Keith Harling|Keith Harrison|Keith Hayman|Keith Herman|Keith Hoerig|Keith Hopkin|Keith Hopwood|Keith Horne|Keith Howland|Keith Hudson|Keith Hunter/Witness For Christ Choir|Keith Jarrett|Keith Jarrett Trio|Keith Jarrett/Gary Peacock/Jack DeJohnette|Keith Johnson|Keith Jollimore|Keith Jones|Keith Jones|Keith Kane|Keith Karlson|Keith Kenniff|Keith Killgo|Keith Knudsen|Keith Kochanowicz|Keith Lancaster|Keith Langford|Keith Laws|Keith Lentin|Keith Levene|Keith Lewis|Keith Lockhart|Keith Lovell|Keith Mack|Keith Malley|Keith Martin|Keith Mayberry|Keith McCormack|Keith McDowell|Keith McKenzie|Keith Medley|Keith Mellington|Keith Menser|Keith Miller|Keith Milo|Keith Mitchell|Keith Mochel|Keith Moon|Keith Morris|Keith Moseley|Keith Mullin|Keith Murray|Keith Murray|Keith Nelson|Keith Nunnally|Keith Olsen|Keith Palmer|Keith Patrick|Keith Phares|Keith Pole|Keith Porter|Keith Potger|Keith Pringle|Keith Pringle & Pentecostal Comm. Choir|Keith Reid|Keith Relf|Keith Richards|Keith Roberts|Keith Robinson|Keith Rowley|Keith Semple|Keith Slettedahl|Keith Smart|Keith Spencer|Keith Staten|Keith Stegall|Keith Strickland|Keith Sweat|Keith Sweat & Silk|Keith Sykes|Keith Taylor|Keith Thompson|Keith Tippett|Keith Urban|Keith Walker|Keith Walters|Keith Washington|Keith West|Keith Whitley|Keith Wilder|Keith Wilkinson|Keith Williams|Keith Williams|Keith Winter|Keith Wonderboy Johnson|Keith Zorros|Keith Zurbrigg|Keithian Cherry|Keiyuu|Keizer en De Munnik|Keke Palmer|Keke Wyatt|Keko|Kel Mitchel|Kelan Luker|Kelby Ray|Kele|Kele Okereke|Kelela|Keli Roberts|Keli'i Kaneali'i|Kelis|Kellee|Kellee Patterson|Kelleigh Bannen|Kellen McGregor|Kellen Robson|Keller & the Keels|Keller Harbin|Keller Williams|Kelley Deal|Kelley Hunt|Kelley Mooney|Kelley O'Connor|Kelley Shepard|Kelley Turner|Kelli|Kelli Ali|Kelli Berglund|Kelli Dayton|Kelli Mack|Kelli O'Hara|Kelli Rich|Kelli Sae|Kelli Scott|Kelli Trainor|Kelli Williams|Kelli-Leigh|Kellie Coffey|Kellie Pickler|Kellie Sutherland|Kellii Scott|Kellin Manning|Kellin Quinn|Kelly Barnes|Kelly Bell|Kelly Bell Band|Kelly Bowling|Kelly Breeding|Kelly Brothers|Kelly Chapman|Kelly Charles|Kelly Clarkson|Kelly Clarkson Featuring Ronnie Dunn|Kelly Cook|Kelly David|Kelly David Smith|Kelly Divan|Kelly Dodson|The Kelly Family|Kelly Foxton|Kelly Franks|Kelly Garni|Kelly Goode|Kelly Gray|Kelly Groucutt|Kelly Hansen|Kelly Harland|Kelly Harper|Kelly Hogan|Kelly Joe Phelps|Kelly Jones|Kelly Keagy|Kelly Keeling|Kelly Kelekidou|Kelly Kiara|Kelly King|Kelly King|Kelly Lang|Kelly LeBrock|Kelly Lee Owens|Kelly Lemieux|Kelly Levesque|Kelly Littleton|Kelly Llorenna|Kelly Lynch|Kelly Mabasa|Kelly Marie|Kelly McGillis|Kelly Moneymaker|Kelly Nickels|Kelly Osbourne|Kelly Overett|Kelly Parkes|Kelly Pratt|Kelly Preston|Kelly Price|Kelly Price & Friends|Kelly Reno/Mickey Rooney|Kelly Repka|Kelly Rowland|Kelly Rudisill|Kelly Sciandra|Kelly Shiver|Kelly Slater|Kelly Snook|Kelly Street|Kelly Sweet|Kelly Towan|Kelly Warren|Kelly Willis|Kelly Wolf|Kellylee Evans|Kelmitt|Kelontae Gavin|Kelsea Ballerini|Kelsey B|Kelsey Grammer/David Hyde Pierce|Kelsey Harelson|Kelsey Kuther|Kelsi Osborn|Kelsie Daniels|Kelson Mathias|Kelvin Grant|Kelvin Jiménez|Kelvin Jones|Kelvin Swaby|Kelz|Kem|Kemal|Kemal Golden|Kemba|Kembe X|Kemet Crew|Kemi|Kemo|Kemo Mustapha|Kemu|Ken|Ken "Doc" Grace|Ken Andrews|Ken Arcipowski|Ken Ballone|Ken Bauer|Ken Bethea|Ken Block|Ken Bloom|Ken Burns|Ken Callahan|Ken Casey|Ken Chaney|Ken Coomer|Ken Cooper|Ken Cowan|Ken Craddock|Ken Crysler|Ken Domash|Ken Driscoll|Ken Evans|Ken Fletcher|Ken Floyd|Ken Ford|Ken Foree|Ken Foree/Scott Reiniger|Ken Forssi|Ken Fowler|Ken Goodloe|Ken Goorabian|Ken Greer|Ken Gurley|Ken Hammer|Ken Harck|Ken Hard|Ken Heaven|Ken Hensley|Ken Hirai|Ken Janz|Ken Jay|Ken Jensen|Ken Jordan|Ken Knox|Ken Leary|Ken Lewis|Ken Lewko|Ken Lockie|Ken Loi|Ken Marco|Ken Marshall|Ken Mary|Ken Mellons|Ken Montgomery|Ken Mosher|Ken Navarro|Ken Olin|Ken Osborn|Ken Owen|Ken Pattengale|Ken Ray|Ken Reynolds|Ken Smith|Ken Stacey|Ken Steorts|Ken Stott|Ken Stringfellow|Ken Susi|Ken Tamplin|Ken Utterback|Ken Vasoli|Ken Wahl|Ken Watanabe/Kazunari Ninomiya|Ken Whiteley|Ken Williams|Ken Yokoyama|Ken-Y|Kena Epps|Kenan Thomas/Kyla Pratt|Kenan Thompson|Kendall Bechtel|Kendall Jones|Kendall K|Kendall Morgan|Kendall Payne|Kendall Schmidt|Kendall Schmidt|The Kendalls|Kendi|Kendji Girac|Kendl|Kendo Kapponni|Kendra|Kendra Erika|Kendra Morris|Kendrick Lamar|Kendrick Scott Oracle|Kene Nobi|Keni Burke|Keni St. Lewis|Keni Thomas|Kenia Rios|Kenichi Suzumura|Kenji Brown|Kenji Chan|Kenji Furuya|Kenji Kawai|Kenji Ozawa|Kenji Sawada|Kenji Suzuki|Kenji Wu|Kenji Wu|Kenji Wu|Kenji Wu|Kenji Wu|Kenji Wu Featuring.Angel Mo|Kenlou|Kenly|Kenn Ball|Kenn Ellner|Kenn Jackson|Kenn Retro|Kenn Retro Featuring Gabriela Francesca|Kenna|Kennard And John|Kennedy Brock|Kennedy Jones|Kenneth "Babyface" Edmonds|Kenneth "Spider Webb" Rice|Kenneth "Wally" Kelly|Kenneth Austin|Kenneth Bichel|Kenneth Branagh|Kenneth Branagh/Julie Christie|Kenneth Cope|Kenneth Dawson|Kenneth Faulk|Kenneth Gant|Kenneth Harris|Kenneth Jackson|Kenneth Kapstad|Kenneth Lloyd Dayes|Kenneth Mangram|Kenneth Martin & Voices In Praise|Kenneth Martin And The Voices of Praise|Kenneth Martin And Voices In Praise|Kenneth More|Kenneth Olsen|Kenneth Schalk|Kenneth Seil|Kenneth Smith|Kenneth Tobey|Kenneth Welsh|Kenneth Whalum III|Kenneth Woods|Kenney Jones|Kenni Huskey|Kennie Delt And Prana|Kenny|Kenny "Babyface" Edmonds|Kenny "Dope" Gonzalez|Kenny Aaronson|Kenny Ames|Kenny Arehart|Kenny Aronoff|Kenny B Devine|Kenny B.|Kenny B. Devine|Kenny Ball|Kenny Ball & His Jazzmen|Kenny Ball and his Jazzmen|Kenny Barron|Kenny Barron Trio|Kenny Bee|Kenny Bernard|Kenny Blair|Kenny Blake|Kenny Bobien|Kenny Brady|Kenny Bridges|Kenny Burrell|Kenny Burrell & Grover Washington|Kenny Burrell & The Jazz Guitar Band|Kenny Buttrey|Kenny Carr|Kenny Chaisson|Kenny Chandler|Kenny Chesney|Kenny Choi|Kenny Clarke|Kenny Cohen|Kenny Copeland|Kenny Dale|Kenny Davis|Kenny Dino|Kenny Dope|Kenny Doss|Kenny Drew, Jr.|Kenny Earle|Kenny Edwards|Kenny Eldridge|Kenny Eldridge & The Jesus Celebration Mass Choir|Kenny Florence|Kenny Florian|Kenny Flyy|Kenny Fradley|Kenny G|Kenny G|Kenny Garrett|Kenny Gradney|Kenny Graham And His Satellites|Kenny Griffin|Kenny Hadley|Kenny Håkansson|Kenny Hickey|Kenny Hillery|Kenny Hodges|Kenny James|Kenny Jeremiah|Kenny Kanowski|Kenny Karen|Kenny Kelly|Kenny Khoo & Wayne Huang|Kenny Kirkland|Kenny Kweens|Kenny Lattimore|Kenny Lattimore & Chante Moore|Kenny Lee Lewis|Kenny Lewis|Kenny Lewis|Kenny Lewis & One Voice|Kenny Livingston|Kenny Loggins|Kenny Lyons|Kenny MacLean|Kenny Malone|Kenny Margolis|Kenny Marks|Kenny Martin|Kenny McKeeve|Kenny Montgomery|Kenny Morris|Kenny Neal|Kenny Nolan|Kenny O'Dell|Kenny Ortiz|Kenny Passarelli|Kenny Pedersen|Kenny Pettus|Kenny Pore|Kenny Price|Kenny Rankin|Kenny Rogers|Kenny Rogers|Kenny Rogers & Dottie West|Kenny Rogers & the First Edition|Kenny Rogers/Dolly Parton|Kenny Ryan|Kenny Schick|Kenny Sears|Kenny Seratt|Kenny Serratt|Kenny Sexton|Kenny Seymour|Kenny Sinclair|Kenny Smith|Kenny Smith|Kenny Smith|Kenny Smith|Kenny Starr|Kenny Thomas|Kenny Vance|Kenny Vaughan|Kenny Vaughn|Kenny Venegas|Kenny Vernon|Kenny Washington|Kenny Wayne Shepherd|The Kenny Wayne Shepherd Band|Kenny Werner|Kenny Wertz|Kenny Wheeler|Kenny Williams|Kenny Wollesen|Kenny Young|Kenny Zimlinghaus|KENOLY BROTHERS|The Kenoly Brothers|Kenosis|Kenshi Yonezu|Kensho|Kensho Ono|Kensington|Kensington Theatre Ensemble|Kent|Kent|Kent Bottenfield|Kent Fox|Kent Garrison|Kent Henry|Kent Jones|Kent Morrill|Kent Nagano|Kent Racker|Kent Wood|Kent Y Tony|Kentaro Kobuchi|Kenton Chen|Kenton Dunson|Kenton Loewen|Kenton Rogers|Kentrell|Kentrell Ragin|The Kentucky Colonels|The Kentucky Headhunters|Kenwyn House|Keny Arkana|Kenya Gruv|Kenya Hadley|The Kenyan Boys Choir|Kenza Farah|Kenzie May|Kenzo|Keo Nozari|Keoki|Keola Beamer|Keon Bryce|Kephren|Kepler Quartet|Keplyn|Kera|Kera Kera|Kerakera|Kerbera|Keren Ann|Keren Woodward|Keri Hilson|Keri Kelli|Keri Lewis|Keri Noble|Keri Russell|Keri Russell/Nathan Fillion|Kerima|Kerith Marcantonio|Kerli|Kermit (Jim Henson)|Kermit Ruffins|Kermit the Frog|Kero Kero Bonito|Kero One|Kerr Belliveau|Kerri Chandler|Kerri Green|Kerri Kendall|Kerrie Roberts|Kerry Chater|Kerry Ellis|Kerry Finerty|Kerry Fox|Kerry Harvick|Kerry Hatch|Kerry Jacobson|Kerry Katona|Kerry King|Kerry Livgren|Kerry Magness|Kerry Muzzey|Kerry Ryan|Kerser|Kerstin Ott|Kery James|Kery James Featuring K-libre13|Kesha|Keshia Chanté|Kesi|Kesington Kross|Ket-Ill|Ketama|Ketcham Secor|Keti Garbi|Ketsia|Ketsumeishi|Kettcar|Ketty Lester|Kev|Kev Adams|Kev Brown|Kev Dosdale|Kev!n|Kevan Staples|Kevin|Kevin|Kevin "Chocolate Droppa" Hart Featuring Lil Yachty & PnB Rock|Kevin "K.O." Olusola|Kevin & Bean|Kevin Abstract|Kevin Allen|Kevin And Bean|Kevin Anderson|Kevin Andrews|Kevin Arrowsmith|Kevin Aviance|Kevin Axt|Kevin Bacon|Kevin Bacon/Elisabeth Shue|Kevin Bacon/Garrett Hedlund|Kevin Bacon/Jennifer Beals|Kevin Bacon/John Lithgow|Kevin Bacon/Kyra Sedgwick|Kevin Bacon/Tom Aldredge|Kevin Baird|Kevin Baldes|Kevin Barnes|Kevin Batchelor|Kevin Bazinet|Kevin Bebout|Kevin Bennett|Kevin Bernhagen|Kevin Blair|Kevin Bond|Kevin Borg|Kevin Boutot|Kevin Brandow|Kevin Breuner|Kevin Burke|Kevin Cadogan|Kevin Call|Kevin Ceballo|Kevin Chalfont|Kevin Chase|Kevin Clark|Kevin Clark|Kevin Clark|Kevin Clash/Mandy Patinkin|Kevin Coleman|Kevin Congleton|Kevin Conneff|Kevin Connolly|Kevin Connolly/Adrian Grenier|Kevin Cossom|Kevin Costner|Kevin Costner & Modern West|Kevin Costner/Ashton Kutcher|Kevin Costner/Charles Martin Smith|Kevin Costner/Demi Moore|Kevin Costner/Kelly Preston|Kevin Costner/Kurt Russell|Kevin Costner/Paula Patton|Kevin Costner/Susan Sarandon|Kevin Cramblet|Kevin Cronin|Kevin Cunningham|Kevin Currie|Kevin Davidson & The UCICC Fellowship Choir|Kevin Denney|Kevin Devine|Kevin Dillon|Kevin Dorr|Kevin Drew|Kevin Drumm|Kevin DuBrow|Kevin Edmonds|Kevin Elliman|Kevin Eubanks|Kevin Faulk|Kevin Faye|Kevin Federline|Kevin Fennell|Kevin Figueiredo|Kevin Fowler|Kevin Frederick|Kevin Garcia|Kevin Gardner|Kevin Garrett|Kevin Garvin|Kevin Gates|Kevin Godley|Kevin Griffin|Kevin Griffin|Kevin Hammond|Kevin Hammond|Kevin Harper|Kevin Harris|Kevin Hart|Kevin Hart|Kevin Haskins|Kevin Hayes|Kevin Hays|Kevin Hearn|Kevin Hedge|Kevin Hendrick|Kevin Horan|Kevin Huguley|Kevin Hunter|Kevin Irving|Kevin J. Frank|Kevin James|Kevin James/Jayma Mays|Kevin James/Leah Remini|Kevin Jardine|Kevin Jarido & Nu Virtue|Kevin Jenkins|Kevin Jeremiah|Kevin Johnson|Kevin Jonas|Kevin Jones|Kevin Kane|Kevin Kelley|Kevin Kern|Kevin Kiehn|Kevin Kiner|Kevin Kinsella|Kevin Kirkwood|Kevin Kline|Kevin Koch|Kevin Krauter|Kevin L|Kevin Laing|Kevin Lamb|Kevin Lane|Kevin LaVar|Kevin Lemons & Higher Calling|Kevin Lenear|Kevin Levar|Kevin Levar & One Sound|Kevin LeVar And One Sound|Kevin Long|Kevin Lynch|Kevin Lynn|Kevin Lyttle|Kevin Lyttle|Kevin Mahogany|Kevin Mallon|Kevin March|Kevin Martin|Kevin Martin|Kevin Martin|Kevin Matisyn|Kevin Max|Kevin Max Smith|Kevin McAdams|Kevin McCall|Kevin McCarthy|Kevin McClain|Kevin McCoy|Kevin McCreery|Kevin McFadden|Kevin McHale|Kevin McKidd|Kevin McKidd/Ray Stevenson|Kevin Michael|Kevin Miller|Kevin Mills|Kevin Montana|Kevin Moore|Kevin Moore|Kevin Morby|Kevin Morse|Kevin Mulligan|Kevin Murphy|Kevin Murphy|Kevin Nance|Kevin Nonnan|Kevin O'Brien|Kevin O'Neal|Kevin O'Neil|Kevin O'Toole|Kevin Ortiz|Kevin Owens|Kevin Page|Kevin Paige|Kevin Palmer|Kevin Parent|Kevin Parker|Kevin Patricks|Kevin Pauls|Kevin Pearce|Kevin Peek|Kevin Pollak|Kevin Pousch|Kevin Quinn|Kevin Quirion|Kevin Raleigh|Kevin Rampelberg|Kevin Randolph|Kevin Ratterman|Kevin Ray|Kevin Reed|Kevin Richardson|Kevin Roberson|Kevin Robinson|Kevin Robinson|Kevin Roldan|Kevin Ross|Kevin Rowland|Kevin Rudolf|Kevin Russell|Kevin Russell|Kevin Russell|Kevin Rutmanis|Kevin Sanders|Kevin Saunderson|Kevin Schaffer|Kevin Scott MacMichael|Kevin Seaton|Kevin Seconds|Kevin Selfe|Kevin Sharp|Kevin Shepard|Kevin Sherwood|Kevin Shields|Kevin Simm|Kevin Skaff|Kevin Smith|Kevin Snow|Kevin Sorbo|Kevin Spacey|Kevin Spacey/Annette Bening|Kevin Spacey/Danny DeVito|Kevin Spacey/Helen Hunt|Kevin Spacey/Jeff Bridges|Kevin Spacey/Judi Dench|Kevin Spacey/Kate Winslet|Kevin Spacey/Russell Crowe|Kevin Spirtas|Kevin Stanton|Kevin Stephenson|Kevin Stevenson|Kevin Talley|Kevin Tandu|Kevin Thigpen|Kevin Thompson|Kevin Thornton|Kevin Tighe|Kevin Tighe/Randolph Mantooth|Kevin Toney|Kevin Traynor|Kevin Truckenmiller|Kevin Valentine|Kevin Van Hentenryck|Kevin Vasser|Kevin Vaughn|Kevin Walker|Kevin Wallace|Kevin Welch|Kevin Whately|Kevin White|Kevin White|Kevin Whitlock|Kevin Wilkinson|Kevin Williams|Kevin Wynne|Kevin Young|Kevin Zegers|KevJumba|Kevn Kinney|Kevon Edmonds|Kevyn Lettau|Kewdy De Los Santos|Kewin Cosmos|The Key of Awesome|Key Players|Key to Life|KeY Wayne|KEY!|Key-Kool|Keyakizaka46|Keylime|Keyon Harrold|Keys 'N Krates|Keys N Krates|Keyshia Cole|Keystone|KeyTalk|Kez Namdi|Keziah Jones|Keznamdi|Kezzy|KFC|KG|KG duet with Nao Yasuda|KGB|Khadejia|Khaela Maricich|Khaled|Khaleel|Khalid|Khalid Abdalla/Homayoun Ershadi|Khalil|Khalil Fong|Khalil Fong|Khalil Fong|Khalil Fong & Fiona Sit|Khalil Fong Feat. Zion.T & Crush|Khalil Fong, Fifi Rong|Khalil Fong, Jane Zhang|Khatia Buniatishvili|Khayree|Khelo Thomas|Khemistry|Khia|Khiry Abdulsamad|Khiry Samad|Khleo Thomas|KHM|Khrebto|Khriz|Khriz John|Khujo|Khujo Goodie|Khun Narin|Khurt Maier|KHZ|Ki:Theory|Kia Shine|Kia Thornton|Kian Egan|Kiani|Kianna Alarid|Kianush|Kiara|Kiara|Kiara|Kiasmos|Kibum|Kick Axe|Kick the Can Crew|Kickball Katy|Kickin Valentina|Kicking Daisies|Kickraux|The Kid|Kid 'N Play|Kid 606|Kid Bangham|Kid Capri|Kid Chaos|Kid Congo Powers|Kid Connection|Kid Creole|Kid Creole & the Coconuts|Kid Cudi|Kid Cudi Featuring Kendrick Lamar|Kid Cudi Featuring Willow Smith|Kid Culture|The Kid Daytona|Kid Frost|Kid Harpoon|Kid Ink|Kid Johnny|Kid Kenobi|Kid Koala|Kid Koala Featuring Emiliana Torrini|Kid Kutta|Kid Massive|Kid Millions|Kid Power Posse|Kid Quill|Kid Ramos|Kid Reid|Kid Rhino Read-Along|Kid Rock|Kid Rock & The Twisted Brown Trucker Band|Kid Savant|Kid Sensation|Kid Simius|Kid Sister|Kid's Dance Express|Kid3rd|Kidd|Kidd Kidd|Kidd Nuutron|Kidd Star|Kiddo|Kiddou|Kideko|Kidnap Kid|Kids|Kids At Work|Kids Choir|Kids Choir|Kids in Glass Houses|Kids In The Hall|Kids in the Way|The Kids Next Door|Kids of 88|Kids Picks Singers|Kids Praise Singers|Kids Singers|Kids United|Kids' Praise! Company|Kids4Hymn|KidSing!|Kidsongs|KidToniK|Kidz Bop Kids|Kidz in the Hall|Kidzone|Kidzup|Kiefer Sutherland|Kiefer Sutherland/Carlos Bernard|Kiefer Sutherland/Cherry Jones|Kiefer Sutherland/Dennis Haysbert|Kiefer Sutherland/Mary Lynn Rajskub|Kiefer Sutherland/Paula Patton|Kiely Rich|Kiely Williams|Kiera Dignam|Kiera Weathers|Kieran|Kieran|Kieran|Kieran Alleyne|Kieran Kane|Kieran Smiley|Kieran Webster|Kieron|Kierra "KiKi" Sheard|Kierra Sheard|Kiesha Red|Kiesza|Kieu Chinh|Kiev|Kiev Chamber Choir|Kii Kitano|Kiiara|Kiiara Featuring Felix Snow|Kik Tracee|Kika|Kika Edgar|Kike Play|Kiki Dee|Kiki Dee Band|Kiki Hitomi|Kiki Rowe|Kiki Rowe|Kiki Rowe featuring Khalil|Kiki Zheng|Kikin y Los Astros|Kiko|Kiko & Shara|Kiko Cornejo|Kiko Montalvo|Kiko Motos|Kiko Rivera|Kiko Rodriguez|Kikrokos|Kila|Kilates|Kilauea|Kile Brewer|Kiley Dean|Kiley Ryan|Kilgore|Kill Creek|Kill Devil Hill|Kill Devil Hill|Kill Hannah|Kill It Kid|Kill Paradise|Kill Paris|Kill the Buzz|Kill the Noise|Killa 3|Killa Bams|Killa Beez|Killa C|Killa Kyleon|Killa Sin|Killa Tay|Killafornia Organization|Killagraham|Killah Priest|Killarmy|Killbot|KILLCODE|The Killer and the Star|Killer Be Killed|Killer Bunnies|Killer Dwarfs|Killer Mike|Killerpilze|The Killers|The Killers|Killian Mansfield|Killing Joke|The Killjoy Club|The Kills|Killsonik|Killswitch Engage|Killy Yuan|Kilo|Kilo Ali|Kilo Bale|Kilo Kish|Kim|Kim & Skyler|Kim Anderson|Kim Angelis|Kim Appleby|Kim Basinger|Kim Beacham|Kim Berly|Kim Bo Kyung|Kim Boyce|Kim Bullard|Kim Bum Soo|Kim Bum Soo|Kim Bum Soo|Kim Bum Soo & Lena Park|Kim Burrell|Kim Burrell and Pharrell Williams|Kim Cameron|Kim Carnes|Kim Cataluna|Kim Cattrall|Kim Cesarion|Kim Charles|Kim Chi|Kim Churchill|Kim Churchill.|Kim Coletta|Kim Collingsworth|Kim Cooper|Kim Criswell|Kim Davis|Kim de Boer|Kim De Los Santos y su orquesta|Kim Deal|Kim Delaney|Kim Delaney/Catherine Bell|Kim Deschamps|Kim Do Hyun|Kim Dong Hee|Kim Dong Kyu|Kim Dong Ryul|Kim Dong Ryul (Feat. Park Sae Byul)|Kim English|Kim Esty|Kim Fanlo|Kim Fields|Kim Forester|Kim Fowley|Kim Frank|Kim Gardner|Kim Gordon|Kim Grayson|Kim Green|Kim Greist|Kim Gun Mo|Kim Gun Mo (Feat. PDIS)|Kim Hark|Kim Herold|Kim Hill|Kim Hill|Kim Hill|Kim Hyun A|Kim Hyun Joong|Kim Jae Joong|Kim Jang Hoon|Kim Jang Hoon & Crayon Pop|Kim Jang Hoon & Kim Hee Chul|Kim Ji Su|Kim Ji Su & Taru|Kim Ji Su & Vanilla Acoustic|Kim Jo Han|Kim Jo Han & Mir & Lee Joon|Kim Jo Han (Feat. Shim Min Ah)|Kim Johnson|Kim Jong Kook|Kim Jong Kook|Kim Jong Kook|Kim Jong Min (Feat. Gilme)|Kim Jung Min, Kiroy Y|Kim Junsu|Kim Kardashian|Kim Kashkashian|Kim Keu Rim|Kim Kopf|Kim Kyu Jong (SS501)|Kim Kyung Ho|Kim Kyunghee|Kim Larsen|Kim Larsen & Kjukken|Kim Leoni|Kim Lukas|Kim McFarland|Kim Miller|Kim Min Jong|Kim Mitchell|Kim Morgan|Kim Moyes|Kim Na Young|Kim Nazarian|Kim Nekroman|Kim Novak|Kim Pensyl|Kim Petras|Kim Pommell|Kim Porter|Kim Rantala|Kim Richards|Kim Richardson|Kim Richey|Kim Rutherford|Kim Ruzz|Kim Sanders|Kim Schifino|Kim Scott|Kim Simmonds|Kim Sledge|Kim Smith|Kim So Jung|Kim Soo Hyun|Kim Sozzi|Kim Stockwood|Kim Stone|Kim Stratton|Kim Sun Ah, Lee Dong Wook|Kim Sung Kyu|Kim Sung Kyun|Kim Tae Woo|Kim Thayil|Kim Urhahn|Kim Venable|Kim Wagner|Kim Walker-Smith|Kim Walker-Smith & Skyler Smith|Kim Wan sun & Yong Jun Hyung|Kim Warnick|Kim Waters|Kim Weston|Kim Whalen|Kim Wilde|Kim Wilson|Kim Won Joo (4Men)|Kim Wuletich|Kim Yeon Ji|Kim Yong Im|Kim Yonja|Kim Yun Woo|Kim Yuna|Kim Zolciak|Kim-Lian|KimaguRake|Kimaguren|Kimara Lovelace|Kimary Carrero|Kimber|Kimber Rising|Kimberley Conrad|Kimberley Locke|Kimberley Rew|Kimberley Walsh|Kimberly Anne|Kimberly Caldwell|Kimberly Cole|Kimberly Davis|Kimberly Elise/Clifton Powell|Kimberly Elise/Steve Harris|Kimberly Goss|Kimberly Nichole|Kimberly Perry|Kimberly Roads|Kimberly Schlapman|Kimberly Scott|Kimberly Springs|Kimberly Williams-Paisley/Tom Cavanagh|Kimberly Wyatt|Kimble Rendall|Kimblee|Kimbra|Kimi Qiao|Kimi Qiao|Kimi Qiao|Kimi Qiao, A Qiao|Kimie|Kimjomi|Kimmo Suomalainen|Kimono Kult|Kimya Dawson|The Kin|Kin Vassy|Kina|Kina Grannis|Kinane|Kincaid Smith|Kinder|Kinderen voor Kinderen|Kindness|Kindness|The Kindred|Kindred the Family Soul|Kinetics & One Love|Kinetik Control|Kinfolk|Kinfusion|King|King|The King|KING (dupe 1)|King 810|King Africa|King Amazing|King Arthur|King B|King Bach|King Baptist Church Mass Choir|King Brain|King Britt|King Buzzo|King Chain|King Charles|King Chip|King Coffey|King Cotton|King Crimson|King Curtis|King Curtis & The Kingpins|King Curtis & The Noble Knights|King Deco|King Diamond|King Dream Chorus & Holiday Crew|King Edward Iv|King Edward Iv And The Knights|King Errison|King Errisson|King Family|King Floyd|King George|King Gizzard & the Lizard Wizard|King Gizzard And The Lizard Wizard|King Hannibal|King Harvest|King Henry|King Jacob|King James|King James Version|King Jammy|King Jay|King Just|King Khan & The Shrines|King Kosa|King Krule|King L|King Lil G|King Los|King Melrose|King Mez|King Midas Sound|King Missile|King of the Hill|King ov Hell|King Pins|King Richard's Fluegel Knights|King Sun|King Sun-D. Moet|King Sunny Ade|King Sunny Ade & His African Beats|King Swamp|King Tat|King Tech|King Tee|King Tuff|King Wilkie|King Woman|King's College Choir of Cambridge|King's College Choir, Cambridge|King's X|The Kingbees|Kingdm|Kingdom|Kingdom|Kingdom|Kingdom|Kingdom (dupe 1)|Kingdom Come|Kingdom Heirs|Kingdom of Giants|Kingdom of Sorrow|Kingfish|Kingmaker|Kingofthehill|Kingpen Slim|Kingpin Skinny Pimp|The Kingpins|Kings|The Kings|Kings Dead|Kings Go Forth|Kings Kaleidoscope|Kings of Convenience|Kings Of Leon|Kings of Leon|Kings of Pressure|Kings Of Regueton|Kings of Swing|Kings of Swing|The Kings of Swing Orchestra|Kings of the Sun|Kings of Tomorrow|Kingsdown|Kingsfoil|The Kingsmen|The Kingsmen|Kingspade|Kingston International Allstars|Kingston Symphony Orchestra|The Kingston Trio|Kingsway Music|Kingswood|Kinito Méndez|KinKade|KinKi Kids|The Kinks|Kinky|Kinky Friedman|Kinleys|Kinll Petrenko|Kinny|Kino Watson|Kinsman Dazz|Kinsmen|Kinsu|Kinsui|Kinto Sol|Kiotti|Kip|Kip Kubin|Kip Leming|Kip Moore|Kip Winger|Kipper Jones|Kippi Brannon|Kira|Kira|Kira Isabella|Kira Isabella & Tyler Shaw|Kiran Ahluwalia|Kiran Shahani|Kirby Campbell|Kirby Charles Johnson|Kirby Coleman|Kirby St. Romain|Kirby Stone|Kirby Stone Four|Kiri Te Kanawa|Kiri Te Kanawa (Riddle)|Kiri Te Kanawa, Jeremy Irons|Kiri With Nelson Riddle And His Orchestra|Kiril Kondrashin|Kirill Gerstein|Kirill Karabits|Kirinji|Kiris Houston|Kirito|Kirk|Kirk Andres Wilson|Kirk Arrington|Kirk Brandon|Kirk Cameron|Kirk Cameron/Brad Johnson|Kirk Cameron/Erin Bethea|Kirk Davis|Kirk Douglas|Kirk Douglas/James Mason|Kirk Fletcher|Kirk Franklin|Kirk Franklin & the Family|Kirk Franklin Presents 1NC|Kirk Frederickson|Kirk Hammett|Kirk Huffman|Kirk Joseph|Kirk Knight|Kirk Kolaitis|Kirk Pengilly|Kirk Powers|Kirk Smithhart|Kirk Sullivan|Kirk Tatom|Kirk Whalum|Kirk Wilson|Kirk Windstein|Kirka|Kirko Bangz|Kirko Bangz Featuring YG & Yo Gotti|Kirmesmusikanten|Kiro|Kiroro|Kiros|Kirov Orchestra|Kirov Orchestra (Gergiev)|Kiroy Y, Kim Jung Min|Kirsi Kahkonen|Kirsten Dunst|Kirsten Dunst/Ben Foster|Kirsten Dunst/Denise Richards|Kirsten Dunst/James Woods|Kirsten Dunst/Jason Schwartzman|Kirsten Dunst/Jay Hernandez|Kirsten Dunst/Michelle Williams|Kirsten Flagstad|Kirsten Strohecker|Kirstie Alley/Ellen Barkin|kirstin|Kirstin|Kirsty|Kirsty Hawkshaw|Kirsty MacColl|Kiryu|Kis-My-Ft2|Kisa Magnusson|Kish|Kishi Bashi|Kishidan|Kisino|Kiss|Kiss|Kiss Daniel|Kiss Daniel|Kiss the Sky|The Kissboyz|Kissin/Berlin Philharmonic (Karajan)|Kissing the Pink|Kissy Sell Out|Kisum|Kit Chan|Kit Chan|Kit Chan|Kit Clark|Kit Yu|Kita|Kitagawa Daisuke|Kitao Kazuhito|Kitaro|Kitchens of Distinction|Kito & Reija Lee|Kitten|Kittie|Kitty|Kitty & The Haywoods|Kitty Cleveland|Kitty Durham|Kitty Kallen|Kitty Wells|Kitty, Daisy & Lewis|Kittyhawk|Kiuldret|Kiwi Dreams|Kiwi Dreams Featuring Darrell Martin|Kiwi Dreams Vs. Hard Attack|Kix|Kix Brooks|Kiya Heartwood|Kiyana|Kiyoharu|Kiyohiko Ozaki|Kiyoshi Hikawa|Kiyoshi Kitagawa|Kiyoshi Maekawa|Kiyoshiro Imawano|Kizzy Rock|KJ Rose|KJ Scriven|KJ Thorarinsson|KJ-52|Kjartan Sveinsson|Kjell Runar Jenssen|Kjettar|KK|Klaas|Klaas Janzoons|Klaasje Van der Wal|Klaatu|Klangkarussell|Klangkuenstler|Klara Söderberg|KlarKent|Klas Åhlund|Klas Bergwall|Klas Rydberg|Klasico|Klass|Klass Band Brotherhood|Klaus Arp|Klaus Badelt|Klaus Dinger|Klaus Doldinger|Klaus Eberhartinger|Klaus Eichstadt|Klaus Gesing|Klaus Kinski|Klaus Krieger|Klaus Maria Brandauer|Klaus Meine|Klaus Roeder|Klaus Schulze|Klaus Tennstedt|Klaus Voormann|Klaxons|Klaypex|Klazz Brothers|Klea|Klee|Kleeer|Kleerup|Klein And Mbo|Klemens Scnorr|Kleo|The KLF|Kliei-Mei|Kliff McBurtney|Kliff McBurtney|Klimmstein|Klingande|Klingande Featuring Broken Back|Klinte Jones|Klique|Kllo|KLM Music|Klo Pelgag|Klockwize|Klone|Kloud 9|Klovner i Kamp|Klubbb3|Klubbheads|Klubfiller|Klumben|Klyde Jones|Klymaxx|KM Sufi Ensemble|KMC|KMC|KMC|Kmelz|KMFDM|KMFDM Featuring Chrissie DeWinter|KMFDM/Thrill Kill Kult|KMG the Illustrator|KMM Dan|KMW|Kn|The Knack|The Knack|Knee Deep|Kneebody|The Knickerbockers|The Knife|Knife & Fork|Knife Party|Knight Breed|Knightowl|The Knights|The Knights|Knightsbridge Strings|KNK|Kno|Knoc-Turn'al|Knock|Knock Out|Knock Out Monkey|Knocked Loose|Knockhopper|The Knockouts|The Knocks|Know Hope Collective|The Know How|Knower|KNOWER|Knowledgable Child|Knox Brown|Knox Chandler|Knox Fortune|Knox Hamilton|Knuckle Puck|Knucklehedz|Knumskul|The Knux|Knxwledge|KO|Ko Ko Taylor|Koa'Uka|Koan Sound|Koauka|Kobe|Kobe Bryant|Kobie Jackson|Kobie Powell|Kobo Town|Kobojsrna|Kobra and the Lotus|Kobukuro|Koby Funk|Kocky|Koda|Kodak Black|Kodak Black Featuring Gucci Mane|Kodaline|Kodály Quartet|Kodi Smit-McPhee|Kodiak|Kodie Shane|Kodo|Kodo with Isao Tomita|Koe Wetzel|Koen Groeneveld|Koen Lieckens|Koffee Brown|Koffie|Kofi|Kofi Burbridge|Kofy Brown|Kohala|Kohei Dojima|Kohei Fukuda|Kohh|Kohmi Hirose|Kohomua|Kohta|Koichi Domoto|Koichi Fukuda|Koinoia|Koishii & Hush|Koji|Koji Handa|Koji Kondo|Koji Yakusho|Kokab|Kokane|Koke Montes|Koko|Koko LaRoo|Koko Taylor|Koko-Pop|Kokomo|Kokomo|Kokomo Jo|Kokua|Kol Marshall|Kolacny Brothers|KOLAJ|Kolby Koloff|Kolibrí Díaz|Kolja|Kollegah|Kollo, Lemper, Milva (Mauceri)|Kollosus|Kolohe Kai|Kolors|Kolorz|Kolsch|Kölsch-Stunde|Kombi|Kombii|Kombo|Komiko|KompoZur|Komputer|Kon Artis|Kon Kan|Koncrete Level|Kondi Band|Konfetti-Kanounen|Kong|Kongar-ol Ondar|Kongas|Kongos|Kongsted|Konishi Yasuharu|Konk|Konomi Suzuki|Konono No. 1|Konrad "Bobby" Schottkowski|Konrad Meissner|Konrad Ruhland|Konshens|Konstantin|Konstantin Khabensky/Mariya Poroshina|Konstantina|Konstantinos Argiros|Konstantinos Argyros|Konstantinos Tsahouridis|Konstantinos Vita|Kontra K|Konzentido de Afid Ferrer|Konzerthaus Kammerochester Berlin|Konzertvereinigung Wiener Staatsopernchor|The Kooks|Kool|Kool|Kool & Klean|Kool & the Gang|Kool & Together|Kool A.D.|Kool Ace|Kool Akiem|Kool G Rap|Kool G Rap & D.J. Polo|Kool John|Kool Kat|Kool Keith|Kool Kim|Kool Moe Dee|Kool Rock-Ski|Kool Savas|Kool Shen|Kool Skool|Kool Tee|Kool&Klean|Koolade|Koolade Featuring Masta Ace|Koolworld Productions|Koop|Koop Arponen|Koop.|Koopsta Knicca|Kopana Terry|Kopecky|Kopecky Family Band|Kopek|Kopper|KOPPS|Kops|Koraly|Koran Daniels|Korede Bello|Koreless|Korey Cooper|Korey Horn|Korey Jones|Korey Mickie|The Korgis|Kori Gardner|Koriass|Korn|Korn Featuring Corey Taylor|Kornell Hargrove|Korona|Korpiklaani|Korpiklaani|Korr-A|Kortney & Dave|Kortney Kayle|Kory Bard|Kory Caudill|Kory Clarke|Kory Knipp|Koryn Hawthorne|Kos|Kosha Dillz|Kosheen|Koshi Inaba|Kosho|Kosplay|Kossak|Kostas Karafotis|Kostas Leivadas|Kostas Livadas|Kostas Makedonas|Kostas Martakis|Kotitellisuus|Kotoko|KOTOKO×ALTIMA|Kotomi Maki|Kottonmouth Kings|Kou Shibasaki|Kourtney Kelly|Kousuke Atari|Kouya Nitta|Kovacs|Kovacs|Kovas|Kowadiz|Koxie|Koyote|Koza Mostra|KP Fitz|KQRS Morning Crew|KR|Kra|Kraak & Smaak|Kraantje Pappie|Kraddy|Kraftklub|Kraftwerk|Krafty Kuts|Kraig Johnson|Kraig Tyler|Kralle Krawinkel|Kramer|Kranium|Krash Man|Krassimira Stoyanova|Krawallbrüder|Krayzie Bone|Kraze|Krazee|Krazi & Judo|Krazy|KRD8|KREAM|Kreator|Kreators|Kreayshawn|Kree Harrison|Kreesha Turner|Kreisel|Kremerata Baltica|Kreo|Kreo'|Krept|Krept & Konan|Kreva|KREVA Feat. Mao Abe|Krewella|Kreyol La|Krezip|Krief|Kringkastingsorkestret|Kris|Kris Aaron|Kris Abbott|Kris Allen|Kris Barman|Kris Bentley|Kris Blight|Kris Bowers|Kris Carpenter|Kris Cowperthwaite|Kris Delmhorst|Kris Dollimore|Kris Dörfer|Kris Jensen|Kris Klein|Kris Kohls|Kris Kristofferson|Kris Kross|Kris Kross Amsterdam|Kris McCaddon|Kris Menace|Kris Myers|Kris Norris|Kris Orlowski|Kris Roberts|Kris Roe|Kris Stephens|Kris Tyler|Kris Weston|Kris Wiechmann|Kris Wu|Kris Wu|Kris Wu|Kris Wu|Kris Wu|Kris Wu, Tan Jing|Kris Wu-Bad Girl|Kris/Aaron|Krishna Das|Krispy|Krispy Kreme|Krissy|Krist Novoselic|Krist, Singto|Krista|Krista Marie|Krista Richards|Kristan Mallory|Kristel|Kristel Edwards|Kristel Verbeke|Kristen Bell|Kristen Bell/Ian Somerhalder|Kristen Bell/Jason Dohring|Kristen Bell/Percy Daggs III|Kristen Henderson|Kristen Hersh|Kristen Kelly|Kristen Kreuk|Kristen May|Kristen McGee|Kristen Merlin|Kristen Pfaff|Kristen Schaal|Kristen Scott Thomas|Kristen Stewart|Kristen Stewart/Corbin Bleu|Kristen Stewart/Dylan McDermott|Kristen Stewart/Robert Pattinson|Kristen Wiig|Kristene DiMarco|Kristian Bob|Kristian Bush|Kristian Bush|Kristian Hallbert|Kristian Hopes|Kristian Kostov|Kristian Leontiou|Kristian Niemann|Kristian Sandorff|Kristian Schultze|Kristian Stanfill|Kristian Syvertsen|Kristian Tonby|Kristianna Loken|Kristii|Kristiina Wheeler|Kristin|Kristin Amparo|Kristin Andreassen|Kristín Anna Valtýsdóttir|Kristin Baio|Kristin Cavalleri|Kristin Chenoweth|Kristin Garner|Kristin Hersh|Kristin Jacobs|Kristin Key|Kristin Kontrol|Kristin Lewis|Kristin Naigus|Kristin Nelson|Kristin Scott Benson|Kristin Scott Thomas|Kristin Siegel|Kristina|Kristína|Kristina & the Dolls|Kristina Bach|Kristina Clark|Kristina Halloway|Kristina Maria|Kristina Maria Featuring JC Chasez|Kristina Milova|Kristina Reiko Cooper|Kristina S.|Kristina Schjelde|Kristina Sky|Kristina Train|Kristine|Kristine Alicia|Kristine Arnold|Kristine Hendricks|Kristine Opolais|Kristine W|Kristinia DeBarge|Kristjan Jarvi|Kristofer Maddigan|Kristofer Steen|Kristoffer Hünecke|Kristopher Jean|Kristy And Jimmy McNichol|Kristy Jackson|Kristy Kay|Kristy Krash Majors|Kristy Lee Cook|Kristy MacColl|Kristy Majors|Kristy McNichol|Kristy O.|Kristy Starling|Kristy Swanson|Kristyn Osborn|Krizz Kaliko|Krk Hammettson|Krocker|Krokus|Krome|Krome Avenue|Kromozone Project|Krondon|Kronic|Kronic & Krunk!|Kronic Young Fresh|Kronos Quartet|Krooked Treez|Kropp Circle|Kross|Krparodies & Ian|Krrum|KRS-1|KRS-One|KRS-One & Marley Marl|KRS-One And The Temple Of Hiphop|Krum Bums|Krumb Snatcha|Krumb Snatcha Mobsters|Krumbsnatcha|Krush|Krushai|The Kry|Kryder|Krypteria|Kryptonite|Krys|Krys Ivory|Krysta Cameron|Krysta Youngs|Krystal|Krystal Davis|Krystal K|Krystal Keith|Krystal Melody|Krystal Meyers|Krystian Zimerman|Krystian Zimerman|Krystol|Krzysztof Kiljanski|Krzysztof Krawczyk|Krzysztof Penderecki|Krzysztof Urbanski|KSHMR|KSI|KSM|Kstylis|KT Tunstall|Kuana Torres Kahele|Kuang-Hao Huang|Kuba Oms|Kubb|Kube|Kublai Khan|Kublai Khan|Kucka|Kud|Kudai|Kudo|Kui Lee|Kuk Harrell|Kuky|Kula Shaker|Kularis|Kulebra|Kult|Kult Of Krameria|Kultur|Kumail Nanjiani|Kumandae|Kumano|Kumar Sanu|Kumbia All Starz|Kumbia Kings|Kumbiambero 213|Kumi|Kumi Iwamoto|Kumi Koda|Kumiko|Kumiko Sakurai|Kunal Mehta|Kunal Nayyar|Küng|Kungs|Kuni|Kunin|Kuningas Pahkina|Kuningasidea|Kuniva|Kuno Becker/Stephen Dillane|Kunstler|Kunt Marius|Kunz|Kunze, Heinz Rudolf|Kur|Kurd Maverick|Kurdo|Kurdo & Majoe|Kurdt Vanderhoof|Kurei|Kurious|Kuroki Nagisa|Kuroneko Chelsea|Kuroyume|Kurt "McGuinness" Liekens|Kurt Adler|Kurt Angle|Kurt Bachman|Kurt Ballou|Kurt Bestor|Kurt Bloch|Kurt Braunohler|Kurt Brecht|Kurt Carr|Kurt Carr & The Kurt Carr Singers|Kurt Carr Project|Kurt Carr Singers|Kurt Ciesla|Kurt Cobain|Kurt Dahle|Kurt Danielson|Kurt Elling|Kurt Feldman|Kurt Harland|Kurt Herbert Adler|Kurt Herkenberg|Kurt Herr|Kurt Hoffman|Kurt Howell|Kurt Hugo Schneider|Kurt Keinrath|Kurt Kerns|Kurt Maloo|Kurt Masur|Kurt Metzger|Kurt Neumann|Kurt Nilsen|Kurt Ralske|Kurt Rosenwinkel|Kurt Russell|Kurt Russell/Dakota Fanning|Kurt Russell/James Spader|Kurt Russell/Josh Lucas|Kurt Russell/Martin Short|Kurt Russell/Rosario Dawson|Kurt Russell/Steven Seagal|Kurt Russell/Val Kilmer|Kurt Sodergren|Kurt Travis|Kurt Vile|Kurt Wagner|Kurt Winter|Kurtis Blow|Kurtis Conner|Kurtis John|Kurtis Mantronik|Kurtz|Kurupt|Kurupt A.K.A. Young Gotti|Kurupted Seed|Kururi|KUSH|Kuso Iinkai|Kusuo|Kusuo feat.C&K|Kut Klose|Kutless|KutMasta Kurt|Kutt Calhoun|Kutxi Romero|Kuz|Kvelertak|Kvitrafn|Kvn Gates|Kwabs|Kwame|Kwamé|Kwame & A New Beginning|Kwame Kwaten|Kwan|Kwanza Jones|Kwaye|Kweku Collins|Kweli|Kwesi Asuo|Kwest Tha Madd Lad|Kwick|Kwon Ji Yong|Kwon Jin Ah|Kwony Ca$h|KXM|Kxng Crooked|Ky-Mani Marley|Kya-Pi|Kyan|Kyary Pamyu Pamyu|Kyarypamyupamyu|Kyau & Albert|Kye Coles|Kye Kye|Kygo|Kygo & Ellie Goulding|Kygo & Selena Gomez|Kygo feat. The Night Game|Kyiki|Kyjuan|Kyla|Kyla & Crazy Cousinz|Kyla La Grange|Kyla Pratt/John Amos|Kyla Pratt/Judge Reinhold|Kyla Pratt/Peter Coyote|Kyla Reid|Kyle|Kyle|Kyle & Devin|Kyle Baker|Kyle Bawinkel|Kyle Bishop|Kyle Browning|Kyle Burns|Kyle Cease|Kyle Chandler|Kyle Chandler/Connie Britton|Kyle Cook|Kyle Dixon|Kyle Dixon|Kyle Dixon & Michael Stein|Kyle Duckworth|Kyle Eastwood|Kyle Edwards|Kyle Ellison|Kyle Even|Kyle Falconer|Kyle Gallner|Kyle Gass|Kyle Henderson|Kyle Hollingsworth|Kyle Howe|Kyle Johnson|Kyle Ketelsen|Kyle Kinane|Kyle Knapp|Kyle Kupecky|Kyle Kyle|Kyle Lewis|Kyle Lloyd|Kyle Lucas|Kyle Ma|Kyle MacLachlan|Kyle MacLachlan/Isabella Rossellini|Kyle MacLachlan/Michael Ontkean|Kyle MacLachlan/Sting|Kyle Massey/Jason Dolley|Kyle McDonald|Kyle McKnight|Kyle Mims|Kyle Mitchell|Kyle Neal|Kyle Norman|Kyle O'Quin|Kyle Park|Kyle Patrick|Kyle Pearce|Kyle Perry|Kyle Polk|Kyle Profeta|Kyle Profetta|Kyle Ray|Kyle Riabko|Kyle Rossi|Kyle Sanders|Kyle Setter|Kyle Shellhammer|Kyle Sherman|Kyle Shutt|Kyle Simmons|Kyle Smith|Kyle Stevens|Kyle Stevenson|Kyle Turley|Kyle Vincent|Kyle Wasil|Kyle Wolverton|Kyle Zeigler|Kylee|Kylee Epp|Kyler England|Kylesa|Kylie|Kylie Frey Featuring Randy Rogers|Kylie Marcus|Kylie Minogue|Kylie Rothfield|Kylo Shane|Kym|Kym Bradshaw|Kym Mazelle|Kym Sims|Kym Warner|Kymai|Kymppilinja|Kyndra "Binkie" Reevey|KYNG|KYO|KYO|Kyogo Kawaguchi|Kyosuke Himuro|Kyoto|Kyp Malone|Kyper|Kyprios|Kyra Sedgwick|Kyra Sedgwick/J.K. Simmons|Kyteman|Kyu Sakamoto|Kyuhyun|Kyuso Nekokami|Kyven|Kyze|KZ|K_lsch