D|D & B|D & G KORE|D DATE|D For Designer|D G R Band|D Generation|D J Qualls/Eliza Dushku|D Jay $Ince|D Lannie|D Minus|D Pierce|D Product|D Rock|D Train|D Trix|D!rty Aud!o|D&D Allstars|D&D Project|D'Angelo|D'Angelo|D'Angelo and the Vanguard|D'angelo Lacy|D'anna Stewart|D'Arcy|D'Asti|D'Atra Hicks|D'aun|D'Banj|D'Bora|D'Element|d'eon|D'Gary|D'Influence|D'Julz|D'La Vance|D'Lannie|D'Llegance|D'manti|D'Marc Cantu|D'Marie Warren|D'Meka|D'Mello|D'Mingo|D'N'D|D'Nero|D'Phuzion|D'Still'D|D'Wayne Wiggins|D'ZRT|D'Zyre|D-Anel|D-Block|D-Boy|D-Boy Rodriguez|D-Cru|D-Cru|D-Cru|D-Devils|D-Diggs|D-Don|D-FLEX|D-Flexx|D-Gotti|D-Influence|D-Lo|D-Loc|D-Locc Da Chop|D-M.A.U.B.|D-Machine|D-MAUB|D-Metal Stars|D-Mob|D-MOL|D-Nice|D-Nox & Beckers|d-out|D-Pryde|D-Pulse|D-Red|D-Roc|D-Rock|D-Shake|D-Shot|D-Stroy|D-Styles|D-Tay|D-Trump?|D-UNIT|D-Wave|D-WHY|D. Tropp|D. Vincent Williams|D. Woods|D.A.|D.A. Wallach|D.A.D.|D.A.F.|D.A.M.A|D.A.M.A.|D.A.W.G.|D.B. Sweeney|D.B. Sweeney/Moira Kelly|D.C. Cooper|D.C. Larue|D.C.'s Experiment|D.D Dumbo|D.D. Klein|D.D. Verni|D.D.Sound|D.E.A.|D.F.W. Mass Choir|D.G. YOLA|D.H.T.|D.Heaven (Feat. H-Eugene)|D.I.E.S.E. Game|D.I.G.|D.I.T.C.|D.J. Bobo|D.J. Bonebrake|D.J. C Wiz|D.J. Chuck Chillout And Kool Chip|D.J. Detweiler|D.J. Doc|D.J. Jazzy Jeff & The Fresh Prince|D.J. Jimi|D.J. Jubilee|D.J. Laz Featuring Danny D.|D.J. Magic Mike|D.J. Magic Mike & M.C. Madness|D.J. Magic Mike & Madness|D.J. Rogers|D.J. Trans|D.J. U-Neek|D.J.H. Featuring Stefy|D.Jay Since|D.L. Day Lyric|D.L. Hughley|D.L.Byron|D.O.|D.O. (dupe 1)|D.O.A.|D.O.C.|The D.O.C.|D.O.D.|D.O.N.S.|D.O.N.S. & DBN|D.O.P.|D.O.S.E.|D.O.S.E. (Fulanito)|D.O.W.N.|D.Ozi|D.P.G.|D.P.M.|D.R.A.M.|D.R.I.|D.R.U.M.|D.S.K.|D.T. The Incredible Hulk|D.V. Alias Khrist|D.V. Alis Khrist|D1|D12|D1ive|D1ofAqavibe|The D4|D4K|D4L|D:A:D|D:Fuse|D:Ream|D=Out|The DA|Da 5 Footaz|Da BackWudz|Da Band|Da Barnyard Click|Da Beatminerz|Da Brat|Da Brat Featuring Cherish|Da Buddah Bangaz|Da Build Da Berg Group|Da Bush Babees|Da Buzz|Da Entourage|Da Fam|Da Fat Cat Clique|Da Flock|Da From Chester French|Da Gang|Da Groove Doctors|Da Headbussaz|Da Hol '9|Da Hood|Da Hool|Da Hooligans|Da Ka$hmere|Da Kaperz|Da Kennel|Da King|Da King & I|Da Ko Boyz|Da Kurlzz|Da Lench Mob|Da Mafia 6ix|Da Mob|Da Mongoloids|Da Muzicianz|Da Organization|Da Peng & Qiao Shan & Xiao Qinglong|Da Peng, MC Tianyou|Da Pump|Da Real One|Da Rick|Da Sign & The Opposite|Da Smooth Baron MC|Da T.R.U.T.H. Jr|Da Tweekaz|The Da Vinci Project|Da Vinci's Notebook|Da Weasel|Da Wild Boyz|Da Wreckshop Family|Da Youngsta's|Da Youngsta's Illy Funkstaz|Da Yung$taz|Da Zhangwei|Da Zhangwei|Da Zoo|Da$h|Da' T.R.U.T.H.|Da' Zoo|Da'dra|Da'imon|da'Krash|Da'Ville|Da-Ice|Daan|Dååth|DaBaby|Dabin|Dabney Coleman|DaBoii|Dabruck|Dabrye|Dabu Fantastic|Dada|Dada|Dada|Dada|Dada (Ante Portas)|Dada (dupe 1)|Dada Life|Dada Nada|DadaD|Dadawah|Daddae|Daddae Harvey|Daddy Dewdrop|Daddy DJ|Daddy Freddy|Daddy G|DADDY KALL (FEAT. LATINO)|Daddy Kool|Daddy Long Legs|Daddy Mack|Daddy O|Daddy X|Daddy Yankee|Daddy Yankee & Natti Natasha|Daddy's Cash|Daddy's Groove|Daddy-O|Dado|Dado Villa-Lobos|Dads|Dadz'n Effect|Dae 1 Won|Dae Dae|Dae Hyun|DAE HYUN Featuring Zelo|Daedelus|Daenen Bramberger|Daesung|Daezaster|Daffy Duck|Dafi|Dafina Zeqiri|Daft Punk|Dafydd Ieuan|Dag Ingebrigsten|Dag Juhlin|Dag Stokke|Dagan Thogerson|Dagda|Dagny|Dahayan El Vaquero|Dahlak Band|Dai Hirai|Dai Quan|Daia|Daichi Miura|Daikoku Danji|Dailey & Vincent|Daily Plannet|Daiquiri|Dairoku Seki|Daisey|Daisuke|Daisuke Horinouchi|Daisuke Kawakami|Daisuke Kitagawa|Daisuke Matsuzaka|Daisuke Ono|Daisy|Daisy|Daisy|Daisy Berkowitz|Daisy Dares You|Daisy Dee|Daisy Dern|Daisy Duck|Daisy Durham|Daisy Martey|Daisy Sugarman|Daíthí Sproule|Daiyan Trisha|Daize|Daja|Dajae|Dak|Dak Goodman|Dakoda Motor Co.|Dakota|Dakota Bradley|Dakota Fanning|Dakota Moon|Dakrash|Dal Niente|Dal Perkins|Dal Shabet|Dal Winslow|Dal*shabet|Dal*shabet|Dala|Dalal|Dalbello|Dale|Dale & Grace|Dale Anthony|Dale Bozzio|Dale Buffin Griffin|Dale Ciceron|Dale Ciceron & Optimistic 4 Christ|Dale Clevenger|Dale Crover|Dale Devere|Dale Earnhardt Jr.|Dale Earnhardt Jr. Jr.|Dale Frashuer|Dale Hawkins|Dale Houston|Dale Krantz-Rossington|Dale Longworth|Dale Mc Bride|Dale Mickle|Dale Midkiff/Fred Gwynne|Dale Owens|Dale Perry|Dale Peters|Dale Powers|Dale Reno|Dale Russell|Dale Ryder|Dale Stewart|Dale Thompson|Dale Turner|Dale Wallace|Dale Ward|Dale Warland|Dale Wathey|Dale Watson|Dale Wright And The Wright Guys With the Dons|Dale Yob|Daler Mehndi|Daley|Dalia|Dalice|Dalida|Daline Jones|Dalivaa|Dallas|Dallas Blocker|Dallas Cowboys Cheerleaders|Dallas Coyle|Dallas Davidson|Dallas Frazier|Dallas Green|Dallas Holm|Dallas Holm And Praise|Dallas Perry|Dallas Smith|Dallas Smith|Dallas Symphony (Mata)|Dallas Symphony Chorus|Dallas Symphony Orchestra|Dallas Symphony Orchestra|Dallas Taylor|Dallas Wehrle|Dallask|Dallyn Vail Bayles|Dalmata|Dalmatian|Dalshabet|Dalton & Dubarri|Dalton Domino|Dalton Humphreys|Dalton Powell|Dalton Rapattoni|Dalvin DeGrate|Dam|Dâm-Funk|Damae|Damage|Damage|Damage|Damageplan|Damar Jackson|Damaris|Dámaris Carbaugh|Damaru|The Dambuilders|Dame|Dame|Dame D.O.L.L.A.|Dame D.O.L.L.A.|Dame Dash|Dame Peggy Ashcroft|Dami Im|Damian|Damian|Damian "Domino" Siguenza|Damian "Jr. Gong" Marley|Damian "Junior Gong" Marley|Damian Dame|Damian Genuardi|Damian Kulash, Jr.|Damian Lazarus|Damian Lemar Hudson|Damian Lewis|Damian Lewis/Sarah Shahi|Damian Marley|Damian Marshall|Damian McGinty|Damian O'Neill|Damian Whity|Damien|Damien Bone|Damien Dempsey|Damien Escobar|Damien Gregori|Damien Jurado|Damien Lauretta|Damien Leith|Damien Moyal|Damien Rice|Damien Robitaille|Damien S|Damien Sneed|Damien Starkey|Damion "Crazy Legs" Hall|Damion Hall|Damion Murrill|Damion Murrill & Siloam|Damita|Damita Haddon|Damita Jo|Damizza|Damm D|Damm-D|Damn Truth|The Damn Truth|Damn Yankees|Damnation Of Adam Blessing|The Damned|The Damned Things|The Damnwells|Damo & Ivor|Damo Suzuki|Damon|Damon Albarn|Damon Atkinson|Damon Bellorado|Damon Cox|Damon D|Damon Dash/Beanie Sigel|Damon Delapaz|Damon Dotson|Damon Fowler|Damon Gray|Damon Harris|Damon Johnson|Damon Little|Damon Little & Nu Beginning|Damon Minchella|Damon Pampolina|Damon Reece|Damon Rentie|Damon Richardson|Damon Sharpe|Damon Shawn|Damon Wayans|Damon Williams|Damone|Damozel|Dams of the West|Damso|Dan|Dan|Dan|Dan|Dan|Dan "The Outlaw" Hardy|Dan & Phil|Dan + Shay|Dan Ajile|Dan Albert|Dan Andriano In The Emergency|Dan Arnold|Dan Auerbach|Dan Aykroyd|Dan Aykroyd/Chevy Chase|Dan Aykroyd/Eddie Murphy|Dan Aykroyd/John Belushi|Dan Baird|Dan Balan|Dan Ballard|The Dan Band|Dan Battenhouse|Dan Baughman|Dan Bennie|Dan Bern|Dan Bigras|Dan Bigras & Marie-Elaine Thibert|Dan Birney|Dan Bitney|Dan Black|Dan Blondin|Dan Boeckner|Dan Boen|Dan Bolton|Dan Bonebrake|Dan Bowskill|Dan Bremnes|Dan Briggs|Dan Brown|Dan Bull|Dan Carney|Dan Castellaneta|Dan Clark|Dan Coburn|Dan Colby|Dan Coop|Dan Cornelius|Dan Craig|Dan Croll|Dan Crowell|Dan Cummins|Dan Davidson|Dan Deacon|Dan Dean|Dan Desnoyers|Dan Dickey|Dan Didier|Dan DiLiberto|Dan Donegan|Dan Donica|Dan Duggins|Dan Eaton|Dan Edinberg|Dan Estrin|Dan Ettinger|Dan Evans|Dan Faehnle|Dan Ferguson|Dan Fields|Dan Flint|Dan Fogelberg|Dan Fogler/Christopher Walken|Dan Francis|Dan Friel|Dan Garland|Dan Gartley|Dan Garvin|Dan Gillespie-Sells|Dan Gilroy|Dan Gluszak|Dan Goodwin|Dan Greco|Dan Greenwood|Dan Haggerty|Dan Haggis|Dan Haigh|Dan Hamilton|Dan Hamilton|Dan Hammond|Dan Harkna|Dan Hartman|Dan Haseltine|Dan Hawkins|Dan Heatherton|Dan Hemmer|Dan Henzerling|Dan Hickey|Dan Hicks|Dan Hicks & His Hot Licks|Dan Hicks And The Hot Licks|Dan Higgins|Dan Hill|Dan Hill|Dan Hill & Vonda Shepard|Dan Hill With Rique Franks|Dan Hoerner|Dan Honaker|Dan Howell|Dan Hunter|Dan Hunter|Dan Ingala|Dan Jacobs|Dan K. Brown|Dan Kenny|Dan Keyes|Dan Klayman|Dan Koch|Dan Konopka|Dan Kowarsky|Dan Kuramoto|Dan Kurtz|Dan Lacksman|Dan Laudo|Dan Lavery|Dan Layus|Dan lead|Dan Lebowitz|Dan Leo|Dan Levy|Dan Lilker|Dan Logan|Dan Lowder|Dan Ludeman|Dan Lukacinsky|Dan Lumley|Dan Maines|Dan Mangan|Dan Mangan + Blacksmith|Dan Marsala|Dan Matheny|Dan McCafferty|Dan McCorison|Dan McKinna|Dan McLoughlin|Dan Messe|Dan Miller|Dan Miller|Dan Mintz|Dan Molad|Dan Monahan|Dan Monahan/Tony Ganios|Dan Morris|Dan Murphy|Dan Myers|Dan Nelson|Dan Ness|Dan O'Conner|Dan Odum|Dan Olson|Dan Ostebo|Dan Otis|Dan Panic|Dan Parker|Dan Paton|Dan Pearson|Dan Peek|Dan Perdue|Dan Peters|Dan Pifer|Dan Precision|Dan Q.|Dan Reed|Dan Reed Network|Dan Regan|Dan Richardson|Dan Rieser|Dan Riley|Dan Roberts|Dan Ross|Dan Rothchild|Dan Saenz|Dan Salzmann|Dan Schmid|Dan Seals|Dan Seigal|Dan Shay|Dan Siegel|Dan Simons|Dan Smith|Dan Soder|Dan Solo|Dan Spain|Dan Spencer|Dan Spitz|Dan Stadnicki|Dan Stephens|Dan Stevens|Dan Steward|Dan Stoppelman|Dan Strack|Dan Stuart|Dan Sultan|Dan Swanö|Dan Swinimer|Dan Szymczak|Dan Talevski|Dan Taylor|Dan Terminus|Dan Tews|Dan the Automator|Dan Toler|Dan Toohey|Dan Toohey|Dan Torelli|Dan Trammell|Dan Trapp|Dan Travis|Dan Truman|Dan Tyminski|Dan Verduin|Dan Vickrey|Dan Warton|Dan Warton|Dan Watchorn|Dan Watson|Dan Weiss|Dan Whitesides|Dan Whitford|Dan Wiese|Dan Wilson|Dan Woodgate|Dan Yemin|Dan Young|Dan Young|Dan Zanes|Dan Zanes And Friends|Dan Zanes/Erykah Badu|Dan Zimmerman|Dan-Luc Bicrame|Dana|Dana Andrews|Dana Berkowitz|Dana C|Dana Carvey|Dana Colley|Dana Dane|Dana Dawson|Dana Delany|Dana Divine|Dana Falconberry|Dana Feder|Dana Fields|Dana Fuchs|Dana Glover|Dana Gould|Dana Gould|Dana Heitman|Dana International|Dana Janssen|Dana Key|Dana Kimball|Dana Kimmell/Paul Kratka|Dana Leong|Dana Mase|Dana McVicker|Dana Ordway|Dana Ordway|Dana Parish|Dana Rayne|Dana Rollin|Dana Strum|Dana Valery|Dana Walden|Dana Weaver|Dana Wheeler-Nicholson|Dana Williams|Dana Winner|Dana Wynter|Danay Ferrer|Danay Suarez|Danbert Nobacon|Danbert Novacon|Dance 2 Trance|Dance Earth Party|Dance Floor Virus|Dance Gavin Dance|Dance Hall Crashers|Dance Nation|Dance Nation Vs. Shaun Baker|DANCE WORKS|Dance-Along|Dancer, Prancer And Nervous|Dances With White Girls|Danceteria|Dancin' ZZZZZ's|Dancing Eagle|Dancing Fantasy|Dancing In The Dark|Dandelion|Dandy|The Dandy Warhols|Dane Boe|Dane Cook|Dane Cook/Jay Davis|Dane Cook/Jessica Alba|Dane Cook/Jessica Simpson|Dane Cook/Kate Hudson|Dane Matsumura|Dane Poppin|Dane Rumble|Dane Spencer|Danelle Sandoval|Danesha Starr|Danetra Moore|Danette Inyang|Danger|Danger|Danger Danger|Danger Doom|Danger Mouse|Danger Radio|Danger Scene|Dangerkids|Dangerman|Dangerous Crew|The Dangerous Crew|Dangerous Dame|Dangerous Dave|Dangerous Muse|The Dangerous Summer|Dangerous Toys|Dango|Dani|Dani|Dani Barbers|Dani Carbonell|Dani Davey|Dani Deahl|Dani Evans|Dani Löble|Dani Martín|Dani Mata|Dani Shay|Dani Stevenson|Dani Toro|Dania Morales|DaNica Shirey|Danick Dupelle|Daniel|Daniel|Daniel "Chewy" Mongrain|Daniel & Alexandra|Daniel Adair|Daniel Adams-Ray|Daniel Agee|Daníel Ágúst|Daniel Andriano|Daniel Ash|Daniel Auteuil|Daniel Bachman|Daniel Baldwin|Daniel Barachkov|Daniel Barenboim|Daniel Bashta|Daniel Bedingfield|Daniel Behle|Daniel Bejar|Daniel Bélanger|Daniel Belcher|Daniel Bernhardt|Daniel Biro|Daniel Biro|Daniel Boone|Daniel Boucher|Daniel Boucher/Les Filles De Caleb|Daniel Bovy & Roy Rox|Daniel Brandt|Daniel Bravo|Daniel Bressanutti|Daniel Brummel|Daniel Caesar|Daniel Caesar featuring H.E.R.|Daniel Cage|Daniel Calveti|Daniel Carriere|Daniel Castady|Daniel Chase|Daniel Clarke|Daniel Cook|Daniel Correa|Daniel Craig/Colm Meaney|Daniel Craig/Liev Schreiber|Daniel Craig/Olga Kurylenko|Daniel Crawford|Daniel Currier|Daniel Curtis Lee aka Saint Maurice|Daniel Daponde|Daniel Davila|Daniel Davison|Daniel Day-Lewis|Daniel Day-Lewis/Madeleine Stowe|Daniel Day-Lewis/Paul Dano|Daniel Debourg|Daniel Delacruz|Daniel Dempsey|Daniel Derio|Daniel Desnoyers|Daniel Dickopf|Daniel Diges|Daniel Don Bowes|Daniel Doss|Daniel Doss Band|Daniel Ellsworth & the Great Lakes|Daniel Emilfork|Daniel Erlandsson|Daniel Faust|Daniel Fletcher|Daniel Foder|Daniel Frobing|Daniel G. Amen, MD|Daniel Glass|Daniel Gomez|Daniel Häglund|Daniel Handler|Daniel Harding|Daniel Harville|Daniel Hope|Daniel Hugh-Kelly|Daniel Hunt|Daniel Hunter|Daniel Isaiayh|Daniel J|Daniel J. Bracken|Daniel J. Travanti|Daniel J. Travanti/Veronica Hamel|Daniel James|Daniel Jobim|Daniel Johns|Daniel Johns|Daniel Johnson|Daniel Jones|Daniel Jordan|Daniel Justin Smith|Daniel Kessler|Daniel Krause|Daniel Lanois|Daniel Laskiewitz|Daniel Laszlo|Daniel Lee|Daniel Lee Martin|Daniel Liljekvist|Daniel Lindström|Daniel Lorca|Daniel Lozano|Daniel Magnuson|Daniel Martin Moore|Daniel Martínez|Daniel McCartney|Daniel McWhorter|Daniel Merriweather|Daniel Merriweather Featuring Wale|Daniel Mitha|Daniel Monción|Daniel Montenegro|Daniel Morales|Daniel Moreira|Daniel Muller-Schott|Daniel Nentwig|Daniel Nigro|Daniel O'Donnell|Daniel O'Shea|Daniel Offerman|Daniel Oren|Daniel Ornellas|Daniel Ortiz|Daniel Parkin|Daniel Pemberton|Daniel Pishock|Daniel Pollock|Daniel Ponce|Daniel Poplawsky|Daniel Portman|Daniel Powter|Daniel Pride|Daniel Pugsley|Daniel Radcliffe|Daniel Radcliffe/Ralph Fiennes|Daniel Radcliffe/Rupert Grint|Daniel René|Daniel Rice|Daniel Rodriguez|Daniel Romano|Daniel Rossen|Daniel Russe|Daniel Ryan|Daniel Sánchez|Daniel Santacruz|Daniel Schuhmacher|Daniel Schumacher|Daniel Schwartz|Daniel Segura|Daniel Seraphine|Daniel Silbert|Daniel Skye|Daniel Spalding|Daniel Sproul|Daniel Stern|Daniel Svensson|Daniel Swain|Daniel Tay/John Stewart|Daniel Taylor|Daniel Tichenor|Daniel Torelli|Daniel Tosh|Daniel Travis|Daniel Tucker|Daniel Victor|Daniel Weatherspoon|Daniel Weetman|Daniel Wesley|Daniel Weyandt|Daniel Williams|Daniel Winans|Daniel Zach|Daniel Zott|Daniel Zueras|Daniela|Daniela Alfinito|Daniela Andrade|Daniela Bianchi|Daniela Calvario|Daniela Droz|Daniela Katzenberger|Daniela Magun|Daniela Pedali|Daniela Romo|Daniela Spalla|Daniele Alexander|Daniele Davoli|Daniele Gatti|Daniele Luppi|Daniele Negroni|Daniele Silvestri|Daniella|Daniella Alonso|Danielle|Danielle Bollinger|Danielle Bradbery|Danielle Brisebois|Danielle Campbell|Danielle Dax|Danielle de Niese|Danielle Delaite|Danielle Glenn|Danielle Haim|Danielle Harris|Danielle Kimmey|Danielle Millet|Danielle Nicole|Danielle Nicole Cimorelli|Danielle Panabaker|Danielle Peck|Danielle Seewald|Danielle von Zerneck|Danielle Young|Daniil Trifonov|Danilo Montero|Danilo Pérez|Danilo Tasco|Danish National Symphony Orchestra|Danish String Quartet|Danity Kane|Dank|Danko Jones|Danko Jones|Danko Jones|The Danleers|Dann Gallucci|Dann Rogers|Danna Paola|Danni Leigh|Danni Rouge|Dannibelle|Danniebelle Hall|Dannii Minogue|Dannis Hackney|Dannu|Danny|Danny "Buddah" Morales|Danny "D" & D.J. "Wiz"|Danny "D" And D.J. "Wiz"|Danny "O.M.B." Devoux|Danny "Sweet Man" Thomas|Danny & the Juniors|Danny Aiello|Danny Allen|Danny Amis|Danny Austin|Danny Balis|Danny Blitz|Danny Blumberg|Danny Blume|Danny Boone|Danny Boy|Danny Boy O'Connor|Danny Briottet|Danny Brooks|Danny Brown|Danny Carey|Danny Carvell|Danny Cash|Danny Cedrone|Danny Chauncey|Danny Clarke|Danny Click|Danny Cooper|Danny Craig|Danny Cummings|Danny Daniel|Danny Davis|Danny Davis And The Nashville Brass|Danny de Munk|Danny DeVito|Danny DeVito/Bette Midler|Danny DeVito/Charlie Day|Danny DeVito/Matthew Broderick|Danny Dove|Danny Driver / BBC Scottish Symphony Orchestra (Miller)|Danny Dullmaier|Danny Duncan|Danny Dwyer|Danny Egan|Danny Elfman|Danny Fernandes|Danny Finn|Danny Fornaris|Danny G Italy|Danny Gans|Danny Gatton|Danny Gayol|Danny Glover|Danny Glover/Gary Busey|Danny Goffey|Danny Gokey|Danny Gottlieb|Danny Grady|Danny Griego|Danny Guillen|Danny Hargrove|Danny Heifetz|Danny Heines|Danny Herrera|Danny Hoefer|Danny Holien|Danny Howard|Danny Howells|Danny Hutton|Danny Janz|Danny Joe Brown|Danny Joe Brown And The Danny Joe Brown Band|Danny Johnson|Danny Johnson|Danny Jones|Danny Kalb|Danny Kallas|Danny Kaye|Danny Kincaid|Danny King|Danny Kirwan|Danny Klein|Danny Koker|Danny Kortchmar|Danny Krivit|Danny L Harle|Danny L. Harle|Danny L. Harle Featuring. Carly Rae Jepsen|Danny Lamagna|Danny Leake|Danny Lerman|Danny Levin|Danny Liston|Danny Lohner|Danny Lothspeich|Danny Louis|Danny Lugo & Destination|Danny Madden|Danny Marino|Danny McBride|Danny McCulloch|Danny McNamara|Danny Mercer|Danny Michel|Danny Miranda|Danny Molad|Danny Mommens|Danny Nordahl|Danny Nucci/Luke Perry|Danny O'Donoghue|Danny O'Keefe|Danny O'Reilly|Danny Ocean|Danny Parks|Danny Passera|Danny Pearson|Danny Peppermint and the Jumping Jacks|Danny Perez|Danny Rampling|Danny Rapp|Danny Rinaldi|Danny Rivera|Danny Roberts|Danny Rojo|Danny Saber|Danny Saucedo|Danny Schuler|Danny Seidenberg|Danny Seim|Danny Seth|Danny Shatswell|Danny Shirley|Danny Small|Danny Smythe|Danny Spanos|Danny Spencer|Danny Stag|Danny Stevens|Danny Stills|Danny Sullivan|Danny Summer|Danny Tenaglia|Danny Trifan|Danny Valentino|Danny Vapid|Danny Vaughn|Danny Webster|Danny Weider|Danny Weinkauf|Danny Weis|Danny Weymouth|Danny White|Danny Whitten|Danny Wilde|Danny Williams|Danny Williams|Danny Wilson|Danny Wood|Danny Wood|Danny Wood|Danny Woods|Danny Worsnop|Danny Wright|Danny Yamamoto|Danny Zavatsky|Danny Zella & His Zell Rocks|Danny Zella and his Zell Rocks|Danse Society|Dansken|Danson|Dante "Chi" Jordan|Dante & The Evergreens|Dante and the Evergreens|Dante Basco/Ryan Browning|Dante Bowe|Dante DeCaro|Dante Drowty|Dante Gizzi|Dante Klein|Dante Leon|Dante Pascuzzo|Dante Quartet|Dante Santiago|Dante Thomas|Dante Thomas|Danti|Danu|Danube Dance|Dany|Dany Bedar|Dany Brillant|Dany Placard|Dany Synthe|Danyel Gérard|Danzel|Danzig|Daoko|The Daou|Daphne|Daphne|Daphne|Daphne|Daphne & Celeste|Daphne Chen|Daphne Loves Derby|Daphne Rubin-Vega|Daphne Willis|Daphne Zuniga|Daphni|Dapose|Dappled Cities|Dappy|Dar Williams|Dara MacLean|Dara Puspita|Dara Sedaka|Daray|Darby Cicci|Darby Gould|Darcy James Argue|Darcy James Argue's Secret Society|Darcy McNulty|Darcys|The Darcys|Darden Smith|Dare 2 B Dif'rent|Darell|Daren Pfeifer|Daren Seymour|Daren Taylor|Dareyes de La Sierra|Dargen d'Amico|Darick Campbell|Darija|Darin|Darin|Darin|Darin|Darin & Brooke Aldridge|Darin Epsilon|Dario|Dario Eskenazi|Dario G|Darius|Darius|Darius|Darius "Rain" Lacey|Darius & Finlay|Darius Brooks|Darius Paulk|Darius Rucker|Darius Syrossian|Darius Williams|Dark Angel|Dark Captain Light Captain|Dark Clark|Dark Funeral|Dark Lotus|Dark Monks|Dark New Day|Dark Polo Gang|Dark Sermon|Dark Sun Riders|Dark Tranquillity|darkDARK|Darkel|Darker My Love|Darkest Hour|Darkiel|Darkman|The Darkness|Darkness Divided|Darkside|Darkside Ballaz|Darkthrone|Darlahood|Darlene Austin|Darlene Love|Darlene McCoy|Darlene Perri|Darlene Zschech|Darlia|The Darling Buds|Darling Cruel|Darlingside|Darlyn|Darlyn Y los Herederos|Darmon Meader|Darnaa|Darnell Davis|Darnell Davis & The Remnant|Darnell VanRensalier|Darnell Williams|Darol Anger|Darol Anger & The American Fiddle Ensemble|Daron Jones|Daron Malakian|Daron Norwood|Daron Southboy Fordham|Darq Age|Darqwan|Darran Smith|Darrein Safron|Darrel Herbert|Darrel Hines|Darrel Petties|Darrel Petties & Strength In Praise|Darrell Banks|Darrell Clanton|Darrell Dodson|Darrell Dwarf|Darrell Hines|Darrell Holt|Darrell Hyde|Darrell Jones|Darrell Labrado|Darrell Leonard|Darrell Luster|Darrell Martin|Darrell McCall|Darrell McFadden|Darrell McFadden And The Disciples|Darrell Roberts|Darrell Scott|Darrell Statler|Darrell Sweet|Darrell Thomas|Darrell Verdusco|Darrell Webb Band|Darrelle London|Darren|Darren Beachley & Legends Of The Potomac|Darren Benitez|Darren Carmichael|Darren Cost|Darren Costin|Darren Criss|Darren Curtis Skanson|Darren Danielson|Darren Decoder|Darren Emerson|Darren Green|Darren Hayes|Darren HeyGuy Simoes|Darren Hill|Darren Holden|Darren Jay & the Delta Souls|Darren Jessee|Darren King|Darren Kozelsky|Darren Lackie|Darren Leader|Darren McGavin|Darren McGinnis|Darren Mettler|Darren Middleton|Darren Motamedy|Darren Partington|Darren Percival|Darren Rahn|Darren Reynolds|Darren Robinson|Darren Rust|Darren Shearer|Darren Styles|Darren Verpeut|Darren Warren|Darren Wharton|Darren Wilson|Darren Woodford|Darrien Cleage|Darrin Allen|Darrin Anthony|Darrin Henson|Darrin Kirkindoll|Darrin Pfeiffer|Darrin Vincent|Darroh Sudderth|Darron Stankey|Darrow Fletcher|Darryl "D.M.C." McDaniels|Darryl & Don Ellis|Darryl Allen|Darryl Anthony|Darryl Brown|Darryl Cannady|Darryl d'Bonneau|Darryl DeLoach|Darryl Duncan|Darryl Gibbs|Darryl Hunt|Darryl Jenifer|Darryl Kutz|Darryl Lewis|Darryl Pandy|Darryl Reeves|Darryl Riley|Darryl Tookes|Darryl White|Darryl Williams|Darryl Worley|dArtagnan|Dartanyan Brown|The Dartells|Darude|Darwin Deez|Darwin Hobbs|Darwin Joston|Darwin's Waiting Room|Daryl Braithwaite|Daryl Burgee|Daryl Coley|Daryl Coley & Beloved|Daryl Dragon|Daryl Gray|Daryl Hall|Daryl Hall John Oates|Daryl Hall & John Oates|Daryl Hall & John Oates|Daryl Hannah|Daryl Hooper|Daryl Johnson|Daryl Morrison|Daryl Palumbo|Daryl Sherman|Daryl Swart|Daryl Taberski|Daryle Chinn|Daryle Singletary|Das Bo|Das Brings|Das EFX|Das Haas|Das Panikorchester|Das Pop|Das Racist|Das Sinfonieorchester|Das Sinfonieorchester Der Robert Schumann Hochschule|Das Sound Machine|Dasco|Dash|Dash Berlin|Dash Crofts|Dashboard Confessional|Dashiell Arkenstone|Dasix|Dasoul|DAT ADAM|Dat Boy Hot|Dat Oven|Datarock|Datin|Datin|Datsik|The Datsuns|Datura|Dauby|Daughn Gibson|Daughter|Daughtry|Daunt|Dave|Dave|Dave "Baby" Cortez|Dave "Clem" Clempson|Dave "Dee" Harman|Dave "Phoenix" Farrell|Dave "The Snake" Sabo|Dave & Ansil Collins|Dave & Sugar|Dave Abbruzzese|Dave Abell|Dave Adkins|Dave Adkins And Republik Steele|Dave Agoglia|Dave Aju|Dave Alexander|Dave Alldred|Dave Allen|Dave Allen|Dave Allen|Dave Allen|Dave Allison|Dave Alucard|Dave Alvin|Dave Alvin|Dave Alvin And The Guilty Women|Dave Amato|Dave Anthony|Dave Anthony|Dave Appell|Dave Arellano|Dave Armstrong|Dave Atkins|Dave Attell|Dave Attell/Dane Cook|Dave Audé|Dave Baddorf|Dave Bainbridge|Dave Baksh|Dave Baldwin|Dave Baldwin|Dave Balentin|Dave Ball|Dave Ball|Dave Banks|Dave Barbarossa|Dave Barckow|Dave Bargeron|Dave Barnes|Dave Barry|Dave Batista|Dave Baxter|Dave Benedict|Dave Bergander|Dave Beste|Dave Bickler|Dave Bidwell|Dave Blood|Dave Bone|Dave Boquist|Dave Borla|Dave Bourgeois|Dave Boyne|Dave Branch|Dave Brenner|Dave Brewis|Dave Briggs|Dave Brogan|Dave Bronze|Dave Brown|Dave Brubeck|Dave Brubeck And Paul Desmond|The Dave Brubeck Quartet|Dave Brylawski|Dave Bryson|Dave Buchanan|Dave Buckner|Dave Burgess|Dave Burke|Dave Burns|Dave Bush|Dave Calhoun|Dave Callahan|Dave Carlson|Dave Carozzo|Dave Carpender|Dave Carr|Dave Carter|Dave Case|Dave Casillas|Dave Catching|Dave Catlin-Birch|Dave Chachere|Dave Chambers|Dave Chandler|Dave Chappelle|Dave Charles|Dave Chevalier|Dave Christensen|Dave Clark|The Dave Clark Five|Dave Clarke|Dave Clifford|Dave Collard|Dave Colwell|Dave Conway|Dave Costa|Dave Cramer|Dave Crawford|Dave Danger|Dave Darell|Dave Davies|Dave Davison|Dave Days|Dave Days|Dave Dayz|Dave Dederer|Dave Dee|Dave Dee, Dozy, Beaky, Mick & Tich|Dave Dee, Dozy, Beaky, Mick And Tich|Dave Defries|Dave Depper|Dave Derby|Dave DeRoo|Dave Dobbyn|Dave Donato|Dave Douglas|Dave Douglas Quintet|Dave Dowling|Dave Dreiwitz|Dave Dudley|Dave East|Dave Edmunds|Dave Eggar|Dave Ehrlich|Dave Elkins|Dave Ellefson|Dave Ellingson|Dave Ellis|Dave Envy|Dave Erdmann|Dave Evans|Dave Faber|Dave Fairbairn|Dave Farrell|Dave Featuring Drake|Dave Fisher|Dave Flett|Dave Foley|Dave Foley/Maura Tierney|Dave Foley/Phil Hartman|Dave Fortman|Dave Foster|Dave Fowler|Dave Fox|Dave French|Dave Fridmann|Dave From Dallas|Dave Fuentes|Dave Fyten|Dave Gahan|Dave Gahan & the Soulsavers|Dave Garofolo|Dave Garrett|Dave Gellis|Dave Genn|Dave Georgeff|Dave Gibbs|Dave Gilby|Dave Goode|Dave Govan|Dave Gracia|Dave Green|Dave Greenfield|Dave Grohl|Dave Gruisti|Dave Grusin|Dave Grusin & Lee Ritenour|Dave Grusin And Don Grusin|Dave Grusin And The New York/La Dream Band|Dave Guard|Dave Guetta|Dave Gutter|Dave Guy Parsons|Dave Hamelin|Dave Harris|Dave Hartley|Dave Hartman|Dave Hattee|Dave Hause|Dave Hawes|Dave Haywood|Dave Hemingway|Dave Hemmingway|Dave Herlihy|Dave Hill|Dave Hill|Dave Hlubek|Dave Hofstra|Dave Hole|Dave Holladay|Dave Holland|Dave Holland|Dave Holland Octet|Dave Hollister|Dave Hood|Dave Hope|Dave Hyde|Dave Ingraham|Dave Innis|Dave Irving|Dave Jarnstrom|Dave Johnstone|Dave Keel|Dave Keel|Dave Kemp|Dave Kennedy|Dave Kincaid|Dave King|Dave King|Dave Kirby|Dave Kochanski|Dave Koz|Dave Koz and Friends|Dave Krusen|Dave Kushner|Dave Larcombe|Dave LaRue|Dave Lemmon|Dave Libert|Dave Licht|Dave Liebman|Dave Lindholm|Dave Linsk|Dave Lizmi|Dave Loggins|Dave Lombardo|Dave Longstreth|Dave Luetkenhoelter|Dave Lutton|Dave MacDonald|Dave Mackintosh|Dave Maggs|Dave Malone|Dave Mann|Dave Markasky|Dave Marquee|Dave Martin|Dave Martin|Dave Mason|Dave Mason|Dave Mattacks|Dave Matthews|Dave Matthews Band|Dave Matthias|Dave McCaffrey|Dave McClain|Dave McCullen|Dave McMahan|Dave McPherson|Dave McSparran|Dave Melillo|Dave Mello|Dave Meniketti|Dave Micalizzi|Dave Miller|Dave Milone|Dave Minarik|Dave Moffatt|Dave Monks|Dave Morrison|Dave Mulholland|Dave Mullaney|Dave Munden|Dave Murray|Dave Murray|Dave Muselman|Dave Mustaine|Dave Naked|Dave Nassie|Dave Navarro|Dave Nelson|Dave Norris|Dave Novotny|Dave O'Rourke|Dave Ogilvie|Dave Ohanian|Dave Olson|Dave One|Dave Pahoa|Dave Palaitis|Dave Palmer|Dave Palmer|Dave Parsons|Dave Pearce|Dave Peel|Dave Pegg|Dave Peters|Dave Petersen|Dave Peterson|Dave Peverett|Dave Piccioni|Dave Pino|Dave Pirner|Dave Plesh|Dave Poche|Dave Pomeroy|Dave Powell|Dave Prater|Dave Prichard|Dave Purple|Dave Ramone|Dave Raun|Dave Rawlings Machine|Dave Reilly|Dave Rennick|Dave Richmond|Dave Rick|Dave Rock|Dave Roland|Dave Rosen|Dave Rosenstrauss|Dave Rosin|Dave Rossi|Dave Rowberry|Dave Rowland|Dave Rowland And Sugar|Dave Rowntree|Dave Rude|Dave Ruffy|Dave Russo|Dave Ryan|Dave Samuels|Dave Schartoff|Dave Schools|Dave Schramm|Dave Scrod|Dave Seaman|Dave Sereny|Dave Shaffer|Dave Shank|Dave Sharp|Dave Shogren|Dave Silber|Dave Simonett|Dave Smalley|Dave Smith|Dave Smith|Dave Smith|Dave Snyder|Dave Somerville|Dave Spitz|Dave Spoon|Dave Stauble|Dave Stewart|Dave Stewart & Barbara Gaskin|Dave Stuart|Dave Suh|Dave Swanson|Dave Swanson|Dave Swarbrick|Dave Taylor|Dave Tech Nice|Dave Thomas|Dave Thomas/Rick Moranis|Dave Thomson|Dave Tipper|Dave Tirio|Dave Tolliver|Dave Tomlinson|Dave Torbert|Dave Tosti|Dave Tregunna|Dave Turncrantz|Dave Valentin|Dave Valentine|Dave Von Dollen|Dave Vroman|Dave Wakeling|Dave Walker|Dave Walsh|Dave Wanamaker|Dave Wanklin|Dave Wardell|Dave Waterbury|Dave Watt|Dave Weckerman|Dave Weckl|Dave Weckl Band|Dave Weiss|Dave Weld|Dave Welsh|Dave Whelan|Dave White|Dave White Tricker|Dave Wiley|Dave Williams|Dave Wilson|Dave Winthrop|Dave Wintour|Dave Witte|Dave Wofford|Dave Wyndham|Dave Wyndorf|Dave X|Dave Yanul Hernandez|Dave Yoha|Dave York and The Beachcombers|Dave Yorko|Daveed Diggs|Daveigh Chase/Briana Evigan|Davell Crawford|Daves Highway|Davey "Crockett" MacManus|Davey Carton|Davey Faragher|Davey Freyer|Davey Havok|Davey Johnstone|Davey Latter|Davey Pattison|Davey Pierce|Davey Suicide|Davey vonBohlen|Davichi|Davichi & T-ara|David|David|David|David "Ace" Allen|David "Davinch" Chance|David "DC" Yeager|David "E" Frazier|David "E.K.A." Devoux|David "Hawk" Wolinski|David "Honeyboy" Edwards|David "Jay" Black|David & David|David & Jimmy Ruffin|David & Jonathan|David & Nicole Binion|David A. Silver|David A. Stewart|David Aaron Carpenter|David Abeyta|David Adam Byrnes|David Agent|David Alan Basche/Christian Clemenson|David Alan Grier|David Alan Miller|David Alexander|David Allan Coe|David Allan Coe And Bill Anderson|David Allen Grier|David Amado|David Amezcua|David Amores|David And Steve Gordon|David Andrew Sitek|David Andrews|David Angell|David Antunes|David Archuleta|David Archuleta & Nathan Pacheco|David Arkenstone|David Arnold|David Arquette|David Arquette/Oliver Platt|David Ashmore|David Atchison|David Atkins|David Attenborough|David Axelrod|David Ayer|David Bach|David Baerwald|David Baker|David Balakrishnan|David Ball|David Banner|David Banner Featuring Lil Wayne|David Barbe|David Barker|David Bartlett|David Bassey|David Baughn|David Baynton-Power|David Bazan|David Beasley|David Beaver|David Bell|David Bellamy|David Belle|David Bennett Cohen|David Benoit|David Bentley|David Berger|David Berger & The Sultans Of Swing|David Berman|David Bermosk|David Best|David Binney|David Bird|David Bisbal|David Black|David Blaise|David Blue|David Bonk|David Boreanaz|David Boreanaz/Charisma Carpenter|David Boreanaz/Denise Richards|David Boreanaz/Emily Deschanel|David Boreanaz/James Marsters|David Borne|David Boswell|David Botkin|David Bowie|David Bowie & Scumfrog|David Bowie/Pat Metheny Group|David Bradley|David Brent|David Brigati|David Briggs|David Bromberg|David Bromberg Band|David Brown|David Broza|David Bryan|David Brymer|David Bryson|David Buchanan|David Bunton|David Bush|David Bussières|David Byrne|David Byrne & St. Vincent|David Byron|David Campbell|David Canary|David Caro|David Carr|David Carr|David Carradine|David Carreira|David Carroll & His Orchestra|David Carroll And His Orchestra|David Caruso|David Caruso/Emily Procter|David Cassidy|David Castle|David Cavazos|David Ceasar Johnson|David Cedeno|David Chamberlain|David Champagne|David Chandler|David Chapman|David Charles Abell|David Chernis|David Chesky|David Choi|David Civera|David Clarke|David Clayton|David Clayton-Thomas|David Clydesdale|David Cole|David Colon|David Conley|David Connell|David Conrad|David Cook|David Corcoran|David Corey|David Correy|David Coulter|David Couse|David Coverdale|David Cristy|David Crockett|David Crosby|David Crosby|David Crosby And Graham Nash|David Crosby/Graham Nash|David Cross|David Cross|David Crowder|David Crowder Band|David Cummings|David Cunningham|David Curry|David Da Rocha|David Dallas|David Daniels|David Darko|David Daughtry|David Davidson|David Daville|David de la Garza|David Deejay|David DeMaría|David Denny|David Desrosiers|David Dewaele|David Diamond|David Diamond|David Diebold/Kim Cataluna|David Diggs|David Dimuzio|David Dix|David Doucet|David Douglas|David Dowle|David Draiman|David Drew|David Duchovny|David Duchovny/Gillian Anderson|David Duchovny/Minnie Driver|David Duchovny/Natascha McElhone|David Duchovny/Orlando Jones|David Duffield Of We Are Leo|David Dundas|David Dunn|David Dunn|David Dunnett|David Dusing|David Ebo|David Egan|David Eisley|David Elitch|David Ellefson|David Emge|David English|David Essex|David Fair|David Fairstein|David Fallon|David Fanning|David Farias|David Faulkner|David Feito|David Fenton|David File|David Finckel|David Fitzgerald|David Fiuczynski|David Fonseca|David Fore|David Foster|David Foster|David Francey|David Frank|David Frankie Toler|David Fray|David Frazier|David Freeman|David Freiberg|David Frew|David Friedman|David Friesen|David Frizzell|David Frizzell & Shelly West|David Fryman|David G. Evans|David Gahan|David Gale|David Gamson|David Garcia|David Garfield|David Garfield|David Garibaldi|David Garrett|David Garrett|David Garrett|David Garthwaite|David Gates|David Gavurin|David Gaydon|David Geddes|David Geraghty|David Germain|David Getz|David Gilbert|David Gilmour|David Glasper|David Glen Eisley|David Glover|David Goldflies|David Gooday|David Goodes|David Gordon|David Gould|David Gould|David Grand|David Grant|David Gray|David Gregg|David Gregory|David Greilsammer|David Grisman|David Grisman Sextet|David Grissom|David Guetta|David Guetta & Nicky Romero|David Guetta Featuring Emeli Sande|David Guetta Featuring Justin Bieber|David Guetta Featuring will.i.am & Apl De Ap|David Guy|David Habbin|David Hackney|David Hakopyan|David Hall|David Hallyday|David Harbour|David Harrington|David Harris|David Harvey|David Hasselhoff|David Hasselhoff/Erika Eleniak|David Hasselhoff/Pamela Anderson|David Hasselholf/Linda Blair|David Hayes|David Hayman|David Hazeltine|David Heavener|David Helfgott|David Henderson|David Henman|David Henrie|David Hess|David Hewitt|David Hewlett|David Hidalgo|David Hill|David Hinds|David Hingerty|David Hinkler|David Hinsley|David Hirschfelder|David Hobbs|David Hodges|David Hodo|David Holmes|David Honeyboy Edwards|David Hood|David House|David Houston|David Houston|David Houston|David Hoyer|David Huckfelt|David Hudson|David Hudson|David Hughes|David Hungate|David Ian|David Immerglück|David Ingham|David Ingles|David Inglis|David Ingraham|David Ireland|David Isaacs|David Isen|David J|David J. Lichens|David Jackson|David Jalbert|David James|David James|David James Elliott|David James Elliott/Catherine Bell|David James Elliott/Tracey Needham|David Janssen/Barry Morse|David Jenkins|David Jeremiah|David Jimenez|David Johansen|David Jones|David Jones|David Jones|David Jones (dupe 1)|David Jordan|David Jordan|David Joseph|David Josiah Curtis|David Josias|David Kada|David Kane|David Kaplan|David Kay|David Keith|David Kelley|David Kemper|David Kendrick|David Kennedy|David Kersh|David Keuning|David Kilgour And The Heavy 8's|David King|David Klinkenberg|David Knapp|David Knapp Feat. Angee Blake|David Knights|David Knopfler|David Knudson|David Koechner/Melora Hardin|David Konopka|David Koz|David Krumholtz|David L. Holt|David LaFlamme|David Lamb|David Lamoureux|David Lang|David Lanz|David Lanz & Paul Speer|David Lasley|David Latour|David Lee Garza|David Lee Garza y los Musicales|David Lee Holt|David Lee Murphy|David Lee Roth|David Leisner|David Leonard|David Leonhardt|David Lerchey|David Leshare Watson|David Levi|David Lewis|David Lewis|David Lindgren|David Lindgren (dupe 1)|David Lindley|David Lindley & El Rayo-X|David Lindqvist|David Lockwood|David Loggins|David Long|David Longoria|David Lovering|David Lowe|David Lowery|David Lynch|David Lynch|David Lynn Jones|David Maldonado|David Mancuso|David Mann|David Mann/Christian Keyes|David Mansfield|David Marez|David Margen|David Marion|David Marks|David Martin|David Matheson|David Matthews|David May|David McCabe|David McCabe|David McCallum|David McClymont|David McKenzie Guthrie|David McNair|David McWane|David Measham|David Medd|David Meece|David Mel|David Michael Marion|David Michael Phillips|David Michaelson|David Miles|David Miller|David Montgomery|David Morales|David Morales & the Bad Yard Club|David Morales Presents The Face|David Morales With Tamra Keenan|David Morgan|David Morris Jr|David Morrissey|David Morrissey (dupe 1)|David Morse|David Moss|David Moufang|David Moyse|David Mullen|David Muñoz|David Murray|David Murray|David Muse|David Myles|David Nail|David Narcizo|David Naughton|David Nelson|David Nevue|David Newman|David Newton|David Niven|David Noyes|David Odlum|David Ohanian|David Oistrakh|David Oliffe|David Olivarez|David Oliver|David Oliver|David Oliver|David Osmond|David Otero|David Owen|David P. Stevens|David Pabon|David Pack|David Packer|David Padron|David Paich|David Pajo|David Palma|David Palmer|David Palmer|David Parry|David Paton|David Pavkovic|David Pavluk|David Paymer|David Peacock|David Peaston|David Peel & The Lower East Side|David Pelsue|David Penzo|David Perper|David Perry|David Peters|David Petratos|David Pfeffer|David Phelps|David Phelps|David Piltch|David Piribauer|David Pirner|David Plumpton|David Ponci|David Poole|David Pop|David Porter|David Porter|David Price|David Prowse|David Pulphus|David Ragsdale|David Raines|David Ralicke|David Ramirez|David Rasche|David Rawlings|David Ray|David Readman|David Reece|David Reilly|David Resnik|David Rix|David Roach|David Roads|David Roback|David Robbins|David Robertson|David Robinson|David Rogers|David Rogers|David Rolas|David Romani|David Rose|David Rosenthal|David Rostamo|David Roth|David Rotheray|David Rozemeyer|David Rudd|David Ruffin|David Ruffin & Eddie Kendrick|David Rush|David Russell|David Russell Baptiste|David Russo|David Ryan|David Ryan Strauchman|David Sabatino|David Sanborn|David Sanchez|David Sandström|David Sanger|David Satori|David Saylor Y Miriam Fultz|David Schallock|David Schelzel|David Schmitt|David Schuler|David Schwartz|David Schwimmer|David Schwimmer/Mili Avital|David Scott|David Sea|David Sellar|David Servin|David Seville|David Seville & The Chipmunks|David Shapiro|David Shaver|David Shaw|David Shelby|David Shifrin|David Sikes|David Silveria|David Simmons|David Simmys|David Skinner|David Skirving|David Slater|David Smith|David Soloway|David Soul|David Soul/James Mason|David Spade|David Speegle|David St. Etienne|David St. Hubbins|David St. Romain|David Stead|David Steele|David Stoltenberg|David Stone|David Strathairn/Patricia Clarkson|David Strayer|David Suchet|David Sullivan-Kaplan|David Summers|David Suycott|David Swafford|David Swift|David Sylvian|David Sylvian & Robert Fripp|David T Walker|David Talbot|David Tamaoka|David Tavare|David Teegarden|David Teie|David Tennant|David Tennant/Billie Piper|David Tennant/Catherine Tate|David Tennant/Freema Agyeman|David Thewlis|David Thibault|David Thibault|David Thomas|David Thomas|David Thorne|David Threlfall|David Tolk|David Tolliver|David Tolmie|David Tomlinson|David Toop|David Torn|David Townsend|David Uosikkinen|David Usher|David Usher Featuring Marie-Mai|David Van Day|David Van Tieghem|David Vassalotti|David Vaught|David Vega|David Vendetta|David Verellen|David Verner|David Vervoort|David Victor|David Vincent|David Virelles|David Visan|David Volgman-Stevens|David W. Jones|David W. Jones|David Wagenschutz|David Wain|David Walker|David Walker & High Praise|David Wallace|David Walsh|David Warner|David Was|David Washington|David Wax Museum|David Waxman|David Wayne|David Weiss|David Wells|David Werner|David Westlake|David White|David Wilcox|David Wilkins|David Williams|David Williams|David Wills|David Wingo|David Winogrond|David Wm. Sims|David Wright III|David Yarritu|David Young|David Yow|David Z.|David Zach|David Zaffiro|David Zepeda|David Zinman|David Zonarosa|David Zowie|David-Dorian Ross|Davide|Davide Esposito|Davide Shorty|Davide Squillace|Davide Van De Sfroos|Davido|Davido & Neuhaus|Davie Allan|Davie Allan & the Arrows|Davie Allan And The Arrows|Davies|Davilita|Davin Clark|Davina|Davina & the Vagabonds|Davina And The Vagabonds|Davis Causey|Davis Daniel|Davis Howard|Davis Leduke|Davis Spear|Davisson Brothers Band|Davol|Davon|Davy Baysinger|Davy D|Davy D.|Davy Hughes|Davy Jones|Davy Knowles|Davy Knowles & Back Door Slam|Davy O'List|Davy Soillane|Davy Spillane|Davyne|DAWA|Dawes|Dawes|Dawin|Dawin|Dawkins & Dawkins|Dawn|Dawn|Dawn|Dawn|Dawn & Hawkes|Dawn Avenue|Dawn Chastain|Dawn Elektra|Dawn Featuring Tony Orlando|Dawn Golden|Dawn Golden & Rosy Cross|Dawn Landes|Dawn McCarthy|Dawn of Midi|Dawn Penn|Dawn Richard|Dawn Richardson|Dawn Richardson|Dawn Robinson|Dawn Schutt|Dawn Sears|Dawn Silva|Dawn Tallman|Dawn Thomas|Dawn Upshaw|Dawn Watley|Dawn Woods|Dawnett Faucett|Dawson Smith|Dax Riders|Dax Riggs|Dax Shepard/Will Arnett|Day|Day 6|Day Ewbank|Day Johnston|Day of Fire|Day of the Dead|Day Ta Day|Day Wave|Day26|Day6|Daya|Daya|Daya|Dayan Korolic|Dayanara|Daybreak|Daydreamer|Daye Jack|Daylight|The Daylights|Daym Drops|Daymé Arocena|Dayna Caddell|Dayna Stephens|Days Difference|Days of the New|Dayseeker|Dayshell|The Daysleepers|Daystar Worship|Dayton|Dayton Cantley|The Dayton Family|Daytona|Daytrader|Dayvon|Daz|Daz Dillinger|Daz Sampson|Daz Saund|Daze|Dazz Band|Dazzie Dee|DB Boulevard|DB Clifford|DB Sound|The dB's|dbClifford|dBerrie|DBG'z|DBN|DBP Music|DBX|DC|dc Talk|DC the Brain Supreme|DCS|DCS Featuring Juan Magan|DCUP|Dcvdns|DDT|Ddy Nunes|De Biker Boys|De Blanc|De De Ames|De De O'Neal|De Dijk|De Eneste To|De Fjerne Slektningene|De Hofnar|De Janeiro|De Jeugd Van Tegenwoordig|De Kraaien|De la Ghetto|De La Soul|De La Soul Featuring Common Sense|De La Soul's Plug 1 & Plug 2|De la Tierra|De La Tierra|De Lorean|De Pitaboys|De Randfichten|De Red Boyz|De Sluwe Vos|De Souza|De Vet Du|De Welpies|DE'1|De'Lacy|De'Mar Hamilton|De'sean Jones Septet|De-Grees|De-Javu|Deacon Blue|Deacon the Villain|The Deacons|Dead 27s|The Dead 60s|Dead Boys|Dead by April|Dead by Sunrise|Dead Can Dance|Dead Combo|Dead Confederate|Dead Country|Dead Cross|The Dead Daisies|Dead Kennedys|Dead Letter Circus|Dead Man Winter|Dead Man's Bones|Dead Meadow|The Dead Milkmen|Dead Obies|Dead On|Dead or Alive|Dead Poetic|Dead Prez|The Dead Rabbitts|Dead Ringaz|Dead Sara|Dead Season|The Dead South|Dead to Fall|The Dead Weather|Deadboy & the Elephantmen|Deadeye Dick|The Deadly Gentlemen|Deadmau5|Deadmau5 & Kaskade|Deadships|Deadsy|Deaf Havana|Deafheaven|Deair|Deakin|Dean|Dean|Dean & Britta|Dean & Jean|Dean & Marc|Dean Alexander|Dean And Jean|Dean Atkinson|Dean Back|Dean Bernardini|Dean Berner|Dean Brody|Dean Brody feat. Alan Doyle|Dean Butterworth|Dean Cain|Dean Cain/Terri Hatcher|Dean Chamberlain|Dean Christie|Dean Clean|Dean Cohen|Dean Cortez|Dean Cutenelli|Dean Daughtry|Dean Davidson|Dean Davies|Dean DeLeo|Dean Dillon|Dean Dinning|Dean Evenson|Dean Evenson & Tom Barabas|Dean Evenson/Li Xiangting|Dean Felber|Dean Fertita|Dean Ford|Dean Friedman|Dean Fujioka|Dean Fujioka|Dean Garcia|Dean Herrera|Dean Hopper|Dean Howard|Dean Hurley|Dean James|Dean Jones|Dean Justin|Dean Kastran|Dean Kosh|Dean Lewis|Dean Marshall|Dean Martin|Dean Menta|Dean Miller|Dean Mongerio|Dean O'Gorman|Dean Parkin|Dean Parrish|Dean Pichette|Dean Pleasants|Dean Ray|Dean Reed|Dean Roberts|Dean Roland|Dean Russell|Dean Sams|Dean Saunders|Dean Spunt|Dean Stockwell|Dean Stockwell/Leah Lail|Dean Taylor|Dean Tomasek|Dean Torrence|Dean Townson|Dean Wareham|Dean Ween|The Dean Ween Group|Dean Woodward|Deana Carter|Deana Martin|DeAndre|DeAndre Patterson|Deane Hawley|Deanna|Deanna Bogart|DeAnna Cool|Deanna Johnson|Deanna Varagona|DeAnne Horn|Deantoni Parks|Deap Vally|Dear 23|Dear and the Headlights|Dear Enemy|The Dear Hunter|Dear Jack|Dear Jayne|DEAR KISS|Dear Rouge|Deardorff & Joseph|The Dears|Deas Vail|Death|Death|Death|Death Angel|Death Before Dishonor|Death Cab for Cutie|Death from Above 1979|Death Grips|Death Therapy|Death Vessel|Deathstars|Deb Googe|Deb Talan|Deb's Daughter|DeBarge|Debbe Neville|Debbi Peterson|Debbie Allen|Debbie Campbell|Debbie Dare|Debbie Davies|Debbie Dean|Debbie Deb|Debbie Dovale|Debbie Friedman|Debbie Gibson|Debbie Harry|Debbie Jacobs|Debbie Jacobs-Rock|Debbie Loeb|Debbie Lori Kaye|Debbie Lynch-White|Debbie Martin|Debbie Perez|Debbie Peters|Debbie Reynolds|Debbie Reynolds|Debbie Reynolds/Kimberly J. Brown|Debbie Rich|Debbie Rocker|Debbie Rreynolds|Debbie Sanders|Debbie Sledge|Debbie Swisher|Debbie Taylor|Debbie Tebbs|Debbie Winans|Debbie Wiseman|Debbie Wright|Debby Boone|Debby Holiday|Debby Ryan|Debelah|Debelah Morgan|Debi Hawkins|Debi Nova|Debo Band|Debonaires|Debora Iyall|Deborah|Deborah Allen|Deborah Coleman|Deborah Cooper|Deborah Cox|Deborah Crocker|Deborah Driggs|Deborah Foreman|Deborah Gibson|Deborah Harry|Deborah Hunter|Deborah Iurato|Deborah Jacobs|Deborah Joy Winans|Deborah Kerr|Deborah Lehnen|Deborah Lurie|Deborah Martin|Deborah Meyers|Deborah N. Hurwitz|Deborah Raffin|Deborah Rath|Deborah Roberts|Deborah Sasson & MCL|Deborah Schnelle|Deborah Shelton|Deborah Silver|Deborah Voigt|Deborah Washington|Debra Anderson|Debra Andrew|Debra Barber|Debra Dejean|Debra Hurd|Debra Killings|Debra Laws|Debra Messing|Debra Michaels|Debra Winger|Debra-Jean Creelman|Debrah Farentino|Debrah Scarlett|Debreca|Decai|Decapitated|December|December Featuring Yoonmi, Irene|Decemberadio|The Decemberists|Decembre Noir|Decembre, Le Noel De Quebec Issime|Dechen Shak-Dagsa|Dechen Shak-Dagsay|Decibel|Decibel|Deck d'Arcy|Declan|Declan Cluskey|Declan Lucey|Declan McKenna|Declan Mulligan|Deco|Decoder|Deconstruction|Decoration|Decory Kenner|Decrepit Birth|Decyfer Down|Ded|Dede|Dede Leitta|Dee|Dee Boyle|Dee Bristol|Dee Brown|Dee C. Lee|Dee Cisneros|Dee Clark|Dee Dee|Dee Dee|Dee Dee|Dee Dee Bridgewater|Dee Dee Kenniebrew|Dee Dee Mango|Dee Dee Ramone|Dee Dee Sharp|Dee Dee Sharp Gamble|Dee Dee Warwick|Dee Dee Wilde|Dee Edwards|Dee Harvey|Dee Holloway|Dee Jay & The Runaways|Dee Jay And The Runaways|Dee Jay Silver|Dee Johnson|Dee Long|Dee Lucas|Dee Martello|Dee Mullins|Dee Murray|Dee Robert|Dee Snider|Dee Wallace|Dee Wallace Stone|Dee Wallace/Daniel Hugh-Kelly|Dee Wallace/Peter Coyote|Dee X Jay|Dee-1|Deebri Music|Deedee Magno Hall|Deeds of Flesh|Deedz B|Deee-Lite|Deejay Telio|The Deele|Deemi|Deen|Deen Castronovo|Deen Dell|Deena Jones And The Dreams|Deep|Deep 6|Deep Blue Something|Deep C|Deep Cotton|Deep Dish|Deep Dish Presents Prana|Deep Dish Presents Quench|Deep Forest|Deep Influence|Deep Purple|Deep Red|Deep Rooted|Deep Sea Diver|Deep Sleep|Deep Sleep Systems|Deep Space Network|Deep State|Deep Step|Deep Swing|Deep Velvet|Deep Zone|Deep Zone Featuring Ceybil Jefferies|Deepa Soul|Deepa Soul (dupe 1)|Deepak Chopra|Deepak Chopra M.D.|Deepak Chopra/Adam Plack|Deepend|Deeper|Deepest Blue|Deepface|Deepfield|Deepgroove|Deepika Padukone|Deepsky|Deer Tick|Deerhoof|Deerhunter|Deesha|Deetranada|Deetron|Deevani|Def con 4|Def Dames|Def FX|Def Jef|Def Leppard|Def Squad|Def Tech|Defari|Default|Defconn Featuring Mina of Girl's Day|Defeater|Deff Boyz|Definition FX|Definition of Sound|DeForest Kelley|DeFranco Family|The DeFranco Family|DeFrantz Forrest|Deftones|DeGarmo & Key|Degeneration|Dego|DeGrazio|Degreed|Degrees of Motion|Degrees Of Motion Featuring Biti|Dehl Berti|Deichkind|Deicide|Deidre Muro|Deificos|Deine Lakaien|Deine Lieblingsrapper|Deion Sanders|Deirdre Shannon|Deitrick Haddon|Deitrick Haddon & Hill City Worship Camp|Deitrick Haddon's LXW (League of Xtraordinary Worshippers)|DeJ Loaf|DeJ Loaf Featuring Big Sean|Déjà|Déjà Vu|Dejan Lazic|DeJohn Sisters|DeJohnette/Goldings/Scofield|Dekite|Del|DEL 5|Del Amitri|The Del Fuegos|Del Gray|Del John|Del Marquis|Del McCoury|The Del McCoury Band|Del Ramos|Del Reeves|Del Shannon|Del Soul String Quartet|Del the Funky Homosapien|Del Vikings|The Del Vikings|Del'b|Dela|The Delacardos|Delacey|Delain|Delaney & Bonnie|Delaney Bramlett|Delaney Cusic|Delaney Jane|Delano|Delaware Symphony Orchestra|Delays|Delbert & Glen|Delbert McClinton|Delbert Taylor|Delegates|Delegation|DeLeon|DeLeon Richards|Delerium|Delerium Featuring Sarah McLachlan|Deleterio|Delfeayo Marsalis|Delfin Perez|The Delfonics|Delhi 2 Dublin|The Deli|Deli Spice|Delia Bell|Delia Gartrell|Delia Gonzalez|Delia Gonzalez & Gavin Russom|Delia Rene|Delicate Steve|Delilah|Delinquent|Delinquent Habits|The Delinquents|Delious|Delirious?|DeLisle Harper|Delissa Davis|Delite|Deliverance|Deliverance|Deliverance|Deliverance/Eric Weissberg & Steve Mandell|Della|Della|Della|Della Humphrey|Della Mae|Della Reese|Della, Magic Power|Delli'O|Dellio|The Dells|The Dells|Dellux|Delmos Whitley|DeLo Nuestro..|Delois Barrett Campbell|DeLon|Delon|DeLon|Delorean|Delores "Honey" Wylie|Delores Dunning|Delores Johnson|Deloris Washington|Delour Dimension Featuring Queen Mary|Delphic|Delphine Cook|Delroy Lindo|Delroy Lindo/Idris Elba|Delsena|Delta 5|Delta Burke/Dixie Carter|Delta Burke/Tom Arnold|Delta Deep|Delta Goodrem|Delta Lady|Delta Rae|Delta Spirit|Deltron 3030|Deluge|Deluxe featuring M|Delvin Choice|DeLyn|Delyno|Dem Atlas|Dem Boiz|Dem Franchize Boyz|Dem Get Away Boyz|Dem Get-A-Way Boyz|Dem Ghetto Playa$|Dem HoodStarz|Dem Jointz|Dem Orchester Pepe Lienhard|Demarco|Demarco Flamenco|Demarco Flamenco|Demastas|Demba "Ear" Nabé|Deme|The Demensions|Demente|Demetra "Dee" Plakas|Demetreus|Demetri Callas|Demetri Martin|Demetria McKinney|Demetriss Tapp|Demetrius "Meany" Hardin|Demetrius Nabors|Demi Frere|Demi Lovato|Demi Lovato & Joe Jonas|Demi Lovato, Alyson Stoner & Anna Maria Perez de Tagie|Demi Lovato/Joe Jonas|Demi Moore|The Demigodz|Demis Roussos|Demon Hunter|Demond|Demons & Wizards|Demos Petropoulos|Dempagumi.inc|Demrick|Demun Jones|Demy|Demy|Den Harrow|Den Svenska Bjornstammen|Den Unge Fleksnes|Dena Cali|Dena Deadly|Dena Tauriello|Dendemann|Denetria Champ|Denez Prigent|Deng Chao|Deng Chao|Deng Chao|Deng Chao, Dong Zijian, Han han|Dengaz|Dengee|Dengue Dengue Dengue|Dengue Fever|Deni Hines|Deniece Williams|Denine|Deniro Farrar|Denis D'amour|Denis Belanger|Denis de Coteau|Denis Filipe|Denis Forbes|Denis Haines|Denis Leary|Denis Leary/Jack McGee|Denis Leary/Michael Lombardi|Denis Levesque|Denis Matsuev|Denis Naidanow|Denis Payton|Denis Shaforostov|Denis Simpson|Denis The Menace|Denis Wielemans|Denise|Denise Austin|Denise de Kalafe|Denise Djokic|Denise Dunning Crawford|Denise Edwards|Denise Johnson|Denise Jones|Denise LaSalle|Denise Lewis|Denise Lopez|Denise McCann|Denise Price|Denise Renee|Denise Richards|Denise Smith|Denise Welch|Denisse Guerrero|Denita Gibbs|Deniz Koyu|Denki Groove|Dennis "D.T." Thomas|Dennis Becker|Dennis Belfield|Dennis Bellinger|Dennis Bohn|Dennis Bottoms|Dennis Brockenborough|Dennis Brown|Dennis Burke|Dennis Casey|Dennis Chambers|Dennis Christopher/Dennis Quaid|Dennis Coffey|Dennis Coffey & the Detroit Guitar Band|Dennis Conroy|Dennis Correll|Dennis Coulson|Dennis Cronin|Dennis Crouch|Dennis Culp|Dennis D'Ell|Dennis Da Menace|Dennis Danell|Dennis DeCarr|Dennis Delorme|Dennis DeYoung|Dennis Diken|Dennis Drew|Dennis Edwards|Dennis Ekdahl|Dennis Elliott|Dennis Farina|Dennis Ferrer|Dennis Flemion|Dennis Franz|Dennis Franz/Jimmy Smits|Dennis Frazier|Dennis Gilmore|Dennis Good|Dennis Greaves|Dennis Greene|Dennis Haysbert|Dennis Haysbert/Robert Patrick|Dennis Hopper|Dennis Huige|Dennis Jernigan|Dennis Johnson|Dennis Kamakahi|Dennis Keller|Dennis Kelly|Dennis Larden|Dennis Lee|Dennis Leeflang|Dennis Lindsey|Dennis Locorriere|Dennis Lyxzén|Dennis Manuel|Dennis Marcellino|Dennis Marsh|Dennis McGee|Dennis Merrick|Dennis Miccolis|Dennis Michaelis|Dennis Miller|Dennis Miller|Dennis Parker|Dennis Pavia|Dennis Payne|Dennis Penna|Dennis Pepa|Dennis Prager|Dennis Provisor|Dennis Quaid|Dennis Quaid/Andie MacDowell|Dennis Quaid/Jim Caviezel|Dennis Quaid/Matthew Fox|Dennis Quaid/Rene Russo|Dennis Quaid/Rene Russo (dupe 1)|Dennis Quaid/Rob Brown|Dennis Quaid/Sarah Jessica Parker|Dennis Reed|Dennis Reed & Gap|Dennis Richardson|Dennis Robbins|Dennis Rodman|Dennis Rowe|Dennis Russell Davies|Dennis Sanders|Dennis Seaton|Dennis Sheperd|Dennis Smith|Dennis Springer|Dennis Stratton|Dennis Sy|Dennis Taylor|Dennis the Menace|Dennis Thompson|Dennis Tufano|Dennis Vanleeuwen|Dennis Weaver|Dennis Wilcock|Dennis Williams|Dennis Wilson|Dennis Wilson|Dennis Wohlbold|Dennis Wolfe|Dennis Yost|Dennis Yost & the Classics IV|Dennis Yost And The Classics IV|Dennis Yost/Classics IV|Denny Balicki|Denny Blake|Denny Carmassi|Denny Corbett|Denny Craswell|Denny Dadmun-Bixby|Denny Dias|Denny Doherty|Denny Fongheiser|Denny Hilton|Denny Lahome|Denny Laine|Denny Reed|Denny Seiwell|Denny Strickland|Denny Tsettos|Denny Walley|Denny Weaver|Denny Zager|Denosh|Denroy Morgan|Dente|Denton|Denver & The Mile High Orchestra|Denver Dalley|Denver Symphony (Entremont)|Denver Symphony Pops (Wayland)|Denvil Liptrot|Denyce Graves|Denzel Aquarius'killa Curry|Denzel Curry|Denzel Washington|Denzel Washington/Angelina Jolie|Denzel Washington/Clive Owen|Denzel Washington/Dakota Fanning|Denzel Washington/Ethan Hawke|Denzel Washington/Forest Whitaker|Denzel Washington/Russell Crowe|Denzel Washington/Val Kilmer|Denzil Foster|Deodato|Deon Cole|Deon Estus|Deon Jackson|Deon Kipping|Deon Rexroat|Deondra Brown|Deorro|Departamento del Ritmo|Departed|The Departed|Department of Eagles|Department of Good and Evil|Department S|Departure|Depeche Mode|Deportivo|Deptford Goth|DeQuina Moore|Der BVB-Jahrhundertchor|Der Club Of Gore|Der Graf|Der Graf von Stein|Der Lange|Der W|The Derailers|Deraj|Deraj & B. Cooper|Derb|Derek|Derek|Derek "Chap Stique" Mount|Derek "Del Boy" Greening|Derek "Dirt" Wiley|Derek "Mo" Moore|Derek & Cyndi|Derek & the Dominos|Derek Almstead|Derek Anderson|Derek B|Derek B.|Derek Bell|Derek Bloom|Derek Bramble|Derek Breakfield|Derek Brown|Derek Davis|Derek Delves|Derek DeSantis|Derek Dickson|Derek Doherty|Derek Dunivan|Derek Forbes|Derek Frigo|Derek Fudesco|Derek G|Derek Gibbs|Derek Gledhill|Derek Grant|Derek Greten-Harrison|Derek Gripper|Derek Harn|Derek Hess|Derek Holt|Derek Hough|Derek Huston|Derek Jeter|Derek Johnson|Derek Kerswill|Derek King Featuring Tj Bridges|Derek Kwan|Derek Leckenby|Derek Lewis|Derek Longmuir|Derek Luke|Derek Luke/Denzel Wasington|Derek Luke/Michael Ealy|Derek Martin|Derek McKenzie|Derek Miller|Derek Minor|Derek Moore|Derek Murray|Derek O'Brien|Derek Pellicci|Derek Perry|Derek Perry|Derek Petrella|Derek Petrella|Derek Pressnall|Derek Quinn|Derek Reilly|Derek Richardson/Eric Christian Olsen|Derek Rieth|Derek Roddy|Derek Rusel|Derek Ryan|Derek Rydquist|Derek Sanders|Derek Sherinian|Derek Smalls|Derek Smith|Derek St. Holmes|Derek Trucks|The Derek Trucks Band|Derek Vaughn|Derek Webb|Derek Weber|Derek Welsh|Derek Youngsma|Derelect Camp|Derez Deshon|Deric Ruttan|Derick Cordoba|Dermot And Dave|Dermot Byrne|Dermot Mulroney|Dero|Dero Goi|Deron Miller|Derran Day|Derrel Houdashelt|Derri Daugherty|Derrick "Doc" Pearson|Derrick "Tripp" Tribbett|Derrick Bostrom|Derrick Brantley|Derrick Brinkley|Derrick Carter|Derrick DeBeer|Derrick Decker|Derrick Dorsey|Derrick Frost|Derrick Green|Derrick Hodge|Derrick Horne|Derrick Laro And Trinity|Derrick McKenzie|Derrick Milan|Derrick Monk|Derrick Plourde|Derrick Sherman|Derrick Shezbie|Derrick Simpson|Derrick Starks|Derrick Starks & Today's Generation|Derrick Walker|Derrick Wells & Legacy|Derringer|Derron Nuhfer|Derry Brownson|Derty|Dervin Gordon|Deryck Whibley|Deryl Dodd|Des Deyer|Des Dyer|Des Kensel|Des Morris|Des'Ray|Des'ree|Desaparecidos|Desaparecidos|Desarae Wild|Descemer Bueno|Descemer Bueno Martínez|Descendents|Descloc|Desert|Desert|Desert|Desert Dragon|Desert Rose Band|Desi Arnaz|Desi Arnaz, Jr.|Desi Valentine|Designer Drugs|Desiigner|Desirae Brown|Desire|Desiya|Deskee|Desloc|The Deslondes|Desmond Child|Desmond Child & Rouge|Desmond Child And Rouge|Desmond Dekker|Desmond Dekker|Desmond Dekker & the Aces|Desmond Earley|Desmond Greggs|Desmond Pringle|Desmond Williams|deSol|Desperation Band|Despina Vandi|Despised Icon|Despistaos|Despoina Olympiou|Despot|Dessa|Destenee|Destin Monet Haddon|Destination X|Destineak|Destino|Destiny Praise|Destiny Vegas|Destiny's Child|Deston Berry|DeStorm|Destorm Power|Destro Destructo|Destroy Rebuild Until God Shows|Destroy the Runner|Destroyer|Destruction|Destruction Unit|Destructo|Det|Det Reirruc/Club's Rappers|Detail|Detective|The Detergents|Dethklok|Detlef Petersen|Detour 180|Detox|Detroit|Detroit Emeralds|The Detroit Emeralds|Detroit Grand Pu Bahs|Detroit Grand Pubahs|Detroit Pistons|Detroit Red Wings|Detroit Swindle|Detroit Symphony (Dorati)|Detroit Symphony (Jarvi)|Detroit Symphony Orchestra|Detroit's Most Wanted|Detrons|Deuce|Deuce|Deuce (dupe 1)|Deuce Gorgon|Deuce Komradz|dEUS|Deuter|Deutsche Radio Philharmonie Saarbrucken Kaiserslautern|Deutsches Symphonie-Orchester Berlin|Dev|Dev|Dev Gupta|Dev Hynes|Dev Negi|Dev Patel/Freida Pinto|Deva Premal|Devadip Carlos Santana|DeVante|DeVante Swing|Devendra Banhart|Deviations Project|deviationsPROJECT|Device|Device|Device (dupe 1)|Devil|Devil And The Deep Blue Sea|Devil City Angels|The Devil Makes Three|Devil Sold His Soul|The Devil Wears Prada|Devil You Know|Devil's Brigade|DevilDriver|Devilment|Devilz Rejectz|Devin Chaulk|Devin Dawson|Devin Di Dakta|Devin Lebsack|Devin Lima|Devin McGlamery|Devin Ruben Perez|Devin Shelton|Devin the Dude|Devin Townsend|Devin Townsend Project|Devin Welch|Devin Williams|Devinity|Devious One|Devius|Devlin|Devlin|Devo|Devo|Devo 2.0|Devo D.|Devon Allman|Devon Ashley|Devon Baldwin|Devon Glenn|Devon Sawa|Devon Sawa/Ali Larter|Devon Sawa/Bridgette Wilson-Sampras|Devone|The Devons|Devonsquare|Devonte|Devonté Hynes|Devos|Devoshun|DeVotchKa|The Devotions|Devour the Day|Devourment|Devvon Terrell|Devyn Rose|Devyne Stephens "The Entertainer"|Dew|Dewayne Orender|DeWayne Quirico|DeWayne Woods|DeWayne Woods & When Singers Meet|Dewey Balfa|Dewey Brown|Dewey Bunnell|Dewey Gonnie|Dewey Martin|Dewian Gross|Dexter Fabay|Dexter Freebish|Dexter Gordon|Dexter Holland|Dexter Lloyd|Dexter Walker|Dexter Walker|Dexter Walker And Zion Movement|Dexter Wansel|Dexy's Midnight Runners|Dexys|Dexys Midnight Runners|The DEY|Dez|Dez|Dez Cadena|Dez Duron|Dez Fafara|Dezatados|Dezi Page|Dezi Phillips|Dezigual|Dezil|Dezrok|Dezron Douglas|DF Dub|DFC|DFP|DFW Dallas Fort Worth Mass Choir|DFX 2|DG|DG Yola|DGK|Dhani Harrison|Dhani Lennevald|Dhany|Dhar Braxton|Dharius|Dharoha Project|Dhuo|Di Astronauts featuring Sabrina Sabotage|Di Blasio|Di Scala|Di'Ja|Di-Rect|Dia|Dia Frampton|Diabolic|Diafana Krina|Dialog Dini Hari|Diam's|Diamante|Diamon Ra'mone|Diamond|Diamond|Diamond & Psychotic Neurotics|DIAMOND & THE PSYCHOTIC NEUROTICS|DIAmond (dupe 1)|Diamond and the Psychotic Neurotics|Diamond D|Diamond Eyes|Diamond Plate|Diamond Reo|Diamond Rings|Diamond Rio|Diamond Rugs|Diamond Shell|Diamond White|Diamond Youth|Diamond Zhang|Diamond Zhang|Diamond Zhang|Diamond Zhang|The Diamonds|Diamonique|Dian Diaz|Dian Parkinson|Diana|Diana Anaid|Diana Brown|Diana Brown & Barry K. Sharpe|Diana Currey|Diana Damrau|Diana DeGarmo|Diana Fox|Diana Fuentes|Diana Gloster|Diana Gordon|Diana Grasselli|Diana Hicks Hay|Diana Hubbard|Diana King|Diana Krall|Diana Navarro|Diana Ortiz|Diana Panton|Diana Reyes|Diana Rigg|Diana Ross|Diana Ross & Marvin Gaye|Diana Ross & the Supremes|Diana Rouvas|Diana Trask|Diana Upton-Hill|Diana Vickers|Diana Wang|Diana Wang|Diana Wang|Diana Wang|Diana Wang & Khalil Fong|Diana Wang Feat. 40|Diana Williams|Diandra|Diane|Diane Arkenstone|Diane Birch|Diane Dufresne|Diane Horner|Diane Keaton|Diane Keaton/Mandy Moore|Diane Keaton/Queen Latifah|Diane Kolby|Diane Ladd|Diane Lane|Diane Lane/Billy Burke|Diane Marie|Diane Maxwell|Diane Pfeifer|Diane Pfeiffer|Diane Ray|Diane Renay|Diane Richards|Diane Rovell|Diane Schuur|Diane Stewart|Diane Taylor|Diane Venora|Diane Warren|Diane Williams|Dianna Agron|Dianne Chai|Dianne Davis|Dianne Decker|Dianne Lee|Dianne Lennon|Dianne Reeves|Dianne Wesley|Dianne Wiest|Dianne Williams|Diarmuid Dalton|Diarrhea Planet|Diaz Bros.|Dibia$e|Dice Gamble|Dice Raw|Dick|Dick & Dee Dee|Dick & Mel Tunney|Dick Addrisi|Dick Allix|Dick and DeeDee|Dick Armin|Dick Brady|Dick Brave|Dick Brave & The Backbeats|Dick Butkus|Dick Curless|Dick Curless & Kay Adams|Dick Dale & the Del-Tones|Dick Dale and The Del-Tones|Dick Diamonde|Dick Dodd|Dick Feller|Dick Flood|Dick Foley|Dick Foran|Dick Freymuth|Dick Gerber|Dick Glass|Dick Gregory|Dick Halligan|Dick Hyman|Dick Hyman & His Electric Eclectics|Dick Kemper|Dick Knauss|Dick Lee|Dick Lopes|Dick McGavin|Dick Middleton|Dick Miles|Dick Moebakken|Dick Odgren|Dick Peterson|Dick Powell|Dick Richards|Dick Roby|Dick Roman|Dick Sargent|Dick Scoppettone|Dick Smith|Dick Smothers|Dick St. John|Dick Taylor|Dick Todd with The Appalachian Wildcats|Dick Trevor|Dick Valentine|Dick Van Dyke|Dick Walker|Dick Yount|Dick50|Dickey Betts|Dickey Betts Band|Dickey Lee|Dickie Goodman|Dickie Peterson|Dickon Hinchliffe|Dicky Barrett|Dicky Doo & the Don'ts|Dicky Doo And The Don'ts|Dicky Ranking|Dicky Thompson|The Dictators|Diddy|Diddy - Dirty Money|Didi Gutman|Didier Barbelivien|Didier Hernandez|Didier Lockwood Group|Didier Marouani|Didier Osindero|Didier Sinclair|Dido|Didrik Solli-Tangen|Didz Hammond|Die|Die 12 Cellisten|Die Aerzte|Die Amigos|Die Antwoord|Die Apokalyptischen Reiter|Die Ärzte|Die Atzen Frauenarzt|Die Beatles|Die Deutsche Kammerphilharmonie Bremen|Die Fantastischen Vier|Die Firma|Die Flippers|Die Happy|Die Krupps With Nitzer Ebb|Die Lochis|Die Lollipops|Die Mannequin|Die Neuen Osterreicher|Die Obersteirer|Die Orsosn|Die Paldauer|Die Prinzen|Die Tirolkrayner|Die Toten Hosen|Die Trying|Die Warzau|Die Wilden Kaiser|Die Zipfelbuben|Diecast|Diego|Diego|Diego|Diego|Diego "El Cigala"|Diego Abatantuono|Diego Amador|Diego Arrigoni|Diego Baliardo|Diego El Cigala|Diego el Cigala|Diego Espana|Diego Fasolis|Diego Ferrani|Diego Garcia|Diego Gomes|Diego Herrera|Diego Luna|Diego Luna/Romola Garai|Diego Miranda|Diego Raposo|Diego Raposo & Seyer|Diego Rivas|Diego Sanchez|Diego Schoening|Diego Simmons|Diego Torres|Diego Verdaguer|Diego Verduzco|Dierdre|Dierks Bentley|Diesel|Diesel|Dieselboy|Diesler|Diet Cig|Dieter Ahrendt|Dieter Bohlen|Dieter Hartmann|Dieter Laser|Dieter Meier|Dieter Petereit|Dietrich Fischer-Dieskau|Different Gear|Difford & Tillbrook|Diffuser|Difosco|Dig|Digable Planets|Digger|Diggie Die|Diggy|Diggy Dex|Diggy Simmons|Digital Age|The Digital Age|Digital Allies|Digital Farm Animals|Digital Lab|The Digital Orchestra|Digital Orgasm|Digital Punk|Digital Summer|Digital Trip|Digital Underground|Digitalism|Dihann Moore|DIIV|Dilated Peoples|Dilba|Dilemma|Diljit Dosanjh|Dillan Cole Brown|The Dillards|Dillavou|Dillinger|The Dillinger Escape Plan|Dillman Band|Dillon Cooper|Dillon Fence|Dillon Francis|Dillon Rupp|Dilraba, Leon Zhang|Dim Chord|Dim Chris|Dima Bilan|diMaro|Dimas Maciel|Dimash|Dimash|Dime Store Prophets|Dimebag Darrell|Dimensión Latina|Dimension-X|Dimie Cat|Dimitra Galani|Dimitri Bodiansky|Dimitri Coats|Dimitri from Paris|Dimitri McDowell|Dimitri Minakakis|Dimitri Mitropoulos|Dimitri Vangelis|Dimitri Vegas|Dimitri Vegas & Like Mike|Dimitri Vegas & Like Mike vs. W&W|Dimitri's Rail|Dimitris Kalantzis|Dimitris Mitropanos|Dimitris Papadimitriou|Dimitris Sgouros|Dimitrova|Dimmu Borgir|Dimos Anastasiadis|Dimples|Dimwit|Din|Dina Carroll|Dina Rae|Dinah Nah|Dinah Washington|Dinamicas del Norte|Dinand Woesthoff|Dinastia de Tuzantla, Mich.|Dinastia Norteña|Dinco D.|DinDin,Minah|Dinell Cook|Ding Dong|Ding Yu|Ding Yu|Dinho Ouro Preto|Dink|Dino|Dino|Dino|Dino Bardot|Dino Bardot|Dino Campanella|Dino Cazares|Dino Conner|Dino Danelli|Dino Dines|Dino Kourelis|Dino Martin Jr.|Dino Merlin|Dino MFU|Dino Of H-Town|Dino Psaiko|Dino Saluzzi|Dino V.|Dino Valente|Dino Valenti|Dino, Desi & Billy|Dinora y La Juventud|Dinosaur Bones|Dinosaur Jr.|Dinosaur L|Dinosaur Pile-Up|Dio|DIO (dupe 1)|Diogo Nogueira|Diogo Piçarra|Dion|Dion|Dion|Dion & The Belmonts|Dion (Di Muci)|Dion Allen|Dion Di Muci|Dion Murdok|Dioni Fernández|Dioni Fernandez y el equipo|Dionne|Dionne & Friends|Dionne Bromfield|Dionne Daniels|Dionne Farris|Dionne Mitchell|Dionne Warwick|Dionne Warwicke|Dionysos|Dionyza Sutton|Dios Es Bueno|The Dip|Diplo|The Diplomats|The Diplomats|The Diplomats|Dipset|Dir en Grey|Dire Straits|Direct|Direct Current|Dirge Within|Dirk Bergen|Dirk Dresselhaus|Dirk Freymuth|Dirk Lance|Dirk Lemmenes|Dirk Ostermann|Dirk Shumaker|Dirk Tourette|Dirk Von Lowtzow|DIRKSCHNEIDER|The Dirt Band|The Dirt Drifters|Dirt Nasty|Dirt Nation|Dirtbag|The Dirtball|Dirtfedd|dirtwire|Dirty|Dirty Arya|Dirty Audio|Dirty Beaches|Dirty Bourbon River Show|Dirty Dave Da Fly Guy|Dirty Dawgs|Dirty Disco|The Dirty Disco|Dirty Doering|The Dirty Dozen Brass Band|Dirty Ducks|The Dirty Guv'nahs|Dirty Heads|Dirty Laundry|Dirty Looks|Dirty Loops|Dirty Magic Cards|Dirty Mouth|Dirty Noise|Dirty Old Men|Dirty Pop|Dirty Pretty Things|Dirty Projectors|Dirty Radio|Dirty Rat|Dirty River Boys|Dirty Rose|Dirty Sanchez|Dirty South|Dirty South Divas|Dirty Three|Dirty Vegas|Dirty White Boy|Dirty Yella|DirtyFreqs|Dirtyloud|Dirtyloud|Dirtyphonics|Dirtyphonics|Dirtyrat|Dis `N' Dat|Dis-N-Dat|DISACODE|Disashi Lumumba-Kasongo|Disasterpeace|Disciple|Disciple|Disciple|Disciple|Disciples|Disciples|Disciples Of Christ|Disciples of Discipline|Disciples of Groove|Disclosure|Disclosure|Disclosure Featuring Eliza Doolittle|Disco|Disco & City Boyz|Disco And The City Boyz|Disco Biscuits|The Disco Biscuits|The Disco Boys|Disco Circus|Disco Citizens|Disco D|Disco Deejays|Disco Four|Disco Fries|Disco Incorporated|Disco Killerz & Liquid Todd|Disco Rick|Disco Rick And The Wolfpack|Disco Rick Featuring "The Dogs"|Disco Tex & The Sex-O-Letters|Disco Tex & The Sex-O-Lettes|Disco Tex and the Sex-O-Lettes|Discobitch|Discomind|Disconfect|Discovery|Disfunction-Ill|Dish|Dish|Dish|Dish//|Dishwalla|Diskonexion|Diskord|Dismemberment Plan|Disney|Disney Babies|Disney's Friends For Change|Disney's Karaoke Series|Dispatch|Disrupt|Distal|Distance|Distant Galaxy|Distant Soundz|Distant Worlds|Distant Worlds Philharmonic Chorus|Distant Worlds Philharmonic Orchestra|The Distillers|DISTORTION|District 78|The Districts|Disturbed|Disturbing tha Peace|Ditty Bops|Diva|Diva Avari|Diva Convention|Diva Convention Feat. Michelle Weeks|Diva Gray And Oyster|Divan|Divas Of Color|DIVERSA|Diverse|Diverse Danske Kunstnere For Haiti|Diversos|Divide the Day|DiViNCi|Divine|Divine|Divine|Divine Brown|The Divine Comedy|Divine Fits|Divine Heresy|Divine Inspiration|Divine Nature|Divine Soul|Divine Sound|Divine Styler|Divine Styler Feat. The Scheme Team|Diving for Pearls|Divino|Divino|Divino|Divinyls|The Divinyls|Division Minuscula|Dix Denney|Dixiana|The Dixie Bee-Liners|Dixie Carter|Dixie Chicks|Dixie Dean|Dixie Dregs|The Dixie Dregs|The Dixie Drifter|Dixie Harrison|The Dixie Hummingbirds|Dixie Lee|The Dixie-Cups|Dixon|Diyar Pala|Diz Derrick|Diz Minnett|Diz Minnitt|Dizmas|Diztortion|Dizzee Rascal|Dizzee Rascal and Armand Van Helden|Dizzy D|Dizzy Gillespie|Dizzy Gillespie With Various Artists|Dizzy Mizz Lizzy|Dizzy Reed|Dizzy Wright|DJ 20/20|DJ 31 Degreez|DJ 4 Strings|DJ Abel|DJ Abel Aguilera|DJ Abilities|DJ Absolut|DJ Abstract|DJ Abyss|DJ Ademar|DJ Aero|DJ Afterthought|DJ Al|DJ Aladdin|DJ Alamo|DJ Aligator|DJ AM|DJ AM|DJ Amato|DJ Ammo|DJ Amnesty|DJ Andy Smith|DJ AniMe|DJ Antoine|DJ Ashba|DJ Assad|DJ B.O.B. Ltd.|DJ Babu|DJ Baby Anne|DJ Bam Bam|DJ Bassel|DJ Bear Herron|DJ Beej|DJ BenXH|DJ Bill Bennett|DJ Bl3nd|DJ Bl3nd|DJ Black|DJ Blass|DJ Bobby B|DJ Bobby Black|DJ Bobo|DJ Boogie Blind|DJ Boom|DJ Boris|DJ Bot|DJ Brian Bagnuolo|DJ Broiler|DJ Buddha|DJ Buzz|DJ Caique|DJ Cam|DJ Candyland|DJ Caos|DJ Carisma|DJ Carl Alley|DJ Carnage|DJ Cash Money|DJ Cash Money|DJ Cash Money|DJ Cassidy|DJ Cer|DJ Champion|DJ Cheb i Sabbah|DJ Chemical|DJ Cherry Bomb|DJ Chino|DJ Chino con Estilo|DJ Chose|DJ Chuck Chillout|DJ Chuck T|DJ Chus|DJ Class|DJ Clay|DJ Clue|DJ Clue?|DJ Cobra|DJ Cochano|DJ Colleen Shannon|DJ Collins|DJ Company|DJ Corey Craig|DJ Cox|DJ Craft|DJ Craze|DJ Crook|DJ Crunk Mix|DJ Cue|DJ D-Man & Billy Boy|DJ D.M.H|DJ Dado|DJ Dan|DJ Dannic|DJ Danny D|DJ Dara|DJ Darkzone|DJ Dealer|DJ Decko|DJ Dee|DJ Delz|DJ DeMarko|DJ Demonixx|DJ Dero|DJ Dervish|DJ Design|DJ Desiigner|DJ Diablo|DJ Diamond Kuts|DJ Dick|DJ Die|DJ Dig|DJ Dirty Money|DJ Disciple|DJ DMD|DJ Dmitry|DJ DMX|DJ DNA|DJ Doo-Wop|DJ Drama|DJ Drew|DJ Drez|DJ Duke|DJ E-Feezy|DJ Earl|DJ Earworm|DJ Eclipse|DJ Eddie F|DJ Eddie X|DJ EFN|DJ Eko|DJ Ellis Dee|DJ Encore|DJ Enferno|DJ Enuff|DJ Envy|DJ Eruption|DJ Escape|DJ Esco|DJ Evil Dee|DJ Exodus|DJ Exquizit Da Record Breaker|DJ Eyal|DJ Ezzy|DJ F.R.A.N.K.|DJ Fancy|DJ Fat Jack|Dj Fat Jo|DJ Feelgood|DJ Felli Fel|DJ Ferret|DJ Fixx|DJ Flexx|DJ Flexxx|DJ Frank|DJ Frank E|DJ Frankie|DJ Freeg|DJ Fresh|DJ Fresh|DJ Fresh Featuring Sian Evans|DJ Friction|DJ Friendly|DJ Fumiya|DJ Fury|DJ Fuze|DJ Gammer|DJ Gan-G|DJ Gelo|DJ Gemstar|DJ Geoffe|DJ Go|DJ Godfather|DJ Goldfingers|DJ Gollum|DJ Gozzi|DJ Green Latern|DJ Gregory|DJ Grind|DJ Gripp|DJ Gueromixx|DJ Gueromixx Featuring Proyecto X|DJ Handclap|DJ Hardwerk|DJ Hardwerk (dupe 1)|DJ Harvey D|DJ Head|DJ Heavygrinder|DJ Hell|DJ Hi-Tek|DJ Holfix|DJ Holiday|DJ Hollywood|DJ Hollywood|DJ Homicide|DJ Honda|DJ Hurricane|DJ Hype|DJ Ice|DJ Icey|DJ Ideal|DJ Igor Blaska|DJ Illegal|DJ Infamous|DJ Infinity|DJ Irene|DJ Jackie Christie|DJ Jam X|DJ Jamad|DJ James Yammouni|DJ Jazz|DJ Jazzy Jeff|DJ Jazzy Jeff & The Fresh Prince|DJ Jazzy Jeff & the Fresh Prince|DJ Jean|DJ Jeff K|DJ Jimi|DJ Joe|DJ Joe Bermudez|DJ Joe Gauthreaux|DJ Joss|DJ JS-1|DJ JST|DJ Juanito|DJ Jubilee|DJ Jurgen|DJ K Rock|DJ Kane|DJ Kaori|DJ Kaos|DJ Katch|DJ Kay Gee|DJ Kayslay|DJ Kaz Gamble|DJ Kazzanova|DJ Kenny Parker|DJ Kensei|DJ Kep|DJ Keri|DJ Khaled|DJ Khaled feat. Justin Bieber, Quavo, Chance the Rapper & Lil Wayne|DJ Khaled feat. Rihanna & Bryson Tiller|DJ Khéops|DJ Kiky|DJ Kilo|DJ Kimberly S.|DJ King|DJ King Assassin|DJ Kippy-O|DJ Kizzy Rock|DJ KJ|DJ Kohno|DJ Koo|DJ Kool|DJ Kool Dek|DJ Koze|DJ Krack|DJ Krush|DJ Kuba & Neitan|DJ Kurious|DJ Kurt Lethal Theory|DJ Kut|DJ LaFleche|DJ Language|DJ Laszlo|DJ Laz|DJ Leanh|DJ Lemi Vice|DJ Leon Cormack|DJ Lethal|DJ Liberty|DJ Lil' Cee|DJ Lilya|DJ Locorious|DJ Logic|DJ Lord Jazz|DJ Lt. Dan/DMX|DJ Luian|DJ Luis|DJ Luke|DJ Luke Nasty|DJ Lyfe|DJ Lynnwood|DJ Ma 1|DJ Mada|DJ Madness And Dr. Boom|DJ Magic Mike|DJ Mam's|DJ Manian|DJ Marc Aurel|DJ Mark Farina|DJ Marky|DJ Massive|DJ Mattox|DJ Max Rodriguez|DJ Mea|DJ MegaMax|DJ Megan Daniels|DJ Mello|DJ Melo-Mix|DJ Mental Theo's Bazzheads|DJ Michael "5000" Watts|DJ Micro|DJ Mighty MI|DJ Mike Cruz|DJ Mike Gip|DJ Mike T|DJ Miko|DJ Miller|DJ Milo|DJ Mind-X|DJ Minnesota|DJ Minutemix|DJ Mitch Ferrino|DJ Miz|Dj Mog|DJ Monk|DJ Moody|DJ Morpheus|DJ Morphius|DJ Morrison|DJ Moves|DJ Muggs|DJ Muhammed|DJ Mustard|DJ Nasty Knock|DJ Natasha|DJ Nate aka Baka Man|DJ Need|DJ Negro|DJ Neil|DJ Nelson|DJ Nesty|DJ Not Nice|DJ Novus|DJ Novus|DJ Nu-Mark|DJ Numbawun|DJ Official|DJ Oji|DJ On-E|DJ Opp|DJ Oriska|DJ Ötzi|DJ Overule|DJ Panko|DJ Party|DJ Paul|DJ Paul Bunyon|DJ Paul Elstak|DJ Paulette|DJ Pauly D|DJ Payback|DJ Payback Garcia|DJ Pebbles|DJ Phra|DJ Pierre|DJ Pierre Presents Doomsday|DJ Poet Name Life|DJ Polique|DJ Pollyfonika|DJ Polo|DJ Pone|DJ Pooh|DJ PP|DJ Pp Billard|DJ Premier|DJ Premier X Miguel|DJ Prime|DJ Prince|DJ Princess Cut|DJ Product © 1969|DJ Professor|DJ Pudgee P|DJ Q-Bert|DJ QBert|DJ Qualls|DJ Quik|DJ Quik & Kurupt|DJ Ra|DJ Racks|DJ Ralph M.|DJ Rap|DJ Raymundo|DJ Ready Red|DJ Rebel|DJ Rectangle|DJ Red|DJ Red Alert|DJ Reflex|DJ Rellyrell|DJ Renegade|DJ Renegade|DJ Renegade|DJ Revolution|DJ Rhettmatic|DJ Richie Rich|DJ Ricky Corbo|DJ Ricky Corbo & The Warp Brothers|DJ Ricky Luna|DJ Rico|DJ Rob Harris|DJ Roberto|DJ Rockster|DJ Rogers, Jr.|DJ Romain|DJ Ruda|DJ Russ Harris|DJ S&S|DJ Sakin|DJ Sam Sylk|DJ Sammy|DJ Sammy B|DJ Sanj|DJ Satomi|DJ Scene|DJ Schmolli|DJ Scot Project|DJ Scott & Lorna B|DJ Scott Featuring Lorna B|DJ Scott Mann|DJ Scotty Boy|DJ Scotty K|DJ Scotty K.|DJ Scratchator|DJ Scream|DJ Screw|DJ Screw And The Screwd Up Click|DJ Scuff|DJ Seduction|DJ Self|DJ Sense|DJ Sentix|DJ Serious|DJ Shabazz|DJ Shadow|DJ Shah|DJ Shock Eye|DJ Shog|DJ Skee|DJ Skeet Skeet|DJ Skeme Richards|DJ Skribble|DJ SKT|DJ Sliink|DJ Slip|DJ Smallz|DJ Smallz 732|DJ Smash|DJ Smurf|DJ Smurf & P.M.H.I.|DJ Snake|DJ Sneak|DJ Soul|DJ Soul Brother|DJ Souljah|DJ Spankx|DJ Spen|DJ Spen Presents Jasper Street Company|DJ Spiller|DJ Spin-One|DJ SPINKING|DJ Spinna|DJ Spinobi|DJ Spinz|DJ Spooky|DJ Spooky That Subliminal Kid|DJ Squeeky|DJ Steph Floss|DJ Stijco|DJ Stitch|DJ Storm|DJ Streek|DJ Strobe|DJ Suave Sonny Caesar|DJ Sub-Roc|DJ Suede The Remix God|DJ Sugar Kid|DJ Sultan|DJ Supreme|DJ Suss-One|DJ Swamp|DJ T.|DJ Taj|DJ Tamalero|DJ Tao|DJ Tatana|DJ Taucher|DJ Taz|DJ Team|DJ Tepehuanes|DJ Theo|DJ Tiësto|DJ Timbo|DJ Tom|DJ Tommy Rogers|DJ Tracy Young|DJ Trajic|DJ Tre|DJ Trexx|DJ Truk|DJ Tukutz|Dj Tumbao|DJ Tunez|DJ Tyo|DJ U.F. Low|DJ Unk|DJ Vadim|DJ Vibe|DJ Vice|DJ Virman Coquia|DJ Vito Fun|DJ Vlad|DJ Volkan Uca|DJ Voodoo|DJ Wavy|DJ Waxwork|DJ Wayne G|DJ Westnile|DJ Whoo Kid|DJ Whookid|DJ Wildcut|DJ Wilson|DJ Woogie|DJ X|DJ Yaleidys|DJ Yella|DJ Yiannis|DJ Yonny|DJ Z-Trip|DJ Zac|DJ Zero|DJ's Choice|DJ-E-Freezy|Dj-Sin-cer|DJ4Kat|Djakout #1|Djames Braun|DJane Housekat|Django Django|Django Reinhardt|Django Wagner|Djavan|DJay|Djazia|DJB|DJDS|Djedjotronic|Djemba Djemba|DJs From Mars|djsmell|DJsNeverEndingStory|Djurgardens IF's Kor|Djurgardsfamiljen|DJX|DK|DKDA|Dkuba|DL|DLD|DLG|DLG (Dark Latin Groove)|Dlow|DLR Band|DLXL|DLXL|DM Binxter|Dm Stith|DMA's|Dmaze|DMC|DMG|Dmitri Hvorostovsky|Dmitry|Dmitry Sitkovetsky|Dmitry Yablonsky|Dmize|DMX|DMX/David Arquette|DMX/Nas|DNA|DNA|DNA|DNCE|DND|Dne|Dntel|DNTST|Do|Do (dupe 1)|Do As Infinity|Do Me Bad Things|Do or Die|Do'Ah|Doane Perry|Doberman Infinity|Dobet Gnahore|Dobie Gray|Dobie Strange|doble 6|Doble Filo|Doble T Y El Crok (Los Pepe)|Doc|Doc|Doc|Doc And Merle Watson|Doc Box|Doc Box & B. Fresh|Doc Cheatham|Doc Coyle|Doc Green|Doc Holiday|Doc Lew Childre|Doc Martin|Doc Martin Presents Blakdoktor|Doc McKenzie|Doc McKenzie & The Hi-Lites|Doc Powell|Doc Roberson|Doc Severinsen|Doc Severinsen and His Sextet|Doc Shaw|Doc Walker|Doc Watson|Doc-La|Docemania|Docka|Docto Aiyk|Doctor & the Medics|Doctor And The Medics|Doctor Dré|Doctor Dre & Ed Lover|Doctor Ice|Doctor L|Doctor Love|Doctor Love Featuring Miko|Doctor P|Doctor Rock|Doctrine|Documetary|Doda|Dodgy|Dodi Battaglia|Dodie|Dodie Stevens|Dodo|The Dodos|Doe B|Doe Maar|Does|Does It Offend You, Yeah?|Dog Blood|Dog Eat Dog|Dog Fashion Disco|Dog's Eye View|Dogbowl|Dogboy|Dogfight|Dogg Soso|Doggy Style Allstars|Doggys Angels|Dogma Featuring The Afro-Cuban Rhythms|Dogmatic|Dogs|The Dogs|The Dogs|The Dogs|Dogs on Acid|Dogstar|Dohatsuden|Dojo|Dok2|Dokken|Doktor Avalanche|Dolan Ellis|Dolan Hewison|Dolce|Dolce & Gabbana|Dolcenera|Dolf|Doll Knight|Doll Skin|Dolla|Dolla & Skeet|Dolla Boy|Dollar|Dollar Man|DollsHead|Dolly Dots|The Dolly Dots|Dolly Fox|Dolly Hartt|Dolly Parton|Dolly Parton, Emmylou Harris, Linda Ronstadt|Dolly Read|Dolly Shine|Dolly Style|The Dollyrots|Dolora Zajick|Dolorean|Dolores Claman|Dolores O'Riordan|Dolores Washington|Dolph Lundgren|Dolphin Taylor|The Dolphins|Dom|Dom Flemons|Dom Kennedy|Dom La Nena|Dom Macaluso|Dom Um Romão|Doman & Gooding|Domenic M|Domenic Marte|Domenic Troiano|Domenica|Domenico Modugno|Domeno|Domeno featuring Zagata|dOMI|Dominatorz|Dominatrix|Domineko The Dawn...|Domingo|Domingo "Sam" Samudio|Domingo (dupe 1)|Domingo Choke|Domingo Ortiz|Domingo Quiñones|Domingo Santos|Domingo, Freni (Muti)|Domingo, Freni, Bruson (Muti),|Domingo, Stratas (Levine),|Domingo/Meier Bastille Opera Chorus|Dominic|Dominic Aitchison|Dominic Amato|Dominic Armstrong|Dominic Balli|Dominic Chad|Dominic Chianese|Dominic Cifarelli|Dominic Davi|Dominic DiCiano|Dominic East|Dominic Greensmith|Dominic Harvey|Dominic Howard|Dominic King|Dominic Masters|Dominic Miller|Dominic Nardini|Dominic Peters|Dominic Philips|Dominic Purcell|Dominic Purcell/Josie Maran|Dominic Purcell/Orlando Jones|Dominic Scott|Dominic Scott Kay/John Kapelos|Dominic Stefano|Dominic Tighe|Dominic Viola|Dominic Weir|Dominic West|Dominic West/Gbenga Akinnagbe|Dominic West/John Doman|Dominica|Dominican House Of Studies|Dominican Sisters of Mary|Dominick Farinacci|Dominick Safuto|Dominick Todero|Dominico|Dominik Decker|Dominik Hauser|Dominik Vaillant|Dominika Peczynski|Dominique "Dom" Lebeau|Dominique Atkins|Dominique Durand|Dominique Hudson|Dominique Leurquin|Dominique Nicolas|Dominique Pagouapé|Dominique Vellard|Dominique Young Unique|Domino|Domino|Domino|Domino|Domino Saints|Domino Theory|Dommin|Domo Genesis|Don|The Don|The Don|Don "Jake" Jacoby|Don "The Dragon" Wilson|Don & Juan|Don & the Goodtimes|Don Abusivo|Don Adams|Don Adams (dupe 1)|Don Addrisi|Don Airey|Don Alias|Don Allen|Don Ameche|Don And The Goodtimes|Don Anderson|Don Ariey|Don Armando And The 2nd Avenue Rumba Band|Don Armando Bonilla|Don Arnone|Don Arthur|Don Askew|Don Atkins|Don Barnes|Don Baskin|Don Blum|Don Bonus|Don Bowman|Don Bradley|Don Braught|Don Brewer|Don Broco|Don Brown|Don Burch|Don Byron|Don Cali|Don Campbell|Don Campo|Don Cardenas|Don Carlos|Don Chayo El Cardenal Mayor|Don Cheadle|Don Cheadle/Chiwetel Ejiofor|Don Cheadle/Guy Pearce|Don Cheadle/Sophie Okonedo|Don Cherry|Don Cherry|Don Cherry|Don Cheto|Don Chief|Don Choa|Don Ciccone|Don Coates|Don Coffey, Jr.|Don Conka|Don Costa And His Orchestra And Chorus|Don Covay|Don Covay & the Goodtimers|Don Cox|Don Cruz Lizárraga|Don Danneman|Don Dannemann|Don Deal|Don Depew|Don Diablo|Don Diego|Don Dinero|Don DiNovo|Don Dixon|Don Dodds|Don Dokken|Don Dorsey|Don Doty|Don Downing|Don Drumm|Don Drummond|Don Everly|Don Fardon|Don Farrar|Don Felder|Don Francisco|Don Francisco|Don Francisco|Don French|Don Gallucci|Don Gant|Don Gardner & Dee Dee Ford|Don Gardner And Dee Dee Ford|Don Gibson|Don Gibson And Sue Thompson|Don Goodwin|Don Grady|Don Grolnick|Don Grusin|Don Harrison Band|Don Harriss|Don Hart|Don Heffington|Don Henderson|Don Henley|Don Henny|Don Herron|Don Hinson|Don Hinson & The Rigamorticians|Don Ho|Don Ho|Don Ho and the Aliis|Don Hogan|Don Horne|Don Irving|Don Jackson|Don Jackson (Conductor)|Don Jacobucci|Don Jacoby|Don Jagwarr|Don Jamieson|Don Joevanni|Don Johnson|Don Johnson/Cheech Marin|Don Johnson/Philip Michael Thomas|Don Juan|Don King|Don King|Don Kirkpatrick|Don Knotts|Don Kretmar|Don LaFleur|Don Lamaster|Don Lee|Don Malena|Don Maracle|Don Marsh|Don McDougal|Don McLean|Don Mescail|Don Metchick|Don Miguelo|Don Miller|Don Moen|Don Murray|Don Nix|Don Omar|Don P|Don Pardoe|Don Paul|Don Perignon y La Orquesta Puertorriquena|Don Peris|Don Philip|Don Philippe|Don Potter|Don Powell|Don Pullen|Don Pullen & The African-Brazilian Connection|Don Q|Don Raleigh|Don Rathbone|Don Ray|Don Ray|Don Rea|Don Redman|Don Regelio Martinez|Don Reid|Don Renaldo|Don Reno|Don Rich|Don Rickles|Don Rigsby|Don Ross|Don Rubin|Don Schlitz|Don Schmid|Don Severo|Don Sheffield|Don Shirley|Don Shirley Trio|Don Simmons|Don Snow|Don Staczek|Don Stefano|Don Stevenson|Don T|Don Taylor|Don Tetto|Don Thrasher|Don Trip|Don Van Spall|Don Van Stavern|Don Walker|Don Walters|Don Was|Don Wayne Reno|Don White|Don Whitehead|Don Williams|Don Williams|Don Williams|Don Wilson|Don Winters|Don Won|Don Wood|Don Wyatt|Don York|Don Yute|Don't Know Yet|Don't Stop Or We'll Die|Don't Wake Aislin|Don-E|Dona Mason|Donae'o|Donai|Donal Logue/Greer Goodman|Dónal Lunny|Donald "Don L" Devoux|Donald "Duck" Dunn|Donald Banks|Donald Byrd|Donald Byrd And The 125th Street N.Y.C.|Donald Carpenter|Donald Cashmore|Donald Cherry|Donald Claps|Donald D|Donald Duck|Donald Fagen|Donald Faison|Donald Glover|Donald Godbolt & Spiritual Gifts|Donald Godbolt & Spiritual Gifts|Donald Greig|Donald Griffin|Donald Griffiths|Donald Harrison|Donald Harrison & Terrance Blanchard|Donald Height|Donald Hepburn|Donald Jenkins & The Delighters|Donald Johnson|Donald Lawrence|Donald Lawrence & Co.|Donald Lawrence & the Tri-City Singers|Donald Malloy|Donald McPherson|Donald Mills|Donald Nally|Donald Pleasence|Donald Pleasence (dupe 1)|Donald Pleasence/Jamie Lee Curtis|Donald Quan|Donald Queinsenburry|Donald Ray Mitchell|Donald Roeser|Donald Runnicles|Donald Storball|Donald Sutherland|Donald Sutherland/John Lithgow|Donald Sutherland/Sissy Spacek|Donald Tardy|Donald Tighman|Donald Travis|Donald Vail Choraleers|Donald Vails & The Salvation Cooperation|Donald Vails Choraleers|Donald Vails/DC Kaleidscope/Atlanta Concert Choir|Donald Watkins With The Gospel Music Educators Seminar Mass Choir|Donald Weekes|Donald Wicker|Donald-D|Donatan Cleo|Donato & Estéfano|Donato Cabrera|Donato Póveda|Donavon Frankenreiter|doncorleon|Dondria|Done|Done With Dolls|Donell Jones|Donell Rush|Dong Gyung So Nyuh|Dong Li|Dong Woo|Dong Young Bae|Dong-Won Kim|Donghae|Donghae + Eunhyuk|DONGHAE(SUPER JUNIOR) & EUNHYUK(SUPER JUNIOR)|DonGuralEsko|Doni Gross|Doni Harvey|Donica|Donica Knight|Donita Sparks|Donkeyboy|Donn Spindt|Donna A.|Donna Allen|Donna Blakely|Donna C.|Donna D'Cruz|Donna De Lory|Donna Deam|Donna DeLory|Donna Dixon|Donna Donato|Donna Edmonson|Donna F.|Donna Fargo|Donna Garraffa|Donna Giles|Donna Harris|Donna Hazard|Donna Hughes|Donna Jean Godchaux|Donna Lewis|Donna Lynn|Donna Marie|Donna Matthews|Donna McDaniel|Donna McElroy|Donna Meade|Donna Murphy|Donna Odom|Donna R.|Donna Reed|Donna Simpson|Donna Sterling|Donna Summer|Donna Summer|Donna Taggart|Donna the Buffalo|Donna Ulisse|Donna Vivino|Donna Washington|Donna Wilkes Cliff Gorman|The Donnas|Donnell|Donnell Jones|Donnell Leahy|Donnell Pitman|Donni Rai|Donnie|Donnie & the Dreamers|Donnie and The Dreamers|Donnie Backus|Donnie Bowser|Donnie Brooks|Donnie Calvin|Donnie Dacus|Donnie Elbert|Donnie Graves|Donnie Hamzik|Donnie Harper|Donnie Harper/New Jersey Mass Choir|Donnie Highland|Donnie Iris|Donnie Iris & The Cruisers|Donnie Klang|Donnie McClurkin|Donnie McDougall|Donnie Munro|Donnie Owens|Donnie Purnell|Donnie Record|Donnie Rohrs|Donnie Russell Davies|Donnie Steele|Donnie Trumpet|Donnie Trumpet & The Social Experiment|Donnie Van Zant|Donnie Vie|Donnie Wahlberg|Donnie Wahlberg Feat. Aubrey O'Day|Donnie Wahlberg/Franky G|Donnie Yen|Donnie Yen/Leon Lai|Donnie Yen/Yuen Kit|Donny|Donny & Marie Osmond|Donny Baldwin|Donny Brown|Donny Bugstrom|Donny Gerrard|Donny Hathaway|Donny King|Donny Marano|Donny McCaslin|Donny McLurkin|Donny Most|Donny Nichilo|Donny Osmond|Donny Pike|Donny Tourette|Donots|Donovan|Donovan|Donovan Chapman|Donovan Leitch, Jr.|Donovan Punch|Donovan Woods|Donrico Colden|Dontae Winslow|The Donz|Doo Wop|The Doobie Brothers|Doobie Powell|Doodlebops|Doodlebug|Doodletown Pipers|Doogie Horner|Doogie White|Dookie Blu|Dooley Silverspoon|DOOM|Doom Side Of The Moon|Doomams|Doomriders|Doomsday|DOOMSTARKS|Doomtree|Doonie Baby|Doop|The Doors|Dope|Dope|Dope D.O.D.|Dope Lemon|Dopegame|dopeSMOOTHIES|Doppelganger|Doprah|Dora The Explorer|Dordan|Dorean Lives|Doretha 'Dodi' Sampson|Dorfrocker|Dori Freeman|Doria|Doria Biunno|Dorian|Dorian Corey|Dorian Cox|Dorian Harewood|Dorian Heartsong|Dorinda Clark-Cole|Doris Coley|Doris Day|Doris Day & Frankie Laine|Doris Duke|Doris King|Doris Troy|Dorje|Dorman Pantfoeder|Dormtainment|Doro|Doro Pesch|Dorona Alberti|Dorothée|DOROTHY|DOROTHY (dupe 1)|Dorothy Collins|Dorothy Galdez|Dorothy J. Townes|Dorothy Jones|Dorothy Little Happy|Dorothy Martin|Dorothy McGuire|Dorothy Moore|Dorothy Morrison|Dorothy Norwood|Dorothy Norwood/Northern California G.M.W.A. Mass Choir|Dorothy Schwartz|Dorothy Shelby|Dorothy Sherman|Dorrough|Dorsey Burnette|Dorsey Wright|Dorthe Gerlach|Dory Previn|Dos|Dos of Soul|Dosh|Dosia|Dosseh|Dot|Dot Allison|Dot Da Genius|Dot Hacker|Dotan|Dotsero|Dottie & Ray|Dottie Alexander|Dottie Jones|Dottie Peoples|Dottie Peoples & The Peoples Choice Chorale|Dottie Rambo|Dottie West|Dottsy|Double|Double 99|Double Action Theatre|Double Dee|Double Dee Featuring Dany|Double Destiny|Double Discovery|Double Doze|Double Entente|Double Exposure|DOUBLE feat. Jun.K (Junsu of 2PM)|Double Image|Double K|Double K, Loco (Feat. JinSil Of Mad Soul Child)|Double M|Double O|Double The Trouble & The Rebel MC|Double Tiger|Double Trouble|Double Trouble|Double Trouble|Double XX|Double XX Posse|Double You|The Doubleclicks|Doubledrive|Doubleplusgood|Doublewide|Doucette|Doug "Slug" Mitchell|Doug & Melvin Williams|Doug & the Slugs|Doug Aldrich|Doug Anderson|Doug Ardito|Doug Bare|Doug Benson|Doug Benson|Doug Block|Doug Bohn|Doug Bradley|Doug Cameron|Doug Carrion|Doug Cerrito|Doug Clifford|Doug Corella|Doug Crawford|Doug E. Doug|Doug E. Fresh|Doug E. Fresh & the Get Fresh Crew|Doug Eldridge|Doug Erikson|Doug Ferrara|Doug Fieger|Doug Firley|Doug Ford|Doug Forman|Doug Franklin With The Bluenotes|Doug Garrison|Doug Gean|Doug Gibbs|Doug Gillard|Doug Gray|Doug Hastings|Doug Heath|Doug Henderson|Doug Hopkins|Doug Howard|Doug Huffman|Doug Ingle|Doug Irvine|Doug James|Doug Johnson|Doug Jones|Doug Kenney|Doug Kershaw|Doug Kilmer|Doug Lacy|Doug Lazy|Doug Linus|Doug Lunn|Doug Macaskill|Doug MacGregor|Doug MacLeod|Doug MacMillian|Doug Mallory|Doug Martsch|Doug Mc Guire|Doug McDiarmid|Doug McGrath|Doug McKeon|Doug Metzler|Doug Metzner|Doug Moore|Doug Morch|Doug O'Donnell|Doug Paisley|Doug Perry|Doug Peters|Doug Peyton|Doug Phelps|Doug Pinnick|Doug Rauch|Doug Reece|Doug Rhodes|Doug Robb|Doug Roberts|Doug Robinson|Doug Sahm|Doug Sampson|Doug Sandom|Doug Scarratt|Doug Scharin|Doug Seegers|Doug Stanhope|Doug Stone|Doug Supernaw|Doug Thompson|Doug Trachten|Doug Virden|Doug Weber|Doug Weiss|Doug Wieselman|Doug Williams|Doug Williams|Doug Wimbish|Doug Yule|Doughboy Roc|Doughboyz Cashout|Dougie Dee|Dougie F|Dougie Payne|Dougie Poynter|Dougie Thomson|Dougie Vipond|Douglas "Smokey" Scott|Douglas Barr|Douglas Brown|Douglas Cleveland|Douglas Firley|Douglas Grassel|Douglas Hart|Douglas Henshall/James Murray|Douglas Jimerson|Douglas Jones|Douglas MacIntyre|Douglas McCarthy|Douglas McCombs|Douglas Miller|Douglas Robb|Douglas Rodriguez|Douglas Sabolick|Douglas Sabolick|Douglas Spain|Douglas Spotted Eagle|Dougray Scott|Dougy From The Temper Trap|Dougy Mandagi|Douwe Bob|Dove Cameron|The Dove Shack|The Dovells|Dover|Dover Quartet|Doves|Dovetail Joint|Down|Down A.K.A. Kilo|Down aka Kilo|Down Home Band|Down Lo|Down South Players|The Down South Players|Down to Nothing|Down to the Bone|Down with Webster|Downhere|Downlink|Downset.|Downstait|Downthesun|Downtown Boys|The Downtown Fiction|Dowty Ebi|DOXA|Doyan Chowdhury|Doyle|Doyle Bramhall|Doyle Bramhall II|Doyle Holly|Doyle Lawson|Doyle Lawson & Quicksilver|DOYOUNG|DPB|DPGC|DPR LIVE|Dr Didg|Dr Phunk|Dr Z|Dr.|Dr. Acula|Dr. Alban|Dr. Alex Paterson|Dr. Alyn E. Waller|Dr. America|Dr. Andrew Cheairs And The Songbirds|Dr. Bellido|Dr. Beriz|Dr. Bernard Sutton|Dr. Bill Winston|Dr. Bobby Jones|Dr. Boogie|Dr. Brenda Jefferson|Dr. Buzzard's Original Savannah Band|Dr. Charles G. Hayes|Dr. Charles G. Hayes & The Cosmopolitan Warriors|Dr. Charles G. Hayes And The Warriors|Dr. Charles G. Hayes/Cosmopolitan Church Of Prayer Choir|Dr. Charles Hayes|Dr. Charles Hayes And The Cosmopolitan Church Choir|Dr. Chud|Dr. Creflo A. Dollar, Jr.|Dr. Demento|Dr. Dog|Dr. Dooom|Dr. Dre|Dr. Dre & Ice Cube|Dr. Dre & Snoop Dogg|Dr. Dre/Snoop Dogg|Dr. Ed Montgomery|Dr. Edward Love|Dr. Elmo|Dr. Eric Thomas|Dr. F. James Clark|Dr. F. James Clark And The Shalom Church (City Of Peace) Mass Choir|Dr. Feelgood And The Interns|Dr. Feelgood Funk|Dr. Haing S. Ngor|Dr. Hollywood|Dr. Hook|Dr. Hook|Dr. Hook & the Medicine Show|Dr. J.R. Kool|Dr. J.R. Kool & The Other Roxannes|Dr. Jack Wheaton|Dr. Jeff Jacobs|Dr. Jeffrey Thompson|Dr. John|Dr. Jonathan Greer and the Cathedral Faith Choir|Dr. Karry D. Wesley|Dr. Kevin P. Bartham|Dr. Know|Dr. Kucho!|Dr. Larry D. Reid|Dr. Larry D. Reid & The Breakthrough Singers|Dr. Lonnie Smith|Dr. Martin Luther King, Jr.|Dr. Matt Destruction|Dr. Miami|Dr. Michael White|Dr. Nner|Dr. Noah Nicholson, II|Dr. Octagon|Dr. Patrick L. Wooden, Sr. & The Upper Room Sanctuary Choir|Dr. Peacock|Dr. Perri Johnson|Dr. Phunk|Dr. R. A. Vernon|Dr. Robert|Dr. Sheila L. Johnson|Dr. Sound Effects|Dr. Stank|Dr. Stay Dry|Dr. Wayne W. Dyer|Dr. West's Medicine Show and Junk Band|Dr. Who|Dr. Zeus|Dr.Dre & Eminem|Dr.Jeckyll & Mr.Hyde|Dr.Jonathan Greer/Cathedral Of Faith Choir|Drachen Theaker|Draco|Draco Rosa|Drafi|Drag-On|Drag-On Featuring DMX|Dragon|Dragon Ash|Dragon Tales|Dragonette|Dragonfly Pitbull|DragonForce|Dragpipe|Drain STH|Drake|Drake|Drake|Drake|Drake|Drake & Future|Drake Bell|Drake Bell/Sara Paxton|Drake Levin|Drake White|Drama|Drama|Drama|Drama|Drama|Drama|Drama|Drama Club|Drama Kidz|Dramarama|DRAMATIC STARS|The Dramatics|Draper|Drapht|Drawn from Bees|DRC Music|Dré|Dre Day|Dre Dog|Dre Gipson|Dre Kroon|Dre Murray|Drea|DREA (dupe 1)|Drea Randle|Dread Flimstone|Dread Zeppelin|Dready|Dreadzone|Dream|Dream|Dream|Dream|Dream & E-girls|The Dream Academy|Dream Ami|Dream Continuum|Dream House|Dream Junkies|Dream Koala|Dream Machine|Dream Morning Musume.|Dream on Dreamer|Dream Rimmy|Dream Street|Dream Street|Dream Street|Dream Syndicate|The Dream Syndicate|Dream Team|The Dream Team|Dream Theater|Dream World|Dream5|Dreamboats & Petticoats Cast|Dreamboy|Dreamboy|DREAMCAR|Dreamcatcher|Dreamcatcher|The Dreamcatcher|DREAMCATCHER (dupe 1)|Dreamchild|Dreamers|Dreamers|Dreamgate|Dreamhouse|Dreamhouse (dupe 1)|The Dreaming|Dreamlovers|The Dreamlovers|Dreampilots|Dreams|Dreams Come True|Dreams So Real|Dreamworld|Dred Scott|Dred Scott|Dred Scott|Dredg|Dreezy|Dregen|The Dregs|Dreieck|Drenge|Dres|Dresden & Johnston|The Dresden Dolls|Dresden Instrumental Concert|Dresden Staatskapelle|Dresden State Orchestra|Dresden State Orchestra (Schreier)|Dresdner Philharmonie|Drew|Drew Abbott|Drew Baldridge|Drew Barrymore|Drew Barrymore/David Arquette|Drew Barrymore/Steve Zahn|Drew Breakey|Drew Brown|Drew Cline|Drew Copeland|Drew Cribley|Drew Daniel|Drew Davidsen|Drew Dowell|Drew Emmitt|Drew Forsyth|Drew Fuller/Bill Cobbs|Drew Gehling|Drew Glackin|Drew Gress|Drew Holcomb|Drew Holcomb & the Neighbors|Drew Holcomb And The Neighbors|Drew Kennedy|Drew Laughery|Drew Little|Drew Marcogliese|Drew McConnell|Drew Michael|Drew Parsons|Drew Phillips|Drew Raber|Drew Roulette|Drew Seeley|Drew Sidora|Drew Simpson|Drew Slavik|Drew Stewart|Drew Thomsen|Drew Walters|Drew Warsham|Drew Womack|Drew Wooten|Drew's Famous|The Drew-Vels|Dri|Dri Mark|Drifters|The Drifters|The Drifters|Driftwood|Driicky Graham|The Drill|Driss El Maloumi|Drive|Drive A|Drive By|Drive Like Jehu|Drive Thru Society|Drive-By Truckers|Driver Friendly|Drivin' n' Cryin'|Drizabone|DRKWAV|Dro|Droeloe|Droo Hastings|Drooper|Drop|Drop City Yacht Club|Drop Dead, Gorgeous|Drop Nineteens|Drop Out|Drop Out Orchestra|Drop Out Vegas|Drop the Box|Dropbox|Dropgun|Dropkick Murphys|Dropline|Dropout|Dropping Daylight|Drowners|Drowning Pool|Droze|Drozzi Spade|DRS|Dru|Dru Down|Dru Hill|DruBoogie|Drug Church|Drugstore|Drummie Zeb|The Drums|Drunken Master|Drunken Masters|Drunkenmunky|Drupi|Dry Cell|Dry Kill Logic|Dry the River|Dryden Mitchell|Dryjacket|DSGB|DSGB Down South Georgia Boys|DTP|DTTX|The DU|Du Jiang|Du Ruoxi|Dua Lipa|Duain Wolfe|Dual Committee|The Dualers|Duals|The Duals|Duane|Duane Adams|Duane Allen|Duane Allman|Duane Buford|Duane Dee|Duane Denison|Duane Eddy|Duane Eddy & The Rebelettes|Duane Eddy & The Rebels|Duane Harden|Duane Patton|Duane Pitre|Duane Propes|Duane Rakestraw|Duane Reed|Duane Roland|Duane Steele|Duane Steele Feat. Stacie Roper|Duane Stephenson|Dub FX|Dub Phizix|Dub Pistols|Dub-B|dub-L|DUBB|Dubb Union|Dubee|Dubee A.K.A. Sugawolf|Dubfire|The Dubguru|Duble Kick|The Dublin Ramblers|The Dubliners|Dubloadz|Dubmatique|Dubmatix|The Dubs|Dubset|Dubstar|Dubtribe Sound System|Dubversive|Dubvision|Duck Matthews|Duck Sauce|Ducktails|Dude 'N Nem|Dude 'N' Nem|Dude Mowrey|The Dude of Life|Dude Of Life & Phish|Dudearella|Dudenem|Dudes|Dudley Connell|Dudley Moore|Dudley Taft|Dudu Pukwana|Due di Picche|Due Voci|Due West|Duece Poppito|Duelo|Dueto Frontera|Dueto Los Armadillos|Duff McKagan|Duffy|Duffy Kane|Dug Infinite|dUg Pinnick|Dugg Collins|Dugnad For Haiti|The Duhks|Duho|Duice|Dujuan Patterson|Dukays|The Dukays|Duke|Duke|Duke|Duke|Duke & the Drivers|Duke Amayo|Duke And The Divers|Duke Baxter|Duke Baysee|Duke Bootee|Duke Dobing|Duke Dumont|Duke Dumont|Duke Dumont & Gorgon City Featuring Naations|Duke Ellington|Duke Erickson|Duke Erikson|Duke Garwood|Duke Guilllaume|Duke Jupiter|Duke Kitchens|Duke McFadden|Duke Robillard|The Duke Spirit|Duke Tumatoe|Duke Westlake|Dukedagod|Dukes|The Dukes of September Rhythm Revue|Dulce|Dulce Maria|Dulcimer Dan|Dule Hill|Dum Dum Girls|Dumas|Dumb Numbers|Dumbfoundead|dumblonde|DumpstaPhunk|Dun Deal|Duncan|Duncan Brown|Duncan Cameron|Duncan Campbell|Duncan Coutts|DUNCAN DU|Duncan Faure|Duncan Garner|Duncan James|Duncan Kilburn|Duncan Lloyd|Duncan McDonald|Duncan Morley|Duncan Morrison|Duncan Phillips|Duncan Sheik|Duncan Timms|Dune|Dune|Dune|Dune Rats|Dungarees|Dungen|Dungeon Family|Dungeon Monsters|Dunisco|Dunk Ryders|Dunn & McCashen|Dunn And Bruce Street|Dunn Deal|Dunn Pearson, Jr.|Dunn, Curry, Hadley, Plishka (Shaw)|Dunstan Bruce|The Dunwells|Duo Diamonds|Dúo Dinámico|Duo Liang|Duo Safri|Dupl'x|Dupre "Doitall" Kelly|The Duprees|Duran Duran|Duran Duran Duran|Durand|Durdy Harry|Durell Coleman|Durelle Ames|Durijah Lang|Durwood Haddock|Dusk|Dusky|Dust for Life|The Dustbowl Revival|Dustin Addis|Dustin Arbuckle|Dustin Breeding|Dustin Carlson|Dustin Christensen|Dustin Collins|Dustin Davidson|Dustin Hawthorne|Dustin Hengst|Dustin Hoffman|Dustin Hoffman/Emma Thompson|Dustin Hoffman/Rene Russo|Dustin Hoffman/Robin Williams|Dustin Hoffman/Tom Cruise|Dustin Hook|Dustin Kensrue|Dustin Lanker|Dustin Lovelis|Dustin Lynch|Dustin McGhie|Dustin Nadler|Dustin Payseur|Dustin Perry|Dustin Rose|Dustin Sauder|Dustin Schoenhofer|Dustin Smith|Dustin Stroud|Dustin Tebbutt|Dustin Than Kinsey|Dustin The Turkey|Dusty|Dusty Boles|Dusty Drake|Dusty Hill|Dusty James|Dusty Leigh|Dusty McFly|Dusty Redmon|Dusty Rhodes|Dusty Riach|Dusty Springfield|Dusty Waring|Dutch|Dutch|Dutch & Spade|Dutch Criminal Record|Dutch Robinson|Dutch Uncles|Duwayne Burnside|DVA|DVBBS|Dvicio|DVS|Dvsn|DW3|Dwain Miller|Dwayne "Bones" Hillman|Dwayne "The Rock" Johnson|Dwayne "The Rock" Johnson/Kyra Sedgwick|Dwayne "The Rock" Johnson/Xzibit|Dwayne Burns|Dwayne Crews|Dwayne Croft|Dwayne Dupuy|Dwayne Goettel|Dwayne Johnson|Dwayne Johnson|Dwayne Kerr|Dwayne Larring|Dwayne O'Brien|Dwayne Wiggins|Dwele|Dwier Brown|Dwight Bement|Dwight Gordon|Dwight Howard|Dwight Sills|Dwight Thompson|Dwight Twilley|Dwight Twilley Band|Dwight Wyatt|Dwight Yoakam|Dwilly|DY Feat. Danny Fernandes|Dya Singh|Dyan|Dyan Birch|Dyan Cannon|Dyango|Dyango y Bordon|Dyango Y Mijares|Dyango y Rocio Durcal|Dybvaaaaad|Dyce|DyCy|Dyemond Lewis|Dying Fetus|Dyke & the Blazers|Dyke And The Blazers|Dylan|Dylan Allison|Dylan Baker|Dylan Carlson|Dylan Donkin|Dylan Gardner|Dylan Gardner|Dylan Keefe|Dylan LeBlanc|Dylan McDermott|Dylan Murray Featuring Nelly Furtado|Dylan Neal|Dylan Playfair|Dylan Rowe|Dylan Schneider|Dylan Scott|Dylan Summer|Dylan Walsh|Dylan Walsh/Julian McMahon|Dylan Xiong|Dylan Xiong|Dylan Xiong|Dyland & Lenny|Dyland y Lenny|The Dylans|Dyme Def|Dymeond Lewis|The Dyna-Sores|Dynamic Breakers|Dynamic Corvettes|Dynamic Duo|Dynamic Duo (feat. Beenzino)|Dynamic Duo (Feat. Jinbo)|Dynamic Duo (feat. Mad Soul Child)|Dynamic Superiors|The Dynamic Superiors|Dynamic Twins|The Dynamics|The Dynamics|The Dynamics|Dynamite Deluxe|Dynamite Hack|Dynamix|Dynasty|The Dynatones|The Dynatones|Dyo|Dyro|Dyshon & Squabble|DYSON|Dysrhythmia|Dzeko|Dzeko & Torres|The Dø