G Cavelle Project|G Club|G Frsh|G Herbo|G Jones|G Menace|G Perico|G Shorties|G The Boy King|G Unit|G Wise|G'Fellas|G-6|The G-Clefs|G-Dragon|G-Dragon & Park Myung Su Feat. Park Bom|G-Eazy|G-Eazy Featuring Christoph Andersson|G-Eazy x Carnage|G-Fellas|G-Fire|G-Man|The G-Man|G-Mo|G-Mo Skee|G-Park|G-Shorties|G-Spot|G-Spot Boyz|G-Spott|G-Tee Shotta|G-Unit|G-Wiz|G. Dep|G. Love|G. Love & Special Sauce|G. Na|G. Perico|G. Whiz|G. Womack|G. Yamazawa|G.A.T.|G.B. Leighton|G.B.H.|G.C. Cameron|G.C.Cameron|G.E. Stinson|G.E.M.|G.E.M.|G.E.M.|G.E.M.|G.E.M.|G.E.M.|G.E.M.-Against The Wind|G.E.M.-Away|G.E.M.-Blindspot|G.E.M.-Chuck Close|G.E.M.-Goodbye|G.E.M.-Therefore|G.E.N.E.|G.F. And Friends|G.F. Bernardini|G.F. M'lely|G.G|G.G. Anderson|G.H. Hat|G.I.|G.I. Sanders|G.L. Crockett|G.L. Moore|G.L.O.B.E. And Whiz Kid|G.M.W.A. Youth Mass Choir|G.Mayes & Nu Era|G.NA|G.NA (Feat. Jay park)|G.NA (Feat. Sangchu of Mighty Mouth)|G.O & MIR|G.O.B.|G.Q.|G.R.L.|G.Soul|G.T.|G.T.|G.T.O.|G.U.N.S. (Goons United By The New School)|G//Z/R|G3|G4|G4 Boyz|G4SHI|Ga In (of Brown Eyed Girls)|Gaahl|Gabbie Hanna|Gabbie Nolen|Gabby Glaser|Gabe Bondoc|Gabe Combs|Gabe D'Amico|Gabe Dixion|Gabe Dixon|Gabe Feenberg|Gabe Ford|Gabe Garcia|Gabe Hammersmith|Gabe Jarret|Gabe Leavitt|Gabe Liedman|Gabe Lindeman|Gabe Mantle|Gabe Nelson|Gabe Saporta|Gabe Witcher|Gabereal|Gabino Garcia|Gabino Pampini|Gablz|Gabo Parisi|Gabor Fias|Gabor Szabo|Gabourey Sidibe|Gabriel|Gabriel|Gabriel|Gabriel & Dresden|Gabriel & The Angels|Gabriel (dupe 1)|Gabriel And The Angels|Gabriel Andruzzi|Gabriel Bello|Gabriel Berrelleza|Gabriel Byrne|Gabriel Byrne/Dianne Wiest|Gabriel Calero|Gabriel Calero|Gabriel Coronel|Gabriel Day|Gabriel Díaz|Gabriel Garcia|Gabriel Gomes|Gabriel Gonzales|Gabriel Hardeman|Gabriel Hardeman Delegation|Gabriel Hasselbach|Gabriel Iglesias|Gabriel Iraheta|Gabriel Kahane|Gabriel Kaplan|Gabriel Lewis-O'Connor|Gabriel Macht/Eva Mendes|Gabriel Mann|Gabriel Mark Hasselbach|Gabriel Montero|Gabriel Novarro|Gabriel o Pensador|Gabriel Orengo|Gabriel Ramírez|Gabriel Rios|Gabriel Saporta|Gabriel Stebbing|Gabriel Stevent Damanik|Gabriel Strangio|Gabriel Tacchino|Gabriel Valim|Gabriel Yared|Gabriela Anders|Gabriela Montero|Gabriela Quintero|Gabriela Richardson|Gabriele Melotti|Gabrieli Consort & Players|Gabrieli Players|Gabrielis Kaye|Gabriella|Gabriella Cilmi|Gabriella de Almeida Rinne|Gabrielle|Gabrielle|Gabrielle Anwar|Gabrielle Aplin|Gabrielle Bernstein|Gabrielle Destroismaisons & Jodie Resther|Gabrielle Goulet|Gabrielle Shonk|Gabrielle Union/Idris Elba|Gabry Ponte|Gaby Amarantos|Gaby Casadesus|Gaby Dershin|Gaby Moreno|Gabz|Gacela Y Villa|Gacharic Spin|Gackt|Gad|Gada|Gadiel|Gadiel & Lobo|Gadjo|Gaeko|Gael Chiarella|Gael García Bernal|Gael Garcia Bernal/Charlotte Gainsbourg|Gael Garcia Bernal/Rodrigo De La Serna|Gaelic Storm|Gaelle|Gaelle Adisson|Gaelynn Lea|Gaëtan Roussel|Gaetane Abrial|Gaetano Curreri|Gage|Gage|Gage|Gai|Gaia|Gaia & Luna|Gail Ann Dorsey|Gail Davies|Gail Greenwood|Gail Holmes|Gail Jhonson|Gail Neely|Gail O'Doski|Gail Veach|Gaimboiz|Gain|Gain (Feat. Jo Kwon)|Gain (Feat. Jo Kwon)|GAIN, Ra.D|Gaine Greene|Gaitanes|Gaither|Gaither & Friends|Gaither Homecoming Friends|Gaither Homecoming Kids|Gaither Vocal Band|Gal Costa|Gal Gadot|Galactic|Galactic Cowboys|Galactic Empire|Galactic Marvl|Galani Dimitra|Galante "El Emperador"|Galantis|Galarrwuy Yunupingu|Galaxie|Galaxy Farm|Galaxy People|Galder|Gale Garnett|Gale Harold|Gale Paridjanian|Gale Robinson|Galen Polivka|Galen Underwood|The Galens|Gali|GALI, Kozay|Galileo Galilei|Gallagher|Gallagher & Lyle|Gallagher And Lyle|Gallant|Gallant|Gallardo y Falcon|Gallego|Galleon|Gallery|Gallery Feat. Jim Gold|Gallo|Gallows|Galo El Callejero|Gamalon|Gamba Freaks|Gambafreaks|Gambino Family|Gamble|Game|Game|Game|The Game|Game Music|Game Music|Game Related|GameChap|GameChops|Gameface|Gamma|Gamma|Gamma Ray|Ganesh Chandanshive|Gang Gang Dance|Gang of Four|Gang of Youths|Gang Parade|Gang Starr|Gang's Back|Gangkiz|Gangly|Gangrene (The Alchemist & Oh No)|Gangsta Blac|Gangsta Boo|Gangsta D|Gangsta Dresta|Gangsta Pat|Gangsta T|Gangstagrass|Gangster Bass Alliance|Gangster Pat|Gangsters|Ganksta N-I-P|Ganksta NIP|Gannis Kotsiras|Gant Kitchings|The Gants|Gao Jin & Tian Yuan|The Gap Band|Gappy Ranks|Gar|Gar Samuelson|Garage a Trois|Garbage|Garden Delites|Garden Party|Gardens & Villa|Gardeweg|Gardiner|Gardland|Gardner Cole|Gardy Fury|Gareth|Gareth Best|Gareth Davies|Gareth Emery|Gareth Gates|Gareth Jones|Gareth Malone|Gareth Malone's All Star Choir|Gareth McGrillen|Gareth Pring|Gareth Williams|Garett Buell|Garfield Baker|Garfield Bright|Garfunkel|Garfunkel & Oates|Garfunkel And Oates|Gargolas|Gari Hegedus|Garibaldi|Garibay|Garifuna Collective|Garin|Garland Frady|Garland Green|Garland Jeffreys|Garmiani|Garnet Crow|Garnet Keim|Garnet Mimms|Garnet Mimms & the Enchanters|GARNiDELiA|Garnidelia|Garo G.|Garo Yellin|Garou|Garren|Garren Sean|Garret Kelly|Garrett Buell|Garrett Burgett|Garrett Clayton|Garrett Fontes|Garrett Gardner|Garrett Goddard|Garrett Goodwin|Garrett Hammond|Garrett Hedlund|Garrett Klahn|Garrett Lunceford|Garrett Nickelsen|Garrett Stevenson|Garrett Tierney|Garrett Whitlock|Garrett Zablocki|Garrett's Crew|Garrick Ohlsson|Garron Dupree|Garry Burnside|Garry Christian|Garry Frost|Garry Gary Beers|Garry Glenn|Garry Hughes|Garry Jennings|Garry Jones|Garry Miles|Garry Mills|Garry Peterson|Garry Roberts|Garry Schyman|Garry Shandling/Annette Bening|Garry Shandling/Rip Torn|Garry Shider|Garth Brooks|Garth Brooks as Chris Gaines|Garth Dennis|Garth Elliott|Garth Hudson|Garth Knox|Garth Mosbaugh|Garth Petrie|Garth Porter|Garth Stevenson|Gary|Gary|Gary|Gary "Chicken" Hirsh|Gary "Jules" Alexander|Gary "Mudbone" Cooper|Gary "U.S." Bonds|Gary & Dave|GARY (dupe 1)|Gary Abbott|Gary Allan|Gary And The Hornets|Gary Anglin And The Voices Of CCC|Gary Arce|Gary Asquith|Gary B.B. Coleman|Gary Barlow|Gary Barnacle|Gary Bartz|Gary Beals|Gary Beers|Gary Benacquista|Gary Bennett|Gary Bias|Gary Borden|Gary Brooker|Gary Brown|Gary Buck|Gary Burbank With Band McNally|Gary Burger|Gary Burke|Gary Burton|Gary Burton & Friends|Gary Burton And Chick Corea|Gary Busey|Gary Byrd & The G.B.Experience|Gary Cambra|Gary Cane And His Friends|Gary Caos|Gary Chapman|Gary Cherone|Gary Cherone & The Tribe Of Judah|Gary Clail|Gary Clan & Diel|Gary Clark|Gary Clark Jr.|Gary Clark, Jr.|Gary Cole|Gary Cooper|Gary Criss|Gary Crothall|Gary Dale Parker|Gary Daly|Gary Daniels|Gary DeCarlo|Gary Decarlo And Steam|Gary Driscoll|Gary Duncan|Gary Escoe|Gary Featuring Crush|Gary Featuring Crush|Gary Featuring Jung In|Gary Finlayson|Gary Fomdeck|Gary Foote|Gary Foster|Gary Garcia|Gary Gentry|Gary Glitter|Gary Go|Gary Goodnight|Gary Graham|Gary Gulman|Gary Helsinger|Gary Herbig|Gary Hines|Gary Hobbs|Gary Hoey|Gary Holland|Gary Holt|Gary Husband|Gary James|Gary Jarman|Gary Jenkins|Gary Jules|Gary Kato|Gary Kemp|Gary Klebe|Gary L. Wyatt|Gary Lalonde|Gary Lamb|Gary Lane|Gary Langan|Gary Lee Chappell|Gary Lee Conner|Gary Leeds|Gary LeMel|Gary LeVox|Gary Lewis|Gary Lewis & the Playboys|Gary Lewis And The Playboys|Gary Lewis/Playboys|Gary Lightbody|Gary Link|Gary Lockwood|Gary Louris|Gary Lovetro|Gary Low|Gary Lucas|Gary Lunn|Gary Mack|Gary Mallaber|Gary Marx|Gary Maurer|Gary McCullough|Gary McDowell|Gary McFarland|Gary McKenzie|Gary McSpadden|Gary Melvin|Gary Mielke|Gary Miller|Gary Moberley|Gary Moffet|Gary Moon|Gary Moore|Gary Moore|Gary Morris|Gary Morse|Gary Moyers|Gary Myrick|Gary Nesta Pine|Gary Newby|Gary Nichols|Gary Novak|Gary Numan|Gary Numan & Tubeway Army|Gary Nuñez|Gary O'|Gary O.|Gary Oldman|Gary Peacock|Gary Peacock Trio|Gary Peacock Trio|Gary Pihl|Gary Pike|Gary Portnoy|Gary Powell|Gary Puckett|Gary Puckett & the Union Gap|Gary Puckett And The Union Gap|Gary Putman|Gary Ray Thompson|Gary Remal Malkin|Gary Richrath|Gary Roberts|Gary Rossington|Gary Rostock|Gary Rowles|Gary S. "Flip" Paxton|Gary S. Paxton|Gary Sanctuary|Gary Sandy/Howard Hesseman|Gary Sargeants|Gary Scruggs|Gary Seney|Gary Shea|Gary Sinise|Gary Sinise/Madeleine Stowe|Gary Sinise/Melina Kanakaredes|Gary Sinise/Tim Robbins|Gary Smith|Gary Stadler & Stephannie|Gary Steadin|Gary Stewart|Gary Stewart|Gary Stites|Gary Stringer|Gary Sunshine|Gary Talley|Gary Tanner|Gary Taylor|Gary Thain|Gary Thomas|Gary Thorstensen|Gary Tibbs|Gary Toms|Gary Toms Empire|Gary Troxel|Gary Trusler|Gary U.S. Bonds|Gary Usher|Gary Valentine|Gary VanScyoc|Gary VanZyl|Gary Velasquez|Gary Versace|Gary Wallis|Gary Warner|Gary Whelan|Gary Wiseman|Gary Withem|Gary Wolf|Gary Wooten|Gary Wright|Gary Wright And Spooky Tooth|Gary Wyatt|Gary Yoder|Gary Young|Gary's Gang|Garza|Gas|Gasellit|The Gaslamp Killer|The Gaslight Anthem|Gasolin'|Gasoline Lollipops|Gaspard Augé|Gaspard Ulliel/Gong Li|Gaspare Valenti|Gasper Claus|Gaston Bogaert|Gatecreeper|The Gatekeeperz|Gates|Gates Nichols|GATEWAY|Gateway|Gateway Drugs|Gateway Next|Gateway Worship|Gathering Field|Gatlin Brothers|Gato Barbieri|Gatsbys American Dream|The Gaturs|Gaudi|Gaudino|Gaurar Bali|Gautier|Gautier Capucon|Gavan Whelan|Gavin Bondy|Gavin Bryars|Gavin Burrough|Gavin Christopher|Gavin Creel|Gavin DeGraw|Gavin Dodds|Gavin Dunbar|Gavin Fox|Gavin Hammon|Gavin Harrison|Gavin Hayes|Gavin Hope|Gavin James|Gavin Knight|Gavin MacLeod|Gavin McDonald|Gavin Phillips|Gavin Rossdale|Gavin Russom|Gavin Shoesmith|Gavin Sutherland|Gavin Van Vlack|Gavinchi Brown|Gavy NJ|Gavy nj (Feat. LE of EXID)|Gavy nj,Postmen|Gavyn Wright|Gawvi|The Gay Blades|Gay Casper|Gay Marshall|Gay Nineties|Gay-Yee Westerhoff|Gaye Adegbalola|Gaye Arbuckle|Gayelynn Mckinney|Gayla Peevey|Gayle Adams|Gayle Caldwell|Gayle Harding|Gayle McCormick|Gayle Moran|Gayle Zeiler|Gaylen Ross|Gaylord & Holiday|Gaylord And Holiday|Gaylord Birch|The Gaylords|Gayngs|Gaz Coombes|The Gazette|Gazoline|Gazza Johnson|Gazzo|Gbenga Akinnagbe|Gbm Nutron|GBMNutron|GBU|The GC5|GD|GD & T.O.P.|GDP|Ge You|Ge Yusen|Geater Davis|Gebroeders Ko|Ged Grimes|Geda|Gedde Watanabe|Geddy Lee|Gee|Gee Gee Shinn|Geechi Suede|Geeh|Geek Boy|GEEKS|Geeks (Feat. DJ Dopsh)|Geena Davis|Geena Davis/Donald Sutherland|Geena Davis/Hugh Laurie|Geeno Smith|Geert Van Der Velde|Geezer Butler|Geezinslaw Brothers|The Geezinslaws|Geggy Tah|Gei|Gei Cogic Mass Choir|Geike Arnaert|Geils|Geir Jenssen|Geir Zahl|Geko|Gel|Gelsey Kirkland|Gem|Gem|Gem|Gem Archer|Gem Club|Gem Star|Gemelli DiVersi|Gemini|Gemini|Gemini|Gemini|Gemini|Gemini|Gemini|Gemini|Gemini Club|Gemini Rising|Gemini Syndrome|Gemitaiz|Gemitaiz|GEMMA|Gemma|GEMMA|Gemma Arterton|Gemma Clarke|Gemma Townlet|GEMS|Gems For Jem|Gemstones|Gen|Gen Hoshino|Gen Neo|Gena|Gena Rowlands|Gena Rowlands/Diane Lane|Genaro Nunez|Genaside II|Gene|Gene & Debbe|Gene & Eunice|Gene & Jerry|Gene & Wendell|Gene Adams|Gene Alden|Gene Alford|Gene Allen|Gene Allison|Gene Ames|Gene Ammons|Gene And Debbe|Gene Armstrong|Gene Autry|Gene Barry|Gene Bervoets|Gene Brandon|Gene Bricker|Gene Chandler|Gene Clark|Gene Cornish|Gene Cotton|Gene Davis|Gene Dobkin|Gene Dozier|Gene Dunlap|Gene Eugene|Gene Faith|Gene Farrow|Gene Gunnels|Gene Hackman|Gene Hackman/Danny Devito|Gene Hackman/Dennis Hopper|Gene Hackman/Ernest Borgnine|Gene Hackman/Gwyneth Paltrow|Gene Hackman/Morgan Freeman|Gene Harris|Gene Harris & The Philip Morris Superband|Gene Harris Trio Plus One|Gene Hoglan|Gene Holder|Gene Hughes|Gene Hunt|Gene Johnson|Gene Kelly|Gene Kennedy|Gene Kennedy And Karen Jeglum|Gene Loves Jezebel|Gene Ludwig|Gene Ludwig-Pat Martino Trio|Gene McDaniels|Gene McFadden|Gene Moore|Gene Noble|Gene Page|Gene Parsons|Gene Pearson|Gene Pello|Gene Pistilli|Gene Pitney|Gene Redding|Gene Rice|Gene Romero|Gene Sheldon|Gene Simmons|Gene Simmons|Gene Stashuk|Gene Stroman|Gene Taylor|Gene Thomas|Gene Tierney|Gene Troutman|Gene Watson|Gene Ween|Gene Wilder|Gene Wilder/Madeline Kahn|Gene Williams|Gene Woods|Gene Wright|Gene Wyatt|Geneatha Wright|Genelle Williams|General Caine|General Crook|General Fiasco|General Grant|General Johnson|General Johnson & the Chairmen of the Board|General Kane|General Larry Platt|General Public|Generation 11|Generation J|Generation Kill|Generation Next|Generation Unleashed|Generation X|Generationals|Generations From Exile Tribe|Generous|Genesis|Genesis|Génesis|Genesis|Genetikk|Geneva|Geneva Jacuzzi|Genevieve Bellemare|Genevieve Bujold|Genevieve Fisher|Genevieve Jodoin|Geneviève Leclerc|Genevieve Mariko Wilson|Genghis Tron|Genierock|The Genies|Genio|Genita Pugh|Genitallica|Genitorturers|Genius|The Genius|Genius Products|Genius/GZA|Genji Siraisi|Geno Bisconte|Geno Lenardo|Genobia Jeter|Gent & Jawns|Gente De Zona|Gentle Giant|Gentle Love|Gentle Persuasion|Gentleman|Gentleman's Dub Club|Gentlemen And Their Lady|Gentlemen Hall|Gentri|The Gentrys|Genty|Genuine Parts|Genya Ravan|Geo Da Silva|Geoff Barrow|Geoff Beauchamp|Geoff Bellingham|Geoff Brandin|Geoff Bridgford|Geoff Britton|Geoff Byrd|Geoff Chunn|Geoff Daking|Geoff Dugmore|Geoff Dunn|Geoff Gayer|Geoff Holroyde|Geoff Keezer|Geoff Kresge|Geoff MacCormack|Geoff McBride|Geoff Moore|Geoff Muldaur And The Texas Sheiks|Geoff Nicholls|Geoff Rickly|Geoff Sewell|Geoff Stanfield|Geoff Stephens|Geoff Swettenham|Geoff Tate|Geoff Tate (dupe 1)|Geoff Taylor|Geoff Verne|Geoff Weers|Geoff Whitehorn|Geoff Wilkinson|Geoff Zanelli|Geoffrey Blythe|Geoffrey Daking|Geoffrey Downes|Geoffrey Golden|Geoffrey Gurrumul Yunupingu|Geoffrey Gurrumul Yunupinqu|Geoffrey Jones|Geoffrey Mortimer|Geoffrey Oryema|Geoffrey Palmer|Geoffrey Paris|Geoffrey Peacey|Geoffrey Pike|Geoffrey Richardson|Geoffrey Rush|Geoffrey Rush/Famke Janssen|Geoffrey Rush/Kate Winslet|Geoffrey Walker|Geoffrey Williams|Geoffrey Williams|Geoffroy|Geographer|Geologic|Geologist|Geophrey Mdletshe|Geordie Walker|Georg "Jojje" Wadenius|Georg Holm|Georg Laakso|Georg Listing|Georg Solti|Georg Zeppenfeld|Georg Zottl|George|George|George "Corpsegrinder" Fisher|George "Funky" Brown|George "Smitty" Smith|George 2.0|George Acosta|George Adam|George Alexander|George Anderson|George Asithianakis|George Baker|George Baker Selection|George Barajas|George Barnett|George Benson|George Benson|George Benson|George Benson|George Benson & Joe Farrell|George Benson/Earl Klugh|George Berz|George Beverly Shea|George Biondo|George Bunnell|George Burns|George C. Ambros|George C. Scott|George C. Scott/Karl Malden|George C. Scott/Karl Malden (dupe 1)|George Cables|George Calle|George Cameron|George Canyon|George Carlin|George Carter|George Centeno|George Chambers|George Ciukurescu|George Clinton|George Clinton & His Gangsters of Love|George Clinton & the P-Funk All-Stars|George Clinton and His Gangsters of Love|George Clinton/Parliament Funkadelic|George Clooney|George Clooney/Anthony Edwards|George Clooney/Brad Pitt|George Clooney/Catherine Zeta-Jones|George Clooney/Frances McDormand|George Clooney/Mark Wahlberg|George Clooney/Mark Wahlberg (dupe 1)|George Clooney/Matt Damon|George Clooney/Quentin Tarantino|George Clooney/Renee Zellweger|George Clooney/Tom Wilkinson|George Coleman|George Coleman, Jr.|George Colligan|George Craig|George Cummings|George Dalaras|George Daly|George Daly|George Davies|George Davis|George Deffet|George Delgado|George Dominguez|George Donaldson|George Donaldson|George Donoso III|George Ducas|George Duke|George Evelyn|George Ezra|George Fenton|George Fischoff|George Fisher|George Fitzgerald|George Ford|George Foreman|George Foster|George Fox|George Frayne|George Freeman|George Gabriel|George Gainer|George Galfo|George Gaynes|George Gershwin|George Glover|George Grantham|George Grove|George Hamilton IV|George Hamilton V|George Hanson|George Harris|George Harrison|George Harrison|George Harrison And Friends|George Hawkins|George Haye|George Henare/Rawiri Paratene|George Henrique & Rodrigo|George Highfill|George Hilliard|George Hodos|George Howard|George Hu|George Huff|George Hunter|George Huntley|George Hurley|George Jinda|George Johnson|George Jones|George Jones|George Jones & Melba Montgomery|George Jones & Tammy Wynette|George Jones Jr.|George Kahumoku Jr.|George Kelly|George Kennedy/Edward James Olmos|George Kent|George Kent|George Kooymans|George Kranz|George Kranz Featuring Doug Lazy|George Kwali|George Lamond|George Lawrence|George Lazenby|George Lee|George Leonard|George Lewis|George Lewis & His New Orleans Stompers|George Lewis And His New Orleans Stompers|George Li|George London|George Lopez|George Lynch|George Magura|George Maharis|George Maher|George Malcolm|George Maple|George Marinelli|George Martin|George Martin And His Orch.|George Mazur|George McAllister|George McArdle|George McConnell|George McCorkle|George McCrae|George McCrae|George McCurn|George McDaid|George McFarlane|George McMullen|George Meanwell|George Merrill|George Michael|George Millar|George Montes|George Morel|George Morgan|George Moss|George Mraz|George Newbern|George Newsome|George Nooks|George Nooks & Lupa|George Oban|George Otis|George Pappas|George Parfitt|George Pendergast|George Pendergrass|George Perkins & the Silver Stars|George Perris|George Petrou|George Pettit|George Pettus|George Philip|George Phillips|George Porter, Jr.|George Powell|George Ratzlaff|George Rebelo|George Reeves|George Reeves/Noel Neill|George Richter|George Rowe|George Rush|George Salazar|George Santiago|George Schwindt|George Scott|George Segal|George Shaw|George Shaw & Jetstream|George Shearing|George Shuffler|George Spencer|George Spencer III|George St-Pierreand|George Strait|George Suranovich|George Svoboda|George Szell|George Tandy, Jr.|George Terry|George the Poet|George the Poet|George Thorogood|George Thorogood & the Destroyers|George Tickner|George Tomsco|George Torrence & The Naturals|George Tutuska|George Victory|George Vougioukas|George W. Dixon|George Weaver|George Wendt|George Wendt/Meredith Monroe|George Weyman|George White|George Whitmore|George Williams|George Williams|George Winston|George Wooten|George Yamamoto|George Younce|George Young|Georgeanna Tillman|Georges Bizet|Georges Brassens|Georges Du Fresne|Georges Hamel|Georges Moustaki|Georges Pretre|Georgi Kay|Georgi Robev|Georgia Gibbs|Georgia Holt|Georgia Hubley|Georgia Jane|Georgia Kelly & Steven Kindler|Georgia Kelly With Dusan Bogdanovic|Georgia Ku|Georgia Mass Choir|Georgia Middleman|Georgia Nicole|The Georgia Satellites|Georgie Dann|Georgie Fame|Georgie Fame & the Blue Flames|Georgie Henley/Skandar Keynes|Georgie Porgie|Georgie Young|Georgina|Georgio|Geotic|Geowulf|Gera MXM|Gerald|Gerald "Buddie" Tiller|Gerald "Buddie" Tiller|Gerald & Tammi Haddon|Gerald Albright|Gerald Alston|Gerald Brown|Gerald Clayton|Gerald Cleaver|Gerald Collier|Gerald Crabb|Gérald De Palmas|Gerald Finley|Gerald Finley (dupe 1)|Gerald Jay Markoe|Gerald Lebon|Gerald Levert|Gerald Lyles|Gerald Moore|Gerald Polk|Gerald Reed|Gerald Roberts|Gerald Sanders|Gerald Scott|Gerald Scott & Co.|Gerald V. Casale|Gerald Veasley|Gerald Wilson|Gerald Wilson Orchestra|Geraldine|Geraldine Hunt|Geraldine Hunt & Charlie Hodges|Geraldine McQueen|Geraldine Nakache|Geraldine Page|Geraldine Stevens|Gerard Butler|Gerard Butler/Emmy Rossum|Gerard Butler/Lena Headey|Gerard Butler/Tom Wilkinson|Gerard Causse|Gerard Depardieu|Gerard Garone|Gerard Joling|Gerard Langley|Gerard Love|Gerard McMahon|Gerard Schwarz|Gerard Singh|Gerard Smith|Gerard Smith|Gerard Way|Gerard Whelan|Gerard-René-Gordon|Gerardo|Gerardo Coronel|Gerardo Izaguirre|Gerardo Ortiz|Gerardo Ortíz|Gerardo Ortíz Medina|Gerardo Ramírez|Gerardo Reyes|Gerardo Reyes y Lorenzo de Monteclaro|Gerardo Rivas|Gerardo Toto Rotblat|Gerardo Urias Gutierrez|Gere Fennelly|Gerhardt Fuchs|Gerhart Thrasher|Gerhild Romberger|Geri Allen|Geri Halliwell|Geri Soriano|Gerlad Toto|German De La Fuente|Germán Lizárraga|German Lizarraga Y Su Banda Estrellas De Sinaloa|Germán Montero|German Opera Berlin|German Roman Y Su Banda Republica|Gernot Winkler|Gero|Gerod Rayborn|Gerry "Lionize" Capo|Gerry & the Pacemakers|Gerry And The Pacemakers|Gerry Beckley|Gerry Brown|Gerry Conway|Gerry Cott|Gerry Fike|Gerry Finn|Gerry Goffin|Gerry Granahan|Gerry Hubbard|Gerry Marsden|Gerry McCarthy|Gerry McGee|Gerry Mercer|Gerry Mulligan|Gerry Polci|Gerry Rafferty|Gerry Shephard|Gerry Sheppard|Gerry Thomas|Gerry VanKollenburg|Gerry Williams|Gerry Woo|Gers|Gers Pardoel|Gersey|Gershy Schwarcz|Gert Bettens|Gert Steinbäcker|Gert Verhulst|Gertrude Berg|Geru Y Su Legión 7|Gesaffelstein|Geston Pierre|Gestört Aber Geil|The Gestures|Gesu No Kiwami Otome.|Get Busy Committee|Get Cool|Get Far|Get Fresh Girls|Get Scared|Get The Fist Movement|The Get Up Kids|Get Well Soon|Get Wet|Get-Far|The Getaway Plan|Geto Boys|Getter|Getter!|Getto|Getz/Gilberto|Gewandhausorchester|Gez Varley|Geza Anda|GFM|GFriend|GG Caravan|The GGGG's|Ghali|Ghazal|Ghemon|Gheorghe Muresan|Ghetto Commission|Ghetto Concept|Ghetto E|Ghetto Girlz|Ghetto Mafia|Ghetto Twiinz|Ghetto Twinz|Ghetts|Ghinzu|Ghost|Ghost|Ghost|Ghost|Ghost|Ghost|Ghost (dupe 1)|Ghost B.C.|Ghost Bath|Ghost Black|Ghost Face Killer|The Ghost Inside|Ghost Loft|Ghost Nation|The Ghost of a Saber Tooth Tiger|Ghost of an American Airman|Ghost Ship|Ghost Town|Ghost Town|Ghost Town DJ's|Ghost Town DJs|Ghost Train|Ghostface|Ghostface Killah|Ghostland|Ghostland Observatory|Ghostpoet|Ghosts|Ghostt|Ghoul|The Ghouls|GI|GIA|Gia 7|Gia Bella|Gia Farrell|Gia Koka|Giabiconi|Giada|Gian Marco|Gian Pyres|Gianandrea Noseda|Giancarlo Esposito|Giancarlo Giannini|Giancarlo Guerrero|Gianfranco Bortolotti|Giang Pham|Gianluca Grignani|Gianluca Viano|Gianna Nannini|Gianni|Gianni Luminati|Gianni Maroccolo|Gianni Minardi|Gianni Morandi|Gianni Sirenne|Giannis Aggelakas|Giannis Haroulis|Giannis Kotsiras|Giannis Markopoulos|Giannis Parios|Giannis Ploutarhos|Giannis Zouganellis|Giant|Giant City|Giant Panda Guerilla Dub Squad|Giant Steps|Gib Guilbeau|Gibby Haynes|Gibby Haynes & His Problem|Gibbz|The Gibson Brothers|The Gibson Brothers|The Gibson Brothers|Gibson Miller Band|Gibson/Miller Band|Gichy Dan|Gidea Park|Gidea Park featuring Adrian Baker|Gideon|Gideon Bendile|Gideon Blumenthal|Gideon James|Gideon's Army|Gideonz Army|Gidget Gein|Gidon Kremer|Giedr Dirvanauskait|The Gift|Gift Giver|Gift of Gab|Gigabyte|Gigamesh|Giggles|Giggs|Giggs & Cole|GIGI|Gigi D'Agostino|Gigi D'Alessio|Gigi Leung/Zhu Qi Long|Gigolo Aunts|Gil (of Lessang)|Gil Bridges|Gil Collin|Gil Evans|Gil Grand|Gil McKinney|Gil Melle|Gil Robbins|Gil Rose|Gil Scott-Heron|Gil Scott-Heron & Brian Jackson|Gil Shaham|Gil Trythall|Gila|Gilad Atzmon|Gilad Hekselman|Gilad Janklowicz|Gilbere Forte|Gilbert|Gilbert Gabriel|Gilbert Moorer|Gilbert O'Sullivan|Gilbert Ortega|Gilberto "Bibi" Marin Espinoza|Gilberto Cerezo|Gilberto Gil|Gilberto Santa Rosa|Gilby Clarke|Gilda Radner|Giles Leaman|Giles Reaves|Gill Landry|Gill Taylor|Gillan|GILLE|Gilles Dellecroix|Gilles Peterson|Gilles Vigneault|Gillette|Gilli|Gilli & Young|Gillian Anderson|Gillian Anderson/Eric Stoltz|Gillian Dempster|Gillian Gilbert|Gillian Hills|Gillian Lisee|Gillian Marloth/Teigh McDonough|Gillian Webster|Gillian Welch|Gillie da Kid|Gilme (Feat. Eun Ji Won)|Gilmer McCormack|Gilson Lavis|Gimm+Icky|Gin Blossoms|Gin Wigmore|Gina Belafonte|Gina Clowes|Gina Cutillo|Gina Darby|Gina G|Gina Gershon|Gina Go-Go|Gina McKee/Rob Brydon|Gina Morris|Gina Philips/Justin Long|Gina Philips/Justin Long (dupe 1)|Gina Schock|Gina Sicilia|Gina Stile|Gina Taylor|Gina Tharps|Gina Thompson|Ginette Reno|Ging Nang Boyz|Ginger|Ginger Baker|Ginger Baker Trio|Ginger Baker's Air Force|Ginger Blake|Ginger Fish|Ginger Lynn Allen|Ginger Millermon|Ginger Ninja|Gini Martin|Ginie Line|Ginie Lynn|Ginko Yurishiro(Miho Arakawa),Ruru Yurigasaki(Yoshiko Ikuta),Kureha Tubaki(Nozomi Yamane)|Ginny Arnell|Ginny Blackmore|Ginny Owens|Gino|Gino & Gina|Gino Ávila|Gino Caporale|Gino Cunico|Gino d'Auri|Gino Martino|Gino Soccio|Gino The New Guy|Gino Vannelli|Gino Washington|Ginuwine|Gio|Gio Di Tonno|Giò Sada|Gioia|Gioia Bruno|GionnyScandal|Giorge Pettus|Giorgia|Giorgia & Marco Mengoni|Giorgia Fumanti|Giorgio|Giorgio Cocilovo|Giorgio Kilkenny|Giorgio Moroder|Giorgio Zancanaro|Giorgios Alkaios|Giorgos Alkaios|Giorgos Chatzipieris|Giorgos Giannias|Giorgos Margaritis|Giorgos Mazonakis|Giorgos Mouchtardis|Giorgos Nikiforou Zervakis|Giorgos Ntalaras|Giorgos Papadopoulos|Giorgos Romanos|Giorgos Sabanis|Giorgos Sampanis|Giota Negka|Giovanca|Giovanna|Giovanna Pessi|Giovanni|Giovanni|Giovanni|Giovanni Allevi|Giovanni Antonini|Giovanni Gianni|Giovanni James|Giovanni Martinelli|Giovanni Pezzoli|Giovanni Ribisi/Vin Diesel|Gipp|Gipsy|Gipsy Kings|Gipsyland|Giraffage|Giraffe Tongue Orchestra|The Girl|The Girl and the Dreamcatcher|Girl Authority|Girl in a Coma|Girl Next Door|The Girl Next Door|Girl On Fire|Girl Talk|Girl Talk|The Girl!|Girl's Day|The Girlfriends|Girlicious|Girlpool|Girls|Girls|Girls|Girls Against Boys|Girls Aloud|Girls Around|Girls Can't Catch|Girls Can't Help It|Girls in Hawaii|Girls Next Door|Girls' Generation|Girls' Generation|Girls' Generation|Girls' Generation|Girls' Generation|Girls' Generation|Girls' Generation|Girls' Generation-TTS|Girlschool|Girltalk|Girma Yifrashewa|Giro|Giro Lopez|Gisbert Zu Knyphausen|Gisele Jackson|Giselle|Giselle Brohman|Giselle Roque de Escobar|Giselle Tavera|Gisselle|Git Fresh|Giti Khalsa|Giuffria|Giuliano|Giuliano Carmignola|Giuliano Palma|Giuliano Sangiorgi|Giulietta|Giulio Dalla Stella|Giuseppe Capolupo|Giuseppe D.|Giuseppe Di Stefano|Giuseppe Lo Iacono|Giuseppe Sinopoli|Giuseppe Valdengo|Giusy Ferreri|Give Up the Ghost|Givers|Gizelle|Gizelle D'Cole|Gizmodrome|Gizzle|Glad|Glad Featuring The London Symphony|Glades|Gladkill|Gladstone|Gladys Horton|Gladys Knight|Gladys Knight & the Pips|Gladys Knight And The Pips|Glam|Glam Metal Detectives|Glamour Camp|Glamrock Brothers & Nightcrawlers|The Glands|The Glaser Brothers|Glasgow Funk Tracs|Glashaus|Glasperlenspiel|Glass|Glass Animals|The Glass Bottle|Glass Candy|Glass Cloud|Glass Harp|The Glass House|Glass Joe|Glass Moon|Glass Tiger|GlassByrd|Glasser|Glasses Malone|Glassjaw|Glasslands|Glasvegas|Glauco Venier|Glay|GLC|Glee|Glee Cast|Glee Cast Featuring Idina Menzel|Gleis 8|Glen "The Kid" Marhevka|Glen A. Larson|Glen Alvelais|Glen Andrews|Glen Bailey|Glen Bennie|Glen Benton|Glen Berry|Glen Bishop|Glen Burtnick|Glen Burtnik|Glen C. Campbell|Glen Campbell|Glen Campbell|Glen Clark|Glen Collins|Glen Cornick|Glen Cummings|Glen D. Hardin|Glen Dale|Glen David Andrews|Glen Drover|Glen Duncan|Glen Gamble|Glen Garrison|Glen Goins|Glen Gray|Glen Hansard|Glen Hansard & Marketa Irglova|Glen Hansard/Marketa Irglova|Glen Hollingshead|Glen Lambert|Glen Langan|Glen Larson|Glen Matlock|Glen Moore|Glen Mosley|Glen Payne|Glen Phillips|Glen Power|Glen Rambo|Glen Scott|Glen Sherley|Glen Sobel|Glen Stuart|Glen Templeton|Glen Tickle|Glen Washington|The Glencoves|Glenda Griffith|Glenda Jackson|Glenda Millar|Glenda Miller|Glengarry Bhoys|Glenn "Sweety G" Toby|Glenn Allred|Glenn Barber|Glenn Barry|Glenn Claes|Glenn Close|Glenn Close/Ioan Gruffudd|Glenn Close/Jeff Daniels|Glenn Close/Rose Byrne|Glenn Danzig|Glenn Drennen|Glenn Evans|Glenn Five|Glenn Frey|Glenn Friscia|Glenn Gould|Glenn Graham|Glenn Gregory|Glenn Hughes|Glenn Jones|Glenn Kaiser|Glenn Kithcart|Glenn Kochanowicz|Glenn Kotche|Glenn Langan|Glenn Leonard|Glenn Letsch|Glenn Lewis|Glenn Lyse|Glenn McClelland|Glenn Medeiros|Glenn Medeiros Featuring Bobby Brown|Glenn Mercer|Glenn Milchem|Glenn Miller|Glenn Miller|Glenn Miller & His Orchestra|Glenn Miller & His Orchestra|Glenn Miller and His Orchestra|The Glenn Miller Orchestra|Glenn Mohr|Glenn Monroig|Glenn Moore|Glenn Morrison|Glenn Morrison Feat. Evalyn|Glenn Morrison Featuring Islove|Glenn Murdock|Glenn Patscha|Glenn Plummer|Glenn Porter|Glenn R. Hughes|Glenn Rogers|Glenn Schwartz|Glenn Sears|Glenn Sherba|Glenn Shorrock|Glenn Slater|Glenn Sutton|Glenn Thomas|Glenn Thornton|Glenn Tilbrook|Glenn Tipton|Glenn Toby|Glenn Travis|Glenn Waldman|Glenn Wool|Glenn Wright|Glenn Yarbrough|Glennis Grace|Glider|Glim Spanky|Glimmer of Blooms|The Glitch Mob|Glitter Band|Gloaming|Global Deejays|Global Underground|Globus|Glodean James|Gloria Carter|Gloria Cheng|Gloria Covington|Gloria D. Brown|Gloria Estefan|Gloria Estefan & Miami Sound Machine|Gloria Gaynor|Gloria Goodson|Gloria Holden|Gloria Jones|Gloria Jones|Gloria Loring|Gloria Lynne|Gloria Scott|Gloria Taylor|Gloria Taylor|Gloria Trevi|Gloria Trevi & Alejandra Guzman|Gloria Walker|Gloriana|The Glories|Glorified|The Glorious Sons|The Glorious Unseen|Glory|Glory|Glory|Glory|Glory|Glory (dupe 1)|Glory Hill|Glory Revealed|Glory Revival Music|Gloryhound|Glovibes|Glowinthedark|Gloworm|GLP|Glutamine|Glynn Kerslake|Glynn Turman|Glzz Butt|GMB|GMWA|GMWA Philadelphia Mass Choir|GMWA Women of Worship|Gnarls Barkley|Gnash|Gnod|Go Ask Alice|Go Back to the Zoo|Go Cozy|Go Fighting Men|Go Fish|Go For Yr Gun|Go Hard Or Go Home|GO Kids Music|Go Mack|Go Radio|Go West|Go! Go! 7188|The Go! Team|Go!Go!Vanillas|The Go-Betweens|Go-Go's|The Go-Go's|Goads|Goanna|Goapele|Goat|Goat|Goat Girl|Goat Pervertor|Goatwhore|Gob|Gocho|Gocho "El Lápiz De Platino"|God Forbid|God Help the Girl|God Is an Astronaut|God Is an Astronaut|God Lives Underwater|God Particle|God Squad|The God Squad|God Street Wine|God Within|God's Little Soldiers International|God's Property|God's Servent|Goddess|Godfather Pt III|Godfathers|Godflesh|Godfrey Cambridge|Godfrey Madura|Godhead|Godley & Creme|Godoy Colbert|Gods Child|Gods Posse|Godskitchen|Godsmack|Godspeed You! Black Emperor|Godspell|Godz|Gogi Grant|GoGo Penguin|Gogol Bordello|Goin' Through|GOING UNDER GROUND|Gojira|GOL2S|Gölä|Gold|Gold 1|Gold Fields|Gold Medal Sleeper|Gold Money|Gold Panda|Gold Teet|Gold Top|Gold, Frankincense & Myrrh|Gold-E|Gold2|Goldbug|Goldchain|Golddiggers|Golden|Golden 12|Golden Bomber|Golden Boy|Golden Coast|Golden Crew|Golden Earring|Golden Gate Strings|The Golden Palominos|Golden Retriever|Golden Silvers|Golden Smog|Golden Zhang|Goldfinger|Goldfish|Goldfish|Goldfrapp|Goldhouse|Goldie|Goldie Alexander|Goldie Hawn|Goldie Hawn/Susan Sarandon|Goldie Lookin Chain|GoldLink|Goldmoney|Goldmund|Goldroom|Goldrush|Goldy|Goldy McJohn|Goleo VI|Golf Boys|Gomba Jahbari|Gomez|Gomie|Gompie|Gonde|Gone is Gone|Gong|Gong Ge|Gong Li|Gong Yoo|Gongui|Gonjasufi|Gonzales|Gonzales|Gonzales Ozen|Gonzalez|Gonzalez|Gonzalo Martinez de la Cotera|Gonzalo Rubalcaba|Gonzalo X. Ruiz|Gonzo|Gonzo|Gonzoe|Goo Goo Dolls|The Goo Goo Dolls|Goo Ja Myeong|Good 2 Go|Good Bad Ugly|Good Charlotte|Good Coming|Good Fellas|Good Fridays|GOOD GIRL|Good Girls|The Good Life|Good Meimei|Good Meimei|Good Men|The Good Natured|Good Old War|Good On the Reel|Good Question|Good Riddance|Good Sister|Good Sister|Good Tiger|Good Weather Forecast|The Good, the Bad & the Queen|Goodbye June|The Goodees|Goodfellaz|Goodie|Goodie Mob|Goodman Revival|Goodman Sam|Goodwill|Goody Goody|Goody Grace|Googe|Googie Rene Combo|GooGoosha|Goon Squad|GoonRock|Goose|Goose|Goose Creek Symphony|Goose House|Goran Bregovic|Goran Sollscher|Goran Visnjic|Gord Bamford|Gord Bamford feat. Jim Cuddy|Gord Downie|Gord Downie|Gord Downie and the Country of Miracles|Gord Sinclair|Gordan Nikolic|Gorden Mack|Gordon|Gordon|Gordon "Nappy G" Clay|Gordon Ashe|Gordon Beck|Gordon Chambers|Gordon Coxon|Gordon Cyrus|Gordon Dee|Gordon Downie|Gordon Edwards|Gordon Fleet|Gordon Gano|Gordon Goodwin|Gordon Goodwin's Big Phat Band|Gordon Gordy|Gordon Haskell|Gordon Heuckeroth|Gordon Hollenga|Gordon Hunte|Gordon Jones|Gordon Kennedy|Gordon Lightfoot|Gordon MacRae|Gordon Mills|Gordon Moakes|Gordon Mote|Gordon Ramsay|Gordon Raphael|Gordon Sinclair|Gordon Stevens|Gordon Strozier|Gordon Sullivan|Gordon Terry|Gordon Waller|Gordon Wilson|Gordon Worthy|Gordy Harmon|Gordy Quist|Gorgon City|Gorgoroth|Gorgoroth|Gorguts|Gori Women's Choir|Gorila|Gorilla Biscuits|Gorilla Voltage|Gorilla Zoe|Gorillaz|Gorki|Gorky Park|Gorky Park|Gorky Park|Gosdin Bros|Gospel 4|Gospel Angelics|Gospel Blenders|Gospel Gangstaz|The Gospel Gold Singers|The Gospel Imperials|Gospel Lee|The Gospel Miracles|Gospel Music Workshop of America|Gospel Music Workshop of America/Rev. James Cleveland|Gospel Music Worshop Of America-National Mass Choir|The Gospel Youth|Gospellers|Goss|Gossip|The Gossip|Gossling|Gost|Gosta Winbergh|Got a Girl|GOT7|Gota|Gotan Project|Gotay "El Autentiko"|The Gothard Sisters|Gothenburg Symphony Orchestra|Gothic Archies|Gothminister|Gottfried von Der Goltz|Gotthard|Gotti|Gotye|Goudé|GoUrBand|Gourdan Banks|The Gourds|Gourmet|Gouryella|Gov't Mule|Governor|Govi|Govind Das|Govinda|Goyo|Goyo Yeves|Gozadera|GP Wu|GQ|Grabbitz|Grace|Grace|Grace|Grace|Grace|Grace (dupe 1)|Grace (dupe 2)|Grace Broussard|Grace Chapel Worship|Grace Cloutier|Grace Fiddler|Grace Helbig|Grace Jones|Grace Kelly|Grace Kelly|Grace Kennedy|Grace Knight|Grace Lachance|Grace Mitchell|Grace Phipps|Grace Potter|Grace Potter & the Nocturnals|Grace Ruffin|Grace Slick|Grace Tither|Grace Under Pressure|Grace V.|Grace VanderWaal|Grace Weber|Graceful Closure|The Graces|Gracias|Gracias & Reino Nordin|Gracie and Rachel|Gracie Benedith|Gracie Fields|Gracie McGraw|Gracie Schram|Gracie Terzian|Graciela Beltran|The Gracious Few|Grade 8|Grades|The Graduate|Graduates|The Graduates|Gradur|Grady|Grady Cross|Grady Guan|Grady Harrell|Grady Harrell, Jr.|Grady Nichols|Grady Spencer|Grady Spencer & The Work|Grady Thomas|Graeme Clark|Graeme Collins|Graeme Duffin|Graeme Edge|Graeme Edge Band|Graeme Kelling|Graeme Page|Graeme Park|Graeme Revell|Graffiti Orchestra|Graffiti6|Grafh|Grafic International|Graham|Graham "Suggs" McPherson|Graham Bond|Graham Bonnet|Graham Candy|Graham Central Station|Graham Chapman|Graham Chapman/John Cleese|Graham Colton|Graham Colton Band|Graham Coxon|Graham Crabb|Graham Crewe|Graham Downey|Graham Foote|Graham Goble|Graham Gouldman|Graham Harvey|Graham Hollis|Graham Hopkins|Graham Jordan|Graham Kendrick|Graham Knight|Graham Lambert|Graham Lant|Graham Lear|Graham Lewis|Graham Lyle|Graham Maby|Graham Massey|Graham McTavish|Graham Nash|Graham Oliver|Graham Parker|Graham Parker & the Rumour|Graham Phillips/Haley Ramm|Graham Russell|Graham Scott|Graham Sharp|Graham Simpson|Graham Smith|Graham Ulicny|Graham Walsh|Graham Weir|Graham Wright|The Grahams|Grails|Grainger Hines|Gram Lebron|Gram Parsons|Gram Parsons And The Flying Burrito Brothers|Gramatik|Gramatik|Gramercy|Grammatrain|Gramophonedize|Gramophonedzie|Gramps Morgan|Gran Ronde|Grand Agent|Grand Architect Paradise|Grand Archives|Grand Canyon|Grand Corps Malade|Grand Daddy I.U.|Grand Funk|Grand Funk Railroad|Grand Larceny|The Grand Magnolias|Grand Pop Station|Grand Prix|Grand Puba|Grand Tapestry|Grand Tour|Grand Valley State University New Music Ensemble|Grand Valley University New Music Ensemble|Grand Verbalizer Funkin-Lesson Brother J.|Grandad Turner|Grandaddy|Grandaddy I.U.|Grande Ligas|GrandeMarshall|Grandes de Durango|GrandMarnier|Grandmaster Caz|Grandmaster Dee|Grandmaster Flash|Grandmaster Flash & the Furious Five|Grandmaster Melle Mel|Grandmaster Melle Mel And The Furious Five|Grandmaster Slice|Grandmixer D.St.|Grandpa Elliott|Grandpa Jones|Grandpaboy|Grandson|Grandtheft|Granger Smith|Granite|Granny's Goodies|Granrodeo|Grant|Grant "Daddy G" Marshall|Grant Barry|Grant Brandell|Grant Cramer|Grant Dobbs|Grant Estes|Grant Fitch|Grant Fullerton|Grant Geissman|Grant Gershon|Grant Green|Grant Gustin|Grant Hart|Grant Hutchinson|Grant Hutchison|Grant Lee Buffalo|Grant Lee Phillips|Grant Llewellyn|Grant Maloy Smith|Grant Maloy Smith|Grant Marsh|Grant McFarland|Grant McLennan|Grant Nicholas|Grant Park Chorus|Grant Park Orchestra|Grant Stevens|Grant Turner|Grant Wilson|Grant Young|Grant-Lee Phillips|Grap Luva|Grapefruit|The Grapes of Wrath|Grapevine|Graph Gonzales|The Grascals|The Grass Roots|Grasshopper|Grasshopper|Grateful Dead|Grateful Dead|The Grateful Dead|Grateful Grass|Grater|Gratitude|Grav|Grave Digger|Grave Plott|Gravediggaz|Graves|Graveyard|Gravitonas|Gravity Kills|Gravy|Gray|GrayGhost|Grayscale|Grayson Erhard|Grayson Hugh|Grayson Reed|Grayson|Reed|Graziella|Grease|Grease Live! Cast|Great American Ghost|Great American Ghost|Great Big Planes|Great Big Sea|Great Buildings|The Great Commission|The Great Divide|Great Good Fine Ok|Great Lake Swimmers|Great Mary|Great Northern|Great Plains|The Great Plains|The Great Reversal|Great Transparency|Great White|Great Worship Songs Kids Praise Band|Great Worship Songs Players|Great Worship Songs Praise Band|Greater Blessings Praise Team|Greater Emmanuel Mass Choir|Greater Mt. Calvary|Greater Than One|Greater Victory Temple Choir|Greed|Greedy Smith|GReeeeN|Greeeen Shio|Greek Fire|Greeley Estates|Greem|The Green|Green "Mac" McLauren|Green & Stasse Present Go Diva|The Green Band|Green Bay Packers|Green City|Green Court|Green Day|Green Day Featuring The Cast Of American Idiot|Green Eyez|Green Gartside|Green Jelly|Green Lantern|Green Lyte Sunday|Green on Red|Green River|Green River Boys w/ Glen Campbell|Green River Ordinance|Green Shoe Studio|Green Velvet|The Greencards|Greendale Chamber Of Commerce|The Greenes|Greenhouse 27|Greenleaf Cast|Greenskeepers|Greensky Bluegrass|Greenwheel|The Greenwood County Singers|Greenwoods|The Greeting Committee|Greg "Doc" Johnson|Greg Abate Quartet|Greg Adams|Greg Alsop|Greg Apro|Greg Arama|Greg Attonito|Greg Babior|Greg Bannis|Greg Barnett|Greg Bates|Greg Baze|Greg Bergdorf|Greg Biela|Greg Braun|Greg Brown|Greg Brown|Greg Burns|Greg Camp|Greg Carmichael|Greg Cartwright|Greg Chaisson|Greg Chambers|Greg Christian|Greg Churchouse|Greg Collins|Greg Corner|Greg D|Greg d'Angelo|Greg Daniels|Greg Dellaria|Greg Demos|Greg Doran|Greg Drudy|Greg Dulli|Greg Edmondson|Greg Edmondson|Greg Edwards|Greg Edwards|Greg Eklund|Greg Ellis|Greg Elmore|Greg Errico|Greg Evigan|Greg Fitzsimmons|Greg Fraser|Greg Freeman|Greg Gall|Greg Garrison|Greg Gatsby|Greg Gatsby|Greg Geddes|Greg Georgeson|Greg Gerard|Greg Gilbert|Greg Gilmore|Greg Giraldo|Greg Graffin|Greg Gueldner|Greg Guidry|Greg Hall|Greg Ham|Greg Hanna|Greg Hawkes|Greg Hester|Greg Hetson|Greg Hill|Greg Hill|Greg Hind|Greg Hinz|Greg Hionis|Greg Holden|Greg Holland|Greg Hough|Greg Hughes|Greg Jacks|Greg James|Greg Jehanian|Greg Jennings|Greg Johnson|Greg Joseph|Greg Keelor|Greg Kihn|Greg Kihn Band|Greg Kinnear|Greg Kinnear/Steve Carell|Greg Kriesel|Greg Kurstin|Greg Lake|Greg Laswell|Greg Lee|Greg Leisz|GREG LEON|Greg Leppert|Greg Leroy|Greg Leskiw|Greg Lisher|Greg Liszt|Greg Logins|Greg Loiacono|Greg London|Greg Long|Greg LoPiccolo|Greg Manning|Greg Martin|Greg Mathieson|Greg McKenna|Greg McPherson|Greg Medoro|Greg Narvas|Greg Nice|Greg Norton|Greg O|Greg O'Connor|Greg O'Quin|Greg O'Quin & iPraize|Greg O'Quin 'N Joyful Noyze|Greg O'Quin Featuring Christine Tillman|Greg Oblivian|Greg Osby|Greg Paquet|Greg Parys|Greg Perry|Greg Phillinganes|Greg Piccolo|Greg Proops|Greg Puciato|Greg Raposo|Greg Readling|Greg Reding|Greg Richling|Greg Ridley|Greg Rudawski|Greg Rzab|Greg Saunier|Greg Sczebel|Greg Shanahan|Greg Simpson|Greg Slay|Greg Smith|Greg Smith|Greg Smithey|Greg Stainer|Greg Steele|Greg Stinson|Greg Stone|Greg Street|Greg Strong|Greg Strzempka|Greg Sutton|Greg Sykes|Greg T. Walker|Greg Thibeaux|Greg Thomas|Greg Togawa|Greg Tortell|Greg Trammell|Greg Tribbett|Greg Trostle|Greg Upchurch|Greg Vitale|Greg Walker|Greg Walker|Greg Walls|Greg Warren|Greg Webster|Greg Weeks|Greg West|Greg Wood|Greg Wood|Greg X Volz|Greg X. Volz|Gregg Alexander|Gregg Allman|The Gregg Allman Band|Gregg Diamond|Gregg Diamond Bionic Boogie|Gregg Giuffria|Gregg Hubbard|Gregg Karukas|Gregg Lunsford|Gregg Martinez|Gregg Munier|Gregg Perry|Gregg Philbin|Gregg Rolie|Grégoire|Gregor MacKintosh|Gregor Meyle|Gregor Salto|Gregor Tresher|Gregorian|Gregorian Choir Of Paris|Gregorian Prayers|Gregorie Howard|Gregorio Uribe Big Band|Gregory "D" & D.J. Mannie Fresh|Gregory "Sugar Bear" Elliott|Gregory Abbott|Gregory Alan Isakov|Gregory Borino|Gregory Branson|Gregory Brock|The Gregory Brothers|Gregory Brown|Grégory Charles|Gregory Charles & Chimene Badi|Gregory Cook|Gregory Davis|Gregory Harrington|Gregory Harrison|Gregory Hines|Gregory Hutchinson|Gregory Issacs|Gregory Jones|Grégory Lemarchal|Gregory Leroy Dewey|Gregory O'Quin|Gregory Page|Gregory Peck|Gregory Peck/Lee Remick|Gregory Peck/Mary Badham|Gregory Perrineau|Gregory Phillips|Gregory Porter|Gregory Roberts|Gregory Sears|Gregory Smith|Gregory T. Blakney|Gregory Thomas|Gregory Weeks|Gregory Williams|Greig Nori|Greig Stewart|Gremal Maldonado|Gren|Grenada|Grenique|Greta|Greta|Greta Manuzi|Greta Prince|Greta Salpeter|Greta Scacchi|Greta Svabo Bech|Greta Van Fleet|Gretchen|Gretchen|Gretchen Christopher|Gretchen Mol|Gretchen Parlato|Gretchen Peters|Gretchen Seager|Gretchen Wilson|Gretta Cohn|Grewandhaus Orchestra|Grey|Grey|Grey & Hanks|Grey And Hanks|Grey Eye Glances|Grey Holiday|Grey Sweatpants|Grey's Anatomy Cast|Greyboy|Greyboy Allstars|Greyson & Jason|Greyson Chance|Grg Hammettson|Grid|Grido|Grieves|Griffin|Griffin & Smith|Griffin Dunne|Griffin House|Griffin Peterson|Griffin Rodriguez|Griffith, Mathew|Grigory Sokolov|Grim|Grim Reaper|Grim Sickers|Grimar|Grimes|Grimes|Grin|Grin|The Grind Family|Grind Mode|Grinder Blues|Grinder Switch|Grinderman|Grinspoon|Griot|Gripsta|Grisgby Twins|The Griswolds|Grits|Grits|GRiZ|Griz|Grizfolk|GRiZMATiK|Grizzly Bear|Groenland|The Groop|Groove Armada|Groove Collective|Groove Coverage|Groove Delight|Groove For Thought|Groove Junkies|Groove Junkies Feat. Ajani|Groove Shop|Groove Theory|Groove Thing|Groove U|Groove:55|Grooveatech Orchestra|Groovie Mann|Grooya|Grotesco|The Grouch|The Grouch & Eligh|Groucho Marx|Ground Hog|Ground Up|Ground Zero|Groundation|Group 1 Crew|Group Bombino|Group Home|Group Inerane|Group Therapy|Grouper|Grouplove|Grover Washington, Jr.|The Growlers|Growth & Decay|GRP All-Star Big Band|grram|Gruesome|Gruesome Twosome|Gruff Rhys|Grum|Grumbling Fur|Grunder|Grunn Canaveral|Grup Tekkan|Grupo 10-4|Grupo 24 Horas|Grupo Andariego|Grupo Anhelo|Grupo Atrapado|Grupo Audaz|Grupo Bryndis|Grupo Canaveral|Grupo Cañaveral de Pabon|Grupo Carabo|Grupo Caribe|Grupo Chevi|Grupo Cimarron de Cuba|Grupo Climax|Grupo Codiciado|Grupo Control|Grupo Dbh|Grupo Dinastia Mendoza|Grupo El Tiempo|Grupo Escolta|Grupo Exterminador|Grupo Extra|Grupo Fandango USA|Grupo Fantasm|Grupo Fascinacion|Grupo Flans|Grupo Flash|Grupo Gale|Grupo H|Grupo H-100|Grupo H100|Grupo Hanyak|Grupo Heavy|Grupo Homenaje Norteno|Grupo i|Grupo Imagen|Grupo Indio|Grupo Innovación|Grupo Intenso|GRUPO ISLA BONITA|Grupo Karibe|Grupo Karis|Grupo Kual? Dinastia Pedraza|Grupo La Sombra|Grupo Laberinto|Grupo Lagrima|Grupo Latino|Grupo Liberacion|Grupo Libra|Grupo Lluvia|Grupo Majic|Grupo Mandingo|Grupo Manía|Grupo Mania/Elvis Crespo|Grupo Marca Registrada|Grupo Massore|Grupo Mateo's|Grupo Maximo Grado|Grupo Miramar|Grupo Modelo|Grupo Mojado|Grupo Montéz de Durango|Grupo Morenos|Grupo Niche|Grupo Nueva Vida|Grupo Pegasso|Grupo Renacimiento 74|Grupo Roberto Nino|Grupo Rush|GRUPO SAGITARIO|Grupo Samuray|Grupo Tambo|Grupo Tentacion|Grupo Topaz|Grupo Toppaz|Grupo Treo|Grupo Vennus|Grupo Viento y Sol|Grupo Violento|Grupo Wao|Grupo XTC|Grupo Yndio|Grupo Zaaz|GRUPO ZAFRA|Grupo Zeus|Grupokaribe|Grutle Kjellson|Gry|Gryffin|Grzegorz Turnau|GS Boyz|GT Mayne|GTA|GTA|GTA Praise Band|GTR|Gtronic|GTS|Guaco|Guadalcanal Diary|Guadalupe "Lupillo" García|Guadalupe Guevara|Guadalupe Pineda|Guajiros|Gualloman|Guan Xiaotong|Guan Xiaotong|Guan Xiaotong|Guan Xiaotong & Wang Yi Bo|Guanabanas|Guano Apes|Guantlet Hair|Guardian|Guardianes del Amor|Guards|Guayacan|Guayo|Gub|Gucci Crew|Gucci Crew II|Gucci Mane|Gucci Mane Featuring Chris Brown|Gucci Soundsystem|Guce|Guckkasten|Gudda Gudda|Gudrun Gut|Gue Pequeno|Guelo Star|Guena LG|Guenta K|Guercio|Guerilla Black|The Guess Who|Guesss|GuGabriel|Gugu|Gugu Mbatha-Raw|Gui|Gui Boratto|Guianko|Guided By Jason|Guided By Love|Guided by Voices|Guido Knollmann|Guido Osorio|GUILHERME & SANTIAGO (FEAT. JORGE & MATHEUS)|Guiliano Gizzi|Guillamue Grand|Guillaume Diederichs|Guillaume Garidel|Guillaume Roussé|Guille Placencia|Guillemots|Guillermo Cespedes|Guillermo Davila|Guillermo Davila/Kiara|Guillermo Fernandez|Guillermo Figueroa|Guillermo Guerrero Lopez|Guillermo Klein|Guilliano|Guilty About Girls|Guilty Kiss|Guilty Simpson|Guinevere|Guiseppe D.|Guitar Amateur|Guitar Shorty|Guitar Slim|Guizmo|Gulddreng|Guldgossen|Gulf Aid AllStars|Guliz Ayla|Gulraj Singh|Gumbi Ortiz|Gumbo|Gumbo Red|Gumi Narr. Lee Siyoung|Gumi Narr. Lee Siyoung|Gummibär|Gummy|Gummy|Gummy & Bobby Kim|Gummy (Feat. T.O.P)|Gummy Bear|Gums|GUN|Gun|Gun|Gun|Gunda Merced|Gungor|Gunhill Road|Gunna|Gunnar|Gunnar Nelson|Gunnar Örn Tynes|Gunnar Peterson|Gunnar Spies|Gunner Ross|Gunplay|Guns N' Roses|Gunter Kehr|Günter Schönberger|Günter Schulz|Gunther & The Sunshine Girls|Gunther D|Gunther Schuller|Gunz For Hire|Guordan Banks|Gurdas Maan|Gurrg|Gurrumul|Guru|Guru Josh|Guru Josh Project|Guru's Jazzmatazz|Gus Backus|Gus Brooks|Gus Franklin|Gus G.|Gus Geter|Gus Hardin|Gus Jenkins|Gus Pepa|Gus Till|Gus Willingham|GusGus|Gussie Mae Goodman|Gustaf Norén|Gustav|Gustav Ejstes|Gustav Kronkvist|Gustav Leonhardt|Gustav Mahler|Gustav Schäfer|Gustavo & Andrea|Gustavo Alarco|Gustavo Angel|Gustavo Ángel Alba|Gustavo Cerati|Gustavo Cota|Gustavo Dudamel|Gustavo Galindo|Gustavo Garcia|Gustavo González|Gustavo Laureano|Gustavo Lima|Gustavo Moura & Rafael|Gustavo Orozco|Gustavo Pardo|Gustavo Santaolalla|Gustavo Trebien|Guster|Gusto|Gusttavo Lima|Guto Pryce|Guts|Gutsmen|The Gutter Twins|Guttermouth|Guty Meza|Guus Meeuwis|Guus Mulder|Guy|Guy Allison|Guy And Ralna|Guy Bailey|Guy Berryman|Guy Branum|Guy Brogna|Guy Chadwick|Guy Clark|Guy Davis|Guy Drake|Guy Evans|Guy Fletcher|Guy Forsyth|Guy Garvey|Guy Gausden|Guy Gelso|Guy Haliva|Guy Hoffman|Guy Johnston|Guy Kibbee|Guy Kozowyk|Guy Lombardo|Guy Maddison|Guy Marks|Guy Mitchell|Guy Pearce|Guy Pearce/Carrie-Anne Moss|Guy Pearce/Jeremy Irons|Guy Penrod|Guy Perry|Guy Picciotto|Guy Ritchie|Guy Roellinger|Guy Schaeffer|Guy Scheiman|Guy Sebastian|Guy Shannon|Guy Sigsworth|Guy Skornik|Guy Speranza|Guy St - Onge|Guy Stockwell|Guy Swinnen|Guy Villari|Guy Williams|Guy Williams/June Lockhart|Guy-Manuel de Homem-Christo|Guylaine Tanguay|Guys 'N Dolls|Guys 'N' Dolls|Guys Next Door|GW|GW's|GWAR|Gwayav|Gwen & Jerry Collins|Gwen Dickey|Gwen Dickie|Gwen Guthrie|Gwen Jonae|Gwen McCrae|Gwen Owens|Gwen Sebastian|Gwen Stacy|Gwen Stefani|Gwen Verdon|Gwenael Damman|Gwenno Saunders|Gwin Spencer|Gwyneth Paltrow|Gwyneth Paltrow/Aaron Eckhart|Gwyneth Paltrow/Christina Applegate|Gwyneth Paltrow/Jack Black|Gwyneth Paltrow/Jake Gyllenhaal|Gyan Riley|Gyft|Gyllene Tider|Gylve Nagell|Gym Class Heroes|Gyorgy Eder|The Gypsies|Gypsy|Gypsy|Gypsy & the Cat|Gypsy Clark|Gypsy Martin|Gypsy Queens|Gypsy Soul|Gypsy Tailwind|Gypsymen|Gyptian|Gyrl|Gyrlz Society|Gyuto Monks of Tibet|Gyuto Tantric Choir|Gyða Valtýsdóttir|GZA|GZA/Genius|Gzuz|Gzuz & Bonez MC|GØGGS