P Reign|P!nk|P$C|P'Ta Mon|P'Taah|P'zzazz|P-1|P-Bros|P-Funk All Stars|P-Lo|P-Money|P-Nut|P-Nut Gallery|P-Square|P-Style|P-Wonda|P. Diddy|P. Diddy & The Bad Boy Family|P. Exeter Blue I|P. Faberge|P. Forsberg|P. Reign|P. Xain|P.A. (Parental Advisory)|P.D.Q. Bach|P.E.P.E.|P.E.S.O.|P.F. Cuttin|P.F. Sloan|P.F.M|P.H. Naffah|P.I.D.|P.I.M.P. Project|P.J.|P.J. Caruso|P.J. DeCicco|P.J. Farley|P.J. McMullan|P.J. O'Connor|P.J. Proby|P.J.Parks|P.K. Carter|P.K.O.|P.M. Dawn|P.M.H.I.|P.N.O.|P.O|P.O.D.|P.O.S.|P.O.V.|P.S.D Tha Drivah|P3|P4|P4 With T|P9|PA Sports|Pa'an|Paavo Berglund|Paavo Jarvi|Pablito Drum|Pabllo Vittar|Pabllo Vittar|Pablo Alborán|Pablo Alboran featuring Zaz|Pablo Bachata|Pablo Beltrán Ruiz|Pablo Benegas|Pablo Calderon|Pablo Clements|Pablo Cruise|Pablo Gomez|Pablo Gonzalez|Pablo Heras-Casado|Pablo Hernandez|Pablo Hurtado|Pablo Jeveaux|Pablo Lopez|Pablo López|Pablo Lopez Featuring Juanes|Pablo Milanés|Pablo Montero|Pablo Motos|Pablo Petit Cachet Ndjoli|Pablo Portillo|Pablo Ruiz|Pablo Samllehi|Pablo Sanllehi|Pablo Skywalkin|Pablo Tellez|Pablo Villatoro|Pablo Villegas|Pabloskywalkin|Pac Div|Pacewon|Pachanga|Pachebel|Pacheco con Pete "El Conde"|Pachino Dino|Pacho y Cirilo|Pachuco|Pacific Air|Pacific Dub|Pacific Gas & Electric|Pacific Gas And Electric|Pacific Mambo Orchestra|Pacific Steel Company|Pacific Symphony Orchestra|Pacifica Quartet|Pacifica Quartet / Menahem Pressler|Pacifico|Pacifier|Pacifika|The Pack|The Pack A.D.|The Packers|Pacman|paco|Paco Ayala|Paco Baliardo|Paco Barron y sus Norteños Clan|Paco de Lucía|Paco Estrada|Paco Huidobro|Paco Lomeña|Paco Lopez|Paco Osuna|Paco Pena|Paco Ventura|The Paddingtons|Paddy Boom|Paddy Casey|Paddy Clancy|Paddy le Mercier|Paddy Maloney|Paddy McAloon|Paddy McHugh|Paddy Moloney|Paddy Noonan|Paddy Reilly|Padelis Padelidis|Padma Newsome|Pádraic McMahon|Padre Alessandro Campos|Padre Fabio de Melo|Padre Marcelo Rossi|Padre Marcos|Padre Reginaldo Manzotti|Paffendorf|Pagano|Page|Page|PAGE & Dong Woo|Page & Plant|Page 2|Page Four|Page Hamilton|Page McConnell|Pages|Paget Brewster|Pah|Pahat Sudet|Paid in Full|Paidiko|Paige|Paige Armstrong|Paige Haley|Paige Summers|Paige Turco|Paillard Chamber Orchestra|Pain|Pain|Pain|Pain In Da Ass|Pain Killer|Pain Of Salvation|PainDigital|The Pains of Being Pure at Heart|Painter|Paisley Bettis|Pajama Party|Pak Elika|Pak X Emh|Pake McEntire|Pake McEntire|Pake McEntire|Pakelika|Pakito|Pakole|Pal Banda|Pål Pot Pamparius|Pal Rakes|Palais|Palak Muchhal|Palast Orchester|Palaye Royale|Pale Obession|Paleface|Paleface|Paleface|Palehound|Palet|Palisades|Palito Ortega|Pallas Athena|Pallbearer|Palle Danielson|Palm Court Theatre Orchestra|Palma Violets|Palmer Brown|Palmer Miray|Palmer Stearns|Palmistry|Palms|Paloalto|Paloma Faith|Paloma Ford|Paloma San Basilio|Paloma San Basilio Y Placido Domingo|Palomino Road|Palomo|Pam|Pam Dawber|Pam Gregory|Pam Grier|Pam Grier/Samuel L. Jackson|Pam Hobbs|Pam Long|Pam Perry|Pam Racine|Pam Rose|Pam Russo|Pam the Funkstress|Pam Thum|Pam Tillis|Pam Todd|Pamala Stanley|Pamela|Pamela Amour|Pamela Anderson|Pamela Anderson Lee|Pamela Armour & The Memphis Shop|Pamela Copus|Pamela Crawford|Pamela Fernandez|Pamela Fleming|Pamela Gadd|Pamela Gidley|Pamela Isaacs|Pamela Jintana Racine|Pamela Lee|Pamela Moore|Pamela Nivens|Pamela Ramcier|Pamela Segall|Pamela Williams|Pan Am|Pan Sonic|Pan-Pot|Panagiotis Andreu|Panagiotis Margaris|Panama|Panama Wedding|Panamah|Pancho Barraza|Pancho Pikadiente|Pancho Uresti|Panda|Panda Bear|Pandit Jasraj|Pandora|Pandora (dupe 1)|Panetoz|Panic at the Disco|Panic Attackers|Panic Buttons|The Panic Channel|Panic! At The Disco|Panicland|The Panics|Panjabi MC|Panko|Panos Kiamos|Panos Mouzourakis|Panos Papaioannou|Pantelis Pantelidis|Panteon Rococo|Pantera|Pantha du Prince|Panthers|Pants|Pants & Corset|Pants Down Crew|Pantyraid|Panzer Flower|Paola|Paola & Chiara|Paola Andrea Velásquez Camargo|Paola Turci|Paoletta Marrocu|Paolo Bovi|Paolo Conte|Paolo Fanale|Paolo Fresu|Paolo Gianolio|Paolo Grazzi|Paolo Gregoletto|Paolo Meneguzzi|Paolo Nutini|Paolo Rustichelli|Paolo Salvatore|Paolo Vinaccia|Papa A.P.|Papa Dance|Papa Dee|Papa Dee Allen|Papa Doo Run Run|Papa Joe|Papa Joe's Music Box|Papa John Creach|Papa Reu|Papa Roach|Papa Rue|Papa San|Papa Seville|Papa Vegas|Papa Wemba|Papayo|Paper Bird|Paper Chaserz|Paper Diamond|The Paper Kites|Paper Lace|Paper Route|Paper Tiger|Paper Tongues|Paperboy|Paperboy|Paperboy|Paperboys|Papercha$er|Papercut|Papercut Massacre|Papercuts|Paperplane Pursuit|Papi Oviedo|Papi Sanchez|Papi Wilo|Papo Lucca|Papo Rosario|Papoose|Papote|Papucho|Papucho y su grupo Wao|Paquita la del Barrio|Paquito Acosta|Paquito d'Rivera|Paquito Guzmán|Paquito Hechavarria|Paquito Rivera|Par de Ases|Para Doc|Parachute|Parachute Band|Parachute Club|Parachute Youth|Parade|The Parade|Parade of Lights|Paradigm|Paradis|Paradise|Paradise|Paradise|Paradise (dupe 1)|Paradise Express|Paradise Fears|Paradise Lost|Paradise Oskar|Paradiso Girls|The Paradons|The Paragons|Paralamas Do Sucesso|Paralandra|Paralelo Norte|The Paramedic|Paramore|Parangolé|Paranoid Social Club|Parcels|Pardon My Striptease|Parental Advisory|Paresa|Pariisin Kevät|Paris|Paris|Paris|Paris Avenue|Paris Avenue Featuring Robin One|Paris Bennett|Paris Blohm|Paris by Air|Paris Combo|Paris Connection|Paris Delane|Paris Grey|Paris Hilton|Paris Hilton/Nicole Richie|Paris Houston|Paris Orchestra (Barenboim)|Paris Red|Paris Sisters|The Paris Sisters|Paris Toon|Parisian|Park Ave,|Park Chan Yeol (EXO), Yuan Shanshan|Park Chisolm|Park Eun Woo|Park Hye Kyoung|Park Hyena|Park Hyo Min (T-ara)|Park Hyo Shin|Park Ji Heon|Park Ji Hun|Park Ji Min|Park Ji Min & Lee Ha Yi|Park Ji Yoon|Park Kang-Sung|Park Ku Yoon|Park Myeong Soo|Park Sang Min|Park Seung Hwa|Park Seung Hwa|Park Sihwan|Park Wan Kyu|Park Wan Kyu|Park Yun Ha|Parkay|The Parkays|Parker|Parker And Penny|Parker Case|Parker Gispert|Parker Ighile|Parker Kindred|Parker Lauzon|Parker McCollum|Parker McGee|Parker Millsap|Parker Posey|Parking Meters|Parklane Twin|Parkway Drive|Parlae|Parlay|Parlet|Parliament|Parliament Funkadelic|The Parliaments|The Parlor Mob|The Parlotones|Parma Taisa|Parmalee|Parminder Nagra|Parov Stelar|Parov Stelar Trio|Parquet Courts|Parra For Cuva|Parralox|Parris Bowens|Parrish Smith|Parrish Yaw|Parry Gripp|Parson James|Parsonsfield|Partland Brothers|The Partland Brothers|Partners in Kryme|Partners-N-Crime|The Partridge Family|Parts & Labor|The Party|The Party|The Party|The Party Boyz|The Party Cats|Party Favor|Party in Backyard|Party Nails|Party Piet Pablo|Party Rock Anthem|Party Rock Anthem Featuring D'aun|Party Rockers|PARTYNEXTDOOR|The Pasadenas|Pascal Barone|Pascal Dufour|Pascal Gabriel|Pascal Obispo|Pascal Roge|Pascal's Bongo Massive I|Pascale Picard|Pascale Picard Band|Pascual Saura|Pasemaster Mase|Pashalis Terzis|Pasi Isometsa|Pasi Koskinen|Pasion De Gavilanes|Pasión Vega|Paskal Jakobsen|Passafire|Passcode|Passenger|Passenger|Passenger|Passengers|Passepied|Passion|Passion|Passion|Passion|Passion|Passion|Passion|Passion (dupe 1)|Passion Featuring Kristian Stanfill|Passion Pit|Passion Worship Band|The Passions|Passpo|Passport|Pastor AD3|Pastor Alyn E. Waller|Pastor Bruce Parham|Pastor Chris Harris, Sr.|Pastor David Wright|Pastor David Wright & N.Y. Fellowship Mass Choir (Next Generation)|Pastor DeWayne Harvey|Pastor Donald Alford|Pastor Donald Alford & The Progressive Radio Choir|Pastor E. Dewey Smith Jr.|Pastor E. Dewey Smith, Jr.|Pastor George Lee III/Fortress Fire|Pastor Gregg Patrick & the Bridge Project|Pastor Hezekiah Walker|Pastor James R. Adams|Pastor James R. Adams & The Abounding Life C.O.G.I.C. Mass Choir & Musicians|Pastor Keith Smith|Pastor Kirbyjon Caldwell|Pastor Kirbyjon Caldwell And The Windsor Village UMC Mass Choir|Pastor Marlon Lock|Pastor Milton R. Hawkins|Pastor Murphy Pace III & The Voices Of Power|Pastor Rob McKee|Pastor Ronald Williams|Pastor Rudolph McKissick Jr. & The Word & Worship Mass Choir|Pastor Rudolph McKissick Jr. And the Word & Worship Mass Choir|Pastor Rudolph McKissick, Jr.|Pastor Steven Hamilton|Pastor Susie Owens|Pastor Tim Rogers|Pastor Troy|Pastor William Becton|Pastor Woodrow Hayden|Pastor Woodrow Hayden And Shiloh|Pastora Soler|Pat|Pat|Pat "Hache" Hodgkins|Pat & Mick|Pat Abernathy|Pat Ahern|Pat Allingham|Pat and the Satellites|Pat Badger|Pat Barrett|Pat Benatar|Pat Boinet|Pat Boone|Pat Brown|Pat Bruders|Pat Burke|Pat Buzzard|Pat Byrne|Pat Callahan|Pat Carroll|Pat Coil|Pat Connolly|Pat Cooper|Pat Craig|Pat D'Andrea|Pat Dailey|Pat Daisy|Pat Daugherty|Pat Davern|Pat DeMent|Pat DePrisco|Pat DiNizio|Pat Duggan|Pat Ellwood|Pat Enright|Pat Fairley|Pat Flynn|Pat Garrett|Pat Godwin|Pat Grassy|Pat Green|Pat Groulx|Pat Harter|Pat Hodges|Pat Humphries|Pat Kavanagh|Pat Kelley|Pat Kim|Pat King|Pat Kirch|Pat Lloyd|Pat Lundi|Pat Lundy|Pat MacDonald|Pat Martino|Pat Martino Quartet|Pat Mastelotto|Pat McAuley|Pat McBride|Pat McGee|Pat McGee Band|Pat McGlynn|Pat McGuire|Pat McKenna|Pat McLaughlin|Pat McManaman|Pat Melzard|Pat Mercer|Pat Metheny|Pat Metheny And Lyle Mays|Pat Metheny Group|Pat Metheny Unity Group|Pat Metheny/Ornette Coleman|Pat Miller|Pat Minter|Pat Monahan|Pat Murphy|Pat Neal|Pat Noecker|Pat O'Brien/Walter Brennan|Pat O'Hara|Pat Obrien|Pat Olive|Pat Patrick|Pat Patterson|Pat Pattison|Pat Paulsen|Pat Pedraza|Pat Pengelly|Pat Pomsl|Pat Regan|Pat Rizzo|Pat Roberts|Pat Rosalia|Pat Ryan|Pat Sansone|Pat Seals|Pat Severs|Pat Smear|Pat Spurgeon|Pat Summerall|Pat Thetic|Pat Thomas|Pat Thrall|Pat Tomek|Pat Torpey|Pat Travers|Pat Travers Band|Pat Upton|Pat Vegas|Pat Williams|Pat Zill|Pat-Rich|Patchai Reyes|Patea Maori Club|Pati|Pati Powell & Bob Gallion|Patience|Patient Zero|Patje|Pato Banton|Pato Banton With Ranking Roger|Patoranking|Patra|Patria|Patric McFly|Patrice|Patrice "Peaches" Hawthorne|Patrice Focone|Patrice Guers|Patrice Michaels|Patrice Michaud|Patrice O'Neal|Patrice Pike|Patrice Rushen|Patricia Arquette|Patricia Arquette/Gabriel Byrne|Patricia Barber|Patricia Bennett|Patricia Carey|Patricia Charbonneau|Patricia Conroy|Patricia Day|Patricia Heaton|Patricia Kaas|Patricia Lacy|Patricia Loaiza|Patricia Lyles|Patricia Manterola|Patricia Morrison|Patricia Navidad|Patricia Petersen|Patricia Petibon|Patricia Racette|Patricia Richardson|Patricia Risley|Patricia Spann|Patricia Tandy|Patricia Tapia|Patricia Van Dross|Patricia Walden|Patricia Wettig|Patricia Williamson|Patricia Wright|Patricial Neal|Patricio|Patricio Ch. Elizalde|Patrick|Patrick Abernethy|Patrick Adams|Patrick Andrew|Patrick Aspbury|Patrick Baker|Patrick Bean & The Bonafide Worshippers|Patrick Bergin|Patrick Bernhardt|Patrick Birtles|Patrick Bodmer|Patrick Bodmer|Patrick Bogerty|Patrick Bolen|Patrick Bourque|Patrick Bradley|Patrick Bradley|Patrick Breeding|Patrick Bruel|Patrick Burrows|Patrick Byrne|Patrick Carney|Patrick Carpenter|Patrick Carrie|Patrick Cassidy|Patrick Clahar|Patrick Codenys|Patrick Cooper|Patrick Cowley|Patrick Cranshaw/Richard Karn|Patrick Dahlheimer|Patrick Davis|Patrick Day|Patrick DeMeyer|Patrick Dempsey|Patrick Dempsey/Michelle Monaghan|Patrick Der Kalauer|Patrick Dopson|Patrick Dorgan|Patrick Dougher|Patrick Doyle|Patrick Doyle|Patrick Duffy|Patrick Duffy/Linda Gray|Patrick Dupre Quigley|Patrick Ebert|Patrick Fetkowitz|Patrick Fiori|Patrick Fitzgerald|Patrick Fitzsimmons|Patrick Flynn|Patrick Gibson|Patrick Hallahan|Patrick Halling|Patrick Hannan|Patrick Haynes|Patrick Hernandez|Patrick Hughes|Patrick Ireland|Patrick J. Dancy|Patrick Jr. King|Patrick Jude|Patrick Judge|Patrick Juvet|Patrick Keeler|Patrick Kennison|Patrick Killer|Patrick Knight|Patrick Kreisl|Patrick Lachman|Patrick Lamb|Patrick Lee-Browne|Patrick Lehman|Patrick Love|Patrick Lundy|Patrick Lundy & The Ministers Of Music|Patrick Macnee|Patrick Maley|Patrick Matthews|Patrick McGoohan|Patrick McGuire|Patrick McKenzie|Patrick Meadows|Patrick Messinetti|Patrick Miller|Patrick Moraz|Patrick Morris [STRFKR]|Patrick Murphy|Patrick Nissley|Patrick Noel|Patrick Norman|Patrick Norman|Patrick Nuo|Patrick O'Connor|Patrick O'Hearn|Patrick Olive|Patrick Patterson|Patrick Pentland|Patrick Porter|Patrick Riddick|Patrick Riddick & D'vyne Worship|Patrick Ridgen|Patrick Riley|Patrick Ryan Clark|Patrick Schleitzer|Patrick Sébastien|Patrick Shanahan|Patrick Shannon|Patrick Simmons|Patrick Stewart|Patrick Stewart/Hugh Jackman|Patrick Stewart/Jonathan Frakes|Patrick Stickles|Patrick Stump|Patrick Summers|Patrick Swayze|Patrick Swayze/Ben Gazzara|Patrick Swayze/Jennifer Grey|Patrick Topping|Patrick Trahan|Patrick Waite|Patrick Walden|Patrick Watson|Patrick Williams|Patrick Williams' New York Band|Patrick Wilson|Patrick Wilson/Ellen Page|Patrick Wimberly|Patrick Wolf|Patrick Yandall|Patrick Young|Patrick Zimmerli|Patrik Arve|Patrik Instedt|Patrik Isaksson|Patrik Räfling|Patrik Rasmussen|Patriotic Fathers|Patris|Patrizio|Patrizio Buanne|Patrulla 81|Patryce Banks|Patsy Cline|Patsy Cole|Patsy Kensit|Patsy Sledd|Pattern Is Movement|Patterson Hood|Patti Austin|Patti Cathcart|Patti D'Arbanville|Patti Dahlstrom|Patti Davis|Patti Day|Patti Drew|Patti Hamilton|Patti Hendrix|Patti LaBelle|Patti Labelle & the Bluebelles|Patti Leatherwood|Patti LuPone|Patti McCabe|Patti Page|Patti Palladin|Patti Quatro|Patti Rothberg|Patti Rudisill|Patti Russo|Patti Scialfa|Patti Smith|Patti Smith Group|Patti Tierny|Patti Whatley|Pattie Brooks|Patton Leatha|Patton Oswalt|Patty & the Emblems|Patty Davis|Patty Donahue|Patty Duke|Patty Griffin|Patty Larkin|Patty Loveless|Patty Mullins|Patty Pravo|Patty Schemel|Patty Smyth|Patty White|Paty Cantú|Paul "Ganxta Ridd" Devoux|Paul "Kermit" Leverage|Paul "Scooby" Smith|Paul "Shilts" Weimar|Paul "Tubbs" Williams|Paul & Fritz Kalkbrenner|Paul & Linda McCartney|Paul & Paula|Paul Alan|Paul Alexander|Paul Allen|Paul Allender|Paul Allgood|Paul and Paula|Paul Andrew Waggoner|Paul Anka|Paul Anka/Odia Coates|Paul Anthony|Paul Armstrong|Paul Arnall|Paul Arthurs|Paul Atkinson|Paul Badley|Paul Badura-Skoda|Paul Baloche|Paul Baloff|Paul Banks|Paul Banwatt|Paul Barker|Paul Barrére|Paul Beasley|Paul Beasley And The Original Gospel Keynotes|Paul Benson|Paul Bertolino|Paul Bettany|Paul Black|Paul Blackburn|Paul Blackthorne/Valerie Cruz|Paul Bley|Paul Bliss|Paul Bostaph|Paul Bowden|Paul Bowles|Paul Bradley|Paul Brady|Paul Brady|Paul Brandt|Paul Brandt Featuring Jess Moskaluke|Paul Brennan|Paul Brennan|Paul Brindley|Paul Brings|Paul Brooks|Paul Brouwer|Paul Brown|Paul Brown|Paul Brown|Paul Brown|Paul Brown|Paul Brown|Paul Brown|Paul Brown|Paul Brown|Paul Brown + Marc Antoine|Paul Buchanan|Paul Buchignani|Paul Buckley|Paul Bukkens|Paul Bunker|Paul Burch|Paul Burgess|Paul Burnett|Paul Burnette|Paul Butterfield|The Paul Butterfield Blues Band|Paul Byrom|Paul Canella|Paul Cantelon|Paul Caplin|Paul Carabello|Paul Carbonara|Paul Cardall|Paul Cargnello|Paul Carnell|Paul Carrack|Paul Carrack & Terri Nunn|Paul Carter|Paul Cattermole|Paul Cauthen|Paul Cawley|Paul Chaplain & His Emeralds|Paul Chaplain and his Emeralds|Paul Chapman|Paul Cless|Paul Clifford|Paul Cohen|Paul Collister|Paul Colman|Paul Colman Trio|Paul Comstock|Paul Cook|Paul Cooper|Paul Cotton|Paul Court|Paul Cowsill|Paul Craft|Paul Crook|Paul Crosby|Paul Crutchfield|Paul Culligan|Paul Curcio|Paul d'Amour|Paul Daley|Paul Daniel|Paul Daraîche|Paul Dateh|Paul David Wilson|Paul Davis|Paul Davis|Paul Davis|Paul de Jong|Paul de Leeuw|Paul de Munnik|Paul Deakin|Paul Dean|Paul Dedona|Paul Delicato|Paul DeLisle|Paul DeMercado|Paul Dempsey|Paul Dennert|Paul Desmond With The Modern Jazz Quartet|Paul Di'Anno|Paul DiGiovanni|Paul Dillon|Paul Dino|Paul Donoghue|Paul Dooley|Paul Doucette|Paul Douglas|Paul Draper|Paul Duffy|Paul Dunkirk|Paul E. Cuttler|Paul Elalouf|Paul Elliott|Paul Emlyn Crowther|Paul Engeman|Paul Engemann|Paul Erickson|Paul Evans|Paul F. Tompkins|Paul Fenton|Paul Ferguson|Paul Fishman|Paul Foster|Paul Franklin|Paul Frantzich|Paul Freeland|Paul Freeman|Paul Fried|Paul Galbraith|Paul Gambill|Paul Garcia|Paul Garisto|Paul Garred|Paul Gayten|Paul Geary|Paul Giamatti|Paul Giamatti/Bryce Dallas Howard|Paul Giamatti/Laura Linney|Paul Giamatti/Thomas Haden Church|Paul Gigliotti|Paul Gilbert|Paul Gilbertson|Paul Gilmartin|Paul Goddard|Paul Godfrey|Paul Goodyear|Paul Gordon|Paul Gray|Paul Gray|Paul Greco|Paul Greenwood|Paul Gregg|Paul Gross|Paul Groves|Paul Gunn|Paul Hackman|Paul Haig|Paul Hancox|Paul Hanley|Paul Hardcastle|Paul Harding|Paul Harravakianapolitano|Paul Harrell|Paul Harris|Paul Hartnoll|Paul Haslinger|Paul Hawley|Paul Heard|Paul Heaton|Paul Heaton + Jacqui Abbott|Paul Hemmings|Paul Hester|Paul Hewson|Paul Hillier|Paul Hinojos|Paul Hitchins|Paul Hoaglin|Paul Hoffert|Paul Hogan|Paul Hogan, Paris Orchestra (Markevitch)|Paul Hogan/Linda Kozlowski|Paul Hooper|Paul Horn|Paul Hornby|Paul Howard|Paul Huge|Paul Humphrey & His Cool Aid Chemists|Paul Humphrey & The Cool Aid Chemists|Paul Humphreys|Paul Humphries|Paul Hyde|Paul Hyde & Payolas|Paul Jabara|Paul Jackson, Jr.|Paul Jacobs|Paul Jan Bakker|Paul Janz|Paul Jefferson|Paul Johnson|Paul Johnson|Paul Johnson|Paul Johnson|Paul Johnson|Paul Jones|Paul Joseph Moore|Paul Junior|Paul Kahn|Paul Kaiser|Paul Kalkbrenner|Paul Kantner|Paul Kantner/Jefferson Starship|Paul Kastick|Paul Kauk|Paul Kelly|Paul Kelly|Paul Kelly|Paul Kelly & The Messengers|Paul Kennedy|Paul Kimble|Paul King|Paul King|Paul Kletzki|Paul Koehler|Paul Kossoff|Paul Kowert|Paul Krata|Paul Laine|Paul Landers|Paul Langlois|Paul Laurence|Paul Lawton|Paul Layton|Paul Le Mat|Paul Leary|Paul Leka|Paul Lekakis|Paul Lenz|Paul Lewis|Paul Livingston|Paul Lowndes|Paul Lukas|Paul M.|Paul Mahon|Paul Mahos|Paul Main Project|Paul Mann|Paul Mantee|Paul Maroon|Paul Marsh|Paul Marshall|Paul Martin|Paul Martin Layton|Paul Masselli|Paul Masvidal|Paul Mauriat|Paul Mauriat & His Orchestra|Paul Mauriat And His Orchestra|Paul Mazurkiewicz|Paul McCandless|Paul McCartney|Paul McCartney & Wings|Paul McCartney And Wings|Paul McCoy|Paul McCreesh|Paul McDonald|Paul McGeechan|Paul McGuigan|Paul Mealor|Paul Meany|Paul Menotiades|Paul Mercurio|Paul Mertens|Paul Meyer|Paul Michael Glaser|Paul Michiels|Paul Mitchell|Paul Mones|Paul Mooney|Paul Morgan|Paul Morley|Paul Morris|Paul Motian|Paul Muldoon|Paul Mullen|Paul Mulreany|Paul Murphy|Paul Nash|Paul Neubauer|Paul Newman|Paul Newman/Robert Redford|Paul Newton|Paul Nicholas|Paul Nichols|Paul Nieder|Paul Niedermier|Paul Niehaus|Paul Noonan|Paul O'Dette|Paul O'Shaughnessy|Paul O'Toole|Paul Oakenfold|Paul Ott|Paul Ottinger|Paul Otway|Paul Overstreet|Paul Owens|Paul Parker|Paul Peek|Paul Pesco|Paul Petersen|Paul Peterson|Paul Pfau|Paul Phillip|Paul Phillips|Paul Piché|Paul Pilnick|Paul Plishka|Paul Porter|Paul Potash|Paul Potts|Paul Proctor|Paul Quinn|Paul Quinn|Paul Raven|Paul Raven|Paul Raymond|Paul Reed|Paul Reid|Paul Remund|Paul Revelli|Paul Revere|Paul Revere & the Raiders|Paul Reynolds|Paul Rhodes|Paul Rhys|Paul Riddle|Paul Riordan|Paul Riser|Paul Ritch|Paul Ritchie|Paul Robb|Paul Roberts|Paul Robeson|Paul Robi|Paul Rodgers|Paul Romanko|Paul Rozmus|Paul Rudd|Paul Runyon|Paul Russo|Paul Russo|Paul Rust|Paul Rutherford|Paul Ryan|Paul Ryder|Paul S. Denman|Paul Sabu|Paul Sampson|Paul Samwell-Smith|Paul Sanchez|Paul Scherrer|Paul Schmidt|Paul Schmucker|Paul Schwartz|Paul Schweinester|Paul Service|Paul Shaffer|Paul Shapiro|Paul Sheehan|Paul Shortino|Paul Simon|Paul Simon|Paul Simonon|Paul Simpson Connection|Paul Smith|Paul Smith|Paul Smith|Paul Sorvino|Paul Spatola|Paul Speare|Paul Speer|Paul Spencer|Paul Spradlin|Paul Stacey|Paul Stanley|Paul Stewart|Paul Stewart|Paul Stoddard|Paul Stookey|Paul Street|Paul Sutton|Paul Taylor|Paul Taylor|Paul Tesluk|Paul Thomas|Paul Thompson|Paul Thomson|Paul Thorn|Paul Todd|Paul Tucker|Paul Turner|Paul Tyagi|Paul Uhlir|Paul van Dyk|Paul Vance|Paul Venturini|Paul Vigrass|Paul Vincent|Paul Virzi|Paul Walker|Paul Walker/Bruce Greenwood|Paul Walker/Cameron Bright|Paul Walker/Jessica Alba|Paul Walker/Laurence Fishburne|Paul Walker/Vin Diesel|Paul Wall|Paul Wall & Chamillionaire|Paul Warren|Paul Warren|Paul Washington|Paul Watkins|Paul Webb|Paul Weller|Paul Wertico|Paul Wesley|Paul Westerberg|Paul Whaley|Paul Wheatbread|Paul Wheeler|Paul Wilbur|Paul Wilcox|Paul Williams|Paul Williams|Paul Williams|Paul Williams|Paul Wilson|Paul Winfield|Paul Winter|Paul Winter-Hart|Paul Wolstencroft|Paul Wright|Paul Young|Paul Young|Paul Zach|Paul Zurlo|Paula|Paula & Angie|Paula Abdul|Paula Anderson|Paula Atherton|Paula Brion|Paula Campbell|Paula Cole|Paula Cole Band|Paula DeAnda|Paula Fernandes|Paula Fuga|Paula Hutchinson|Paula Jean Brown|Paula Kay Evans|Paula Marshall|Paula McCulla|Paula Perry|Paula Poundstone|Paula Prentiss|Paula Robison|Paula Rojo|Paula Vesala|Paula Webb|Paula West|Pauletta Washington|Paulette|Paulette Carlson|Paulette McWilliams|Paulette Reaves|Pauley Perrette|Pauli Carman|Paulien Mathues|Paulina Goto|Paulina Porizkova|Paulina Rubio|Pauline|Pauline|Pauline|Pauline|Pauline|Pauline Anna Strom|Pauline Collins|Pauline Cuff|Pauline Henry|Pauline Taylor|Paulino Monrroy|Paulla|Paulo Baldi|Paulo Costanzo|Paulo de Carvalho|Paulo Gonzo|Paulo Jr.|Paulo Neta|Paulo Praca|Pauly Shore|The Paupers|Pavarotti|Pavarotti, Nucci, Anderson (Chailly)|Pavel Diaz|Pavel Haas Quartet|Pavel Kudinov|Pavement|Pavlina Voulgaraki|Pavlina Voulgaraki|Pavlo|Pavlos Sidiropoulos|Pavlos Sidiropoulos & Spiridoula|Pavlov's Dog|Pavlova|Paw|Paw & Lina|Pawel Kukiz|Pawel Walerowski|Pawley's Pavilion|Pax Nicholas And The Nettey Family|Pax217|Paxton Ingram|Pay Rey|Pay the Girl|Paybak|Paycheck|Paycheck And Haggard|The Payola$|Payolas|Payro|Payroll Giovanni|Payton Rae|Paz Lenchantin|Paz Martinez|PBZ|PC Quest|PCP|PD BLUE (Feat. DIA)|Peabo Bryson|Peabo Bryson & Roberta Flack|Peabody Symphony Orchestra|Peace|Peace|Peace Bird|The Peace Choir|Peace Together|Peace'd Out|Peace/Mtulazaji|Peach Union|Peaches|Peaches & Herb|Peaches Vs. Tone Loc|Peadar Mercier|Peador Mercier|Peak Feat. Jordan Kaahn|Peaking Lights|The Peanut Butter Conspiracy|Peanut Butter Wolf|Peanuts Hucko|Pear|Pearl|Pearl Bailey|Pearl Future|Pearl Harbor And The Explosions|Pearl Jam|Pearl Jones|Pearl Jozefoon|Pearl River|Pearlettes|The Pearlettes|Pearls|Pearse Doherty|Pearson Constantino|Pearson Sound|The Peasall Sisters|Pebble Daniel|Pebbles|Pedrito Fernandez|The Pedrito Martinez Group|Pedro|Pedro Abrunhosa|Pedro Alonso|Pedro Andreu|Pedro Angulo|Pedro Arroyo|Pedro Ayres Ferreira Magalhães|Pedro Aznar|Pedro Capó|Pedro Cazanova|Pedro Conga|Pedro Conga Y Su Orquesta|Pedro Erazo|Pedro Estevan|Pedro Fernandez|Pedro Fernández|Pedro Guerra|Pedro Guzmán|Pedro Infante|Pedro Jesus|Pedro Khima|Pedro Lizárraga Osuna|Pedro Martinez|Pedro Paixão|Pedro Pardo|Pedro Quiles|Pedro Ramaya Beltran|Pedro Resende|Pedro Sánchez|Pedro Soler|Pedro the Lion|Pedro Velásquez|Pedro Villagra|Pedro Yanowitz|Pee Thug|Pee Wee|Pee Wee Ford|Pee Wee Gaskins|Pee Wee González|Pee-Wee Herman|Peedi Crakk|Peedi Peedi|Peele Wimberley|The Peels|Peeping Tom|Peet Coombes|Peet Golan|Peet Project|Peetah|Peewee|PeeWee|Peewee Longway|Peezy|Peg Parnevik|Pegasso|Pegasso Del Pollo Estevan|Pegasus|Pegasus|Pegasus Warning|Pegboard Nerds|Peggi Blu|Peggy|Peggy "The Dutchess"|Peggy Blue|Peggy Cappy|Peggy Connelly|Peggy Forman|Peggy Lee|Peggy Lennon|Peggy Little|Peggy Santiglia|Peggy Scott|Peggy Scott & Jo Jo Benson|Peggy Scott & Jo Jo Benson|Peggy Scott & Jo Jo Benson|Peggy Scott-Adams|Peggy Sue|Peggy Zina|Pehr Åström|Peigi Barker|Peking Duk|Pekka Kanniainen|Pekka Kasari|Pelari|Pelican|Peligro|Peligro Norteno|Pell|Pell|Pelle Bjornlert|Peloma Mpokiou|Pena Suazo Y Su Banda Gorda|PenaVega|Pendulum|Penelope|Penelope Ann Miller|Penelope Ann Miller/Brett Cullen|Penelope Cruz|Penelope Cruz/Carmen Maura|Penelope Stow|The Penguin Band|Penguin Cafe|Penguin Cafe Orchestra|Penguin Prison|Penn & Teller|Penny|Penny & Sparrow|Penny Black|Penny DeHaven|Penny Ford|Penny Hamilton|Penny Leyton|Penny McLean|Penny Penny|Penny Starr|Penny Tai|Penny Tai|Penny Tai|Penny Tai|Penny Vickers|pennybirdrabbit|Pennye Ford|Pennywise|Pentagon|Pentagon|The Pentagons|Pentakill|Pentangle|Pentatonix|Pentatonix Featuring The Manhattan Transfer|Penthouse|Penthouse Players Clique|Penthox|People|People & Songs|People in Planes|People In the Box|People Of The Earth|People Under the Stairs|People Underground|People's Choice|Peoples Choice|Pep Love|Pep Perrine|Pep's|Pepe|Pepe & Colori|Pepe Aguilar|Pepe Andreu|Pepe Cielo|Pepe Clarke Magana|Pepe Habichuela|Pepe Martinez|Pepe Quintana|Pepe Romero|Peppe Citarella|Pepper|Pepper & Piano|Pepper Keenan|Pepper Labeija|Pepper Mashay|Pepper's Ghost|Peppermint Rainbow|The Peppermint Rainbow|Peppermint Trolley Company|The Peppers|Peppertones|Peppino Gagliardi|Peppy Thielheim|Peps Persson|Pepsi & Shirlie|Pepsi DeMacque|Pepstar|Pequeño Johnny|Per Gessle|Per Holm|Per Jansen|Per M. Jensen|Per M. Jørgensen|Per Nilsson|Per Sjogren|Per Wiberg|Per7ume|Peralta|Perbec|Percee P|The Percells|The Perceptionists|Percussion World|Percy & Them|Percy Bady|Percy Clark|Percy Faith|Percy Faith & His Orchestra|Percy Faith And His Orchestra|Percy Faith His Orchestra And Chorus|Percy Heath|Percy Humphrey|Percy Jones|Percy Kilbride|Percy Mayfield|Percy Sledge|Perdidos de Sinaloa|Pere Ubu|Pere Wihongi|Perection|Peredur ap Gwynedd|Perez Hilton|Pérez Prado|Pérez Prado & His Orchestra|Pereza|Perfect Gentlemen|Perfect Giddimani|Perfect Phase|Perfect Praise|Perfect Pussy|Perfect Stranger|Perfection|Perfectly November|Perfecto Allstarz|Perfume|Perfume|Perfume|Perfume|Perfume Genius|Pericles|Péricles Cavalcanti|PERIDOTS|Perion|Periphery|Peris|The Perishers|Perk Jacobs|Perla Cruz|Perlman, Mehta|Perma|Permanent ME|Perneau|Pernice Brothers|The Pernice Brothers|Pernilla Allwin Bertil Guve|Perpetual Motion|Perpetuous Dreamer|Perrey Reeves|Perrey-Kingsley|Perri|Perry & Sanlin|Perry Baggs|Perry Bamonte|Perry Barns|Perry Borkin|Perry Como|Perry Cordell Jordan|Perry Farrell|Perry Farrell's Satellite Party|Perry Ford|Perry Kibble|Perry Kimble|Perry LaPointe|Perry Presents Blast Project|Perry Richardson|Perry Saunders|Perry Tavares|The Perry Twins|The Perrys|Persephone's Bees|The Persevering Promise|Persia|Perssons Pack|The Persuaders|The Persuaders|Persuasions|Perttu Kivilaakso|Perturbator|Pervis Jackson|Pervis Staples|Pes|PES from RIP SLYME|Pesado|Pest|Pest One|Pet Shop Boys|Pet Symmetry|Peta Devlin|Peta Wilson/Don Francks|Peta Wilson/Roy Dupuis|Petalpusher|Petchthai Wongkamlao|Pete|Pete "El Conde" Rodríguez|Pete "JR" Wasilewski|Pete Adams|Pete Agnew|Pete Anson|Pete Antell|Pete Arnesen|Pete Astudillo|Pete Bardens|Pete Barnacle|Pete Beeman|Pete Belasco|Pete Bernhard|Pete Best|Pete Blakk|Pete Boulton|Pete Bremy|Pete Brewis|Pete Briquette|Pete Burns|Pete Byrne|Pete Carr|Pete Carr|Pete Chilton|Pete Collins|Pete Cortese|Pete Cortese|Pete Cottrell|Pete Davidson|Pete de Freitas|Pete Doherty|Pete Dominick|Pete Downing|Pete Drake & His Talking Steel Guitar|Pete Drake And His Talking Steel Guitar|Pete Droge|Pete Escovedo|Pete Evans|Pete Farndon|Pete Finestone|Pete Fitzpatrick|Pete Fountain|Pete Garner|Pete Gill|Pete Halby|Pete Hall|Pete Ham|Pete Harris|Pete Havranek|Pete Heimbold|Pete Heller|Pete Henderson|Pete Hicks|Pete Holmes|Pete Holmes|Pete Hurley|Pete Jobson|Pete Kane|Pete King|Pete Kircher|Pete Lalish|Pete Laroca|Pete Loeffler|Pete Lorimer|Pete Maloney|Pete Martin|Pete McClanahan|Pete McDade|Pete McMahon|Pete McNeal|Pete Mitchell|Pete Moss|Pete Murrav|Pete Murray|Pete Newbury|Pete Newdeck|Pete Nice|Pete Oak|Pete Orta|Pete Palladino|Pete Pantaluk|Pete Parada|Pete Parkkonen|Pete Perez|Pete Perignon|Pete Perignon|Pete Philly|Pete Ray Biggin|Pete Reilly|Pete Rende|Pete Riley|Pete Rivera|Pete Rizzo|Pete Rock|Pete Rock & C.L. Smooth|Pete Rodriguez|Pete Rose|Pete Sandberg|Pete Sandoval|Pete Schreiner|Pete Scobell Band|Pete Sears|Pete Seeger|Pete Shannon|Pete Shelley|Pete Sibilia|Pete Sinfield|Pete Sison|Pete Steele|Pete Steinkopf|Pete Stewart|Pete Swettenham|Pete Terrace|Pete Thomas|Pete Thomason|Pete Tokar|Pete Tong|Pete Townshend|Pete Townshend/The Who|Pete Trewavas|Pete Turner|Pete Tweedie|Pete Watts|Pete Way|Pete Weiss|Pete Wentz|Pete Whitfield|Pete Whittaker|Pete Wiggs|Pete Willcox|Pete Williams|Pete Willis|Pete Wingfield|Pete Wylie|Pete York|Pete Yorn|Pete Yorn & Scarlett Johansson|Pete Zorn|Pete.|Peter|Peter "Balboa" Brugger|Peter "Fluid" Forrest|Peter "Pops" Walsh|Peter & Gordon|Peter Adams|Peter Albin|Peter Allen|Peter Allison|Peter And Gordon|Peter Anders|Peter Anderson|Peter Andre|Peter Apfelbaum|Peter Apfelbaum & The Hieroglyphics Ensemble|Peter Appleyard|Peter Armata|Peter Arnesen|Peter Arnett|Peter Asher|Peter Ashworth|Peter Bailey|Peter Baltes|Peter Banks|Peter Banks|Peter Bardens|Peter Bauer|Peter Baumann|Peter Beckett|Peter Bee|Peter Behrens|Peter Bence|Peter Bengry|Peter Berg|Peter Bernstein|Peter Billingsley|Peter Birrell|Peter Bitelli|Peter Bjorn and John|Peter Bjorn And John Featuring Victoria Bergsman|Peter Blakeley|Peter Boam|Peter Boyle|Peter Bradley Adams|Peter Bramall|Peter Broderick|Peter Brown|Peter Brown|Peter Brown|Peter Bruns|Peter Buck|Peter Buffett|Peter Capizzi|Peter Carmichael|Peter Carter|Peter Case|Peter Cetera|Peter Charell|Peter Charles|Peter Cincotti|Peter Clarke|Peter Costa|Peter Cottontale|Peter Cox|Peter Coyne|Peter Coyote|Peter Criss|Peter Curry|Peter Dalton|Peter Daou|Peter Davison|Peter Dawson|Peter De Angelis|Peter de Poe|Peter De Ronde|Peter Dean|Peter Delano|Peter DeSotto|Peter DiStefano|Peter Dobson|Peter Dodd|Peter Doherty|Peter Dolso|Peter Dolving|Peter Doyle|Peter Dunne|Peter El Anguila|Peter Eldridge|Peter Ellard|Peter Ellenstein|Peter Erskine|Peter Falk|Peter Farnan|Peter Ferst|Peter Filleul|Peter Firth|Peter Fonda|Peter Fonda/Mara Wilson|Peter Fox|Peter Frampton|Peter Fullerton|Peter Furler|Peter Furler Band|Peter Gabriel|Peter Gabriel|Peter Gallagher|Peter Gallagher/Kelly Rowan|Peter Gammons|Peter Garner|Peter Garner|Peter Garrett|Peter Gelderblom|Peter Gifford|Peter Giles|Peter Gill|Peter Goalby|Peter Godwin|Peter Golub|Peter Grant|Peter Graves/Barbara Bain|Peter Graves/Greg Morris|Peter Green|Peter Green Splinter Group|Peter Griesar|Peter Griffin|Peter Gritton|Peter Gruen|Peter Gunn|Peter Gunz|Peter Hambleton|Peter Hammill|Peter Hansson|Peter Harmon|Peter Harper|Peter Hata|Peter Haycock|Peter Hayes|Peter Heppner|Peter Himmelman|Peter Hinds|Peter Holidai|Peter Hollens|Peter Hollens Featuring Home Free|Peter Holmstrom|Peter Holsapple|Peter Hook|Peter Hoorelbeke|Peter Hooton|Peter Horton|Peter Howarth|Peter Isaacson|Peter Iwers|Peter Jackson|Peter Jacobs|Peter Jacques Band|Peter Jezewski|Peter Jöback|Peter Johansson|Peter Jones|Peter Jordan|Peter Karp|Peter Karr|Peter Kater|Peter Kater & R. Carlos Nakai|Peter Katz featuring Royal Wood|Peter Kaukonen|Peter Keys|Peter Kiesewalter|Peter King|Peter Kingsbery|Peter Klett|Peter Knorn|Peter Koller|Peter Kopp|Peter Koppes|Peter Kraemer|Peter Krause/Rachel Griffiths|Peter Krpan|Peter Landau|Peter Laughner|Peter Laurence Gordon|Peter Lawford|Peter Lazonby|Peter LeMarc|Peter Lewinson|Peter Lewis|Peter Lewy|Peter Lindgren|Peter Littman|Peter Lord|Peter Lucas|Peter Lucia|Peter Luts|Peter Luts & Dominico|Peter Maas|Peter MacBeth|Peter MacNicol|Peter Maffay|Peter Malick|Peter Mansell|Peter Martins|Peter Maslen|Peter Mattei|Peter Mayes|Peter Mayhew|Peter McCann|Peter McGowan|Peter McIan|Peter Mengede|Peter Mikulas|Peter Moffitt|Peter Morén|Peter Mosely|Peter Munters|Peter Murphy|Peter Nagy|Peter Navarrete|Peter Nero|Peter Noone|Peter Nordin|Peter O'Brien|Peter O'Doherty|Peter O'Toole|Peter O'Toole/Tiffany Dupont|Peter Oldman|Peter Oliver|Peter Oundjian|Peter Oxendale|Peter Ozback|Peter Pan Live! Cast|Peter Pan Singers|Peter Perdichizzi|Peter Phillips|Peter Phipps|Peter Pichl|Peter Plate|Peter Prescott|Peter Presta|Peter Presta feat. Nocera|Peter Pritchard|Peter Pye|Peter Quaife|Peter Quintero|Peter Rauhofer|Peter Reber|Peter Revere|Peter Rhee|Peter Riegert|Peter Roberts|Peter Robinson|Peter Rowan|Peter Rowan Bluegrass Band|Peter Royer|Peter Salisbury|Peter Sandorff|Peter Sarsgaard|Peter Sarstedt|Peter Saunders|Peter Scherer|Peter Scherpenzeel|Peter Schickele|Peter Schilling|Peter Schojan|Peter Scholes|Peter Schorowsky|Peter Schott|Peter Scolari|Peter Sellers|Peter Serkin|Peter Shelley|Peter Siegel|Peter Silberman|Peter Skellern|Peter Slager|Peter Smith|Peter Smith|Peter Solley|Peter Spencer|Peter Staples|Peter Stephenson|Peter Stjärnvind|Peter Stuart|Peter Sullivan|Peter Svensson|Peter Swevel|Peter Tägtgren|Peter The Disciple|Peter Thomas|Peter Timmins|Peter Tork|Peter Tosh|Peter Tsouras|Peter Ulrich|Peter Urlich|Peter Van Hooke|Peter Vanden|Peter Veitch|Peter Velasquez, Jr.|Peter Vink|Peter Visser|Peter Washington|Peter Watts|Peter Weller|Peter Weller/Nancy Allen|Peter Whelan|Peter White|Peter Whitmore|Peter Wichers|Peter Wildoer|Peter Wilkinson|Peter Wishart|Peter Wohlert|Peter Wolf|Peter Wolf Crier|Peter Wood|Peter Woods|Peter Yanowitz|Peter Yarrow|Peter Zweier|Peter's Rock Mass Choir|Peter, Paul & Mary|Peter, Paul and Mary|Peter-John Vettese|Peters & Lee|Peters And Lee|Peters Posse|Petey Dammit|Petey Pablo|Petey X|Petie Pizarro|Petit Biscuit|Petit Milady|Petite|Petra|Petra Froese|Petra Haden|Petra Marklund|Petree|Petrella|Petri Nygård|Petric|Petrie|Petrinjak|Petros Gaitanos|Petros Iakovidis|Petros Karras|Petros Klampanis|Petru Jelihovschi|Petrus Ahonen|Petter|Petter & September|Petter Carlsen|Petter Carlsson|Petter Eriksson Stakee|Pettidee|Petting Zoo|Petula Clark|Peven Everett|PewDiePie|Peyton|Peyton Pinkerton|Pez|PF Project|PF Project Featuring Ewan McGregor|PFK - Prague Philharmonia|PFM|PFR|PG ONE|PGR|Ph Electro|Ph Factor|Phaeleh|Phajja|Phalon|Phalon Jones|Phanatik|Phanie Diaz|Phantaboulous|Phantasm|Phantogram|Phantom|Phantom Planet|Phantom, Rocker & Slick|Phantoms|Phantoms|Pharao|Pharaoh|Pharaoh|The Pharcyde|Pharfar|Pharis "June Bug" Evans, Jr.|Pharmacy|Pharmacy|Pharmakon|Pharoah Sanders|Pharoahe Monch|Pharrell|Pharrell Williams|Phase|Phase II|Phases|Phastlife Dynasty|The Phat Cat Players|Phat Kat|Phatjak & Drew|phatmans after school|Phats And Smalls|Phatty Banks|Phazz|Phee Shorb|Phelps "Catfish" Collins|Phenom|Phenomenon|Phesto|PHFat|Phife Dawg|Phiilo|Phil|Phil "Fang" Volk|Phil "Parrot" Castrodale|Phil "Philthy Animal" Taylor|Phil Aiken|Phil Alvin|Phil Anselmo|Phil B|Phil Baquie|Phil Baugh|Phil Bozeman|Phil Brown|Phil Bryant|Phil Buckman|Phil Buerstatte|Phil Campbell|Phil Carney|Phil Chamberlain|Phil Cimino|Phil Cobrea|Phil Cohron|Phil Collen|Phil Collins|Phil Collins|Phil Collins/Julie Walters|Phil Cook|Phil Cook|Phil Coulter|Phil Coulter And His Concert Orchestra|Phil Coxon|Phil Cracolici|Phil Cranham|Phil Crown|Phil Cunningham|Phil Daniels|Phil Davis|Phil del Guidice|Phil Demmel|Phil Denny|Phil Driscoll|Phil Dunne|Phil Ehart|Phil Etheridge|Phil Everly|Phil Fasciana|Phil Fearon|Phil France|Phil Fuldner|Phil Garant|Phil Giallombardo|Phil Good|Phil Gould|Phil Harris|Phil Harris|Phil Harrison|Phil Hartman|Phil Hartnoll|Phil Humphrey|Phil Hurley|Phil Hurtt|Phil Jamieson|Phil Jenkins|Phil Joel|Phil Jones|Phil Jordan|Phil Judd|Phil Karnats|Phil Keaggy|Phil Kennemore|Phil Kline|Phil Knight|Phil Kramer|Phil Lanzon|Phil Leavitt|Phil Lesh|Phil Lucafo|Phil Lynott|Phil Maggini|Phil Manzanera|Phil Margo|Phil Matthews|Phil McCormack|Phil McLean|Phil Merriman|Phil Mickelson|Phil Mogg|Phil Monnerat|Phil Moody|Phil Moore|Phil Ochs|Phil Perry|Phil Perry|Phil Perry|Phil Phillips with the Twilights|Phil Pirrone|Phil Porter|Phil Rind|Phil Robertson|Phil Robinson|Phil Rosenthal|Phil Rudd|Phil Sandoval|Phil Scanlon|Phil Seaman|Phil Selway|Phil Seymour|Phil Sgrosso|Phil Sheeran|Phil Silvers|Phil Small|Phil Sneed|Phil Solem|Phil Spector|Phil Spector|Phil Stacey|Phil Stanton|Phil Stewart|Phil Storm|Phil Sullivan|Phil Swisher|Phil Symonds|Phil Tarver|Phil Terry|Phil the Agony|Phil Thompson|Phil Thompson|Phil Thornalley|Phil Trotsky|Phil Upchurch|Phil VanDuyne|Phil Vane|Phil Varone|Phil Vassar|Phil Vaughan|Phil Vischer|Phil Wandscher|Phil Weeks|Phil Wickham|Phil Wiggins|Phil Wilde|Phil Woods|Phil Wright|Phil X.|Philadelphia Brass|Philadelphia Brass Ensemble|Philadelphia International All Stars|Philadelphia Mass Choir|Philadelphia Orchestra (Muti)|Philadelphia Story|Philadelphia Virtuosi Chamber Orchestra|Philharmonia Baroque Orchestra|Philharmonia Chorus|Philharmonia Hungarica|Philharmonia Hungarica (Dorati)|Philharmonia Of Russia|Philharmonia Orch. (Domingo)|Philharmonia Orchestra|Philharmonia Orchestra (Boughton)|Philharmonia Slavonica|Philharmonia Virtuosi (Kapp)|Philharmonia Zurich|Philharmonic 2000|Philharmonic Orchestra Of The Americas|Philip A. Jimenez|Philip Adrian Wright|Philip Bailey|Philip Baker Hall|Philip Balsley|Philip Blackburn|Philip Caivano|Philip Catherine|Philip Chevron|Philip Claypool|Philip Creech|Philip Davis|Philip Dickey|Philip Frazier|Philip George|Philip Glass|Philip H. Anselmo|Philip H. Anselmo & the Illegals|Philip Hamrick|Philip Harper|Philip Hurt|Philip Jones Brass Ensemble|Philip King|Philip Labonte|Philip Lassiter|Philip Lewis|Philip Lipscomb|Philip MacKenzie Garrod, Reed K. Hays & Scott P. Schreer|Philip Michael Thomas|Philip Myers|Philip Oakey|Philip Patterson|Philip Peeples|Philip Ruiz|Philip Sayce|Philip Selway|Philip Seymour Hoffman|Philip Seymour Hoffman/Catherine Keener|Philip Seymour Hoffman/Ethan Hawke|Philip Upchurch Combo|Philip Urry|Philip Walsh|Philip Welker|Philip Wesley|Philip Woo|Philip Wu|Philip Wu, Liu Xin, Well Lee, Jackie Tam|Philip Zach|Philipp Dittberner|Philipp Jung|Philipp Poisel|Philippe|Philippe B|Philippe B.|Philippe Berghella|Philippe Berghella & Rita Tabbakh|Philippe Berruyer|Philippe Brach|Philippe Cohen Solal|Philippe Entremont|Philippe Herreweghe|Philippe Jaroussky|Philippe Jaroussky / Freiburger Barockorchester|Philippe Muller|Philippe Noiret|Philippe Quint|Philippe Saisse|Philippe Saisse Trio|Philippe Wynne|Philippe Zdar|PhilippT Wynne|Phill Wilson|Phillip "Doc" Martin|Phillip & Lloyd|Phillip Bent|Phillip Boa|Phillip Boa And The Voodooclub|Phillip Brooks|Phillip Campbell|Phillip Carter & SOV|Phillip Cope|Phillip E. Hills|Phillip Hudson|Phillip Ingram|Phillip LaRue|Phillip Leo|Phillip Martin|Phillip Mitchell|Phillip Phillips|Phillip Reardon|Phillip Rhodes|Phillip Sneed|Phillip Strongman|Phillip Sweet|Phillip Thomas|Phillippe Jaroussky|Phillips, Craig & Dean|Philly Cream|Philly Devotions|Philly Joe Jones|Philly U.S.A.|Philly's Most|Philly's Most Wanted|Phillypa|Philmont|Philosameer|The Philosopher Kings|Philppa Nihill|Philthy Rich|Phineas|Phineas & The Ferbtones|Phineas and Ferb|Phineas And The Ferbtones|Phinehas|Phiness|Phish|Phixx|Phizek|Phlake|Phocuz|Phoebe Bridgers|Phoebe Bridgers|Phoebe Cates|Phoebe Ryan|Phoebe Snow|Phoenix|Phoenix Chorale|Phoenix Mass Choir|Phoenix Stone|Phoenix Symphony (Sedares)|Phon.O|Phonat|Phonique|PhonJaxx|Phonk & House|Phonte|Phonte & Eric Roberson|Phony Ppl|Phora|Phosphorescent|Photek|Photoglo|PHOX|PHRESHER|Phunk Junkeez|Phunk-A-Delic|Phunkadelic|Phunky Data|Phunky Phantom|Phuture Doom|Phylicia Allen|Phylis Nelson|Phyllida Hancock|Phyllis "Jiggs" Allbut|Phyllis Battle|Phyllis Carr|Phyllis Hyman|Phyllis McGuire|Phyllis Nelson|Phyllis Rhodes|Phyllisia|Physical Therapy|Pi|Pia|Pia Komsi|Pia Mia|Pia Toscano|Pia Zadora|Piamica|Piano Dreamers|The Piano Guys|Piano Music Unlimited|Piano Red|Piano Tribute Conservatory|Piano Tribute Players|The Piano Tribute Players|Pianoheadz|Pianos Become the Teeth|Piccalo|Pichie Perez|Pick Withers|Pickettywitch|Pickin' On|Pickwick|Pico|Picture Perfect|Picture This|Picture This|Pictureplane|Picturesque|Piebald|Pieces of a Dream|Pieces of Eight|Pieces of Lisa|Pier Beland|Pier Pressure|Pierce Brosnan|Pierce Brosnan/Geoffrey Rush|Pierce Brosnan/Greg Kinnear|Pierce Brosnan/Halle Berry|Pierce Brosnan/Michelle Yeoh|Pierce Brosnan/Rene Russo|Pierce Brosnan/Sophie Marceau|Pierce Brosnan/Stephanie Zimbalist|Pierce Brothers|Pierce Fulton|Pierce the Veil|The Pierces|Pierdavide Carone|Piero|Piero & Pablo|Piero Pelù|Piero Piccioni|Piero Soffici|Piero Umiliani|Pierpaolo "Pierfunk" Peretti Griva|Pierre Bensusan|Pierre Boulez|Pierre Bouvier|Pierre de Reeder|Pierre DeMudd|Pierre Flynn|Pierre Gigliotti|Pierre Lapointe|Pierre Luc Brillant|Pierre Menard|Pierre Michelot|Pierre Monteux|Pierre Perret|Pierre Ravan|Pierre Saint-Denis|Pierre Salandy|Pierre Senecal|Pierre van der Linden|Pierre-Alain Dahan|Pierre-Laurent Aimard|Pierre-Marc Hamelin|Pierrick Lilliu|Piers Lane|Piersi|Piet Dierickx|Piet Veerman|The Pietasters|Pieter Bourke|Pieter Nooten|Pietro Lombardi|Pig|Pig Benis|Pig Destroyer|Pigbag|Pigeon Hole|Pigeonhed|Pigface|Piggy Dolls|Pigloo|Pigmeat Markham|Pignoise|Pikku G|Piko|Piko-Taro|PIKOTARO|Pilar Lorengar|Pilar Montenegro|Pile|Pile|Pilgrim Jubilee Singers|Pilgrim Souls|Pilgrimage|Pill|Pillar|Pillar Point|The Pillows|Pilot|Pilot|Pilot Speed|Piltdown Men|Pim Koopman|Pimp C|Pimpinela|Pin|Pina Carmirelli|Pinay|Pinback|Pinch|Pinchas Zukerman|Pine Cove Worship|Pine Leaf Boys|Pine Mountain Railroad|The Pineapple Thief|Pinegrove|The Pines|Pinetop Perkins|Ping An, Wang Xiaomin|Pinhead|Pink|Pink Eyes|Pink Floyd|Pink Guy|Pink Lady|Pink Martini|Pink Noisy|Pink Panda|Pink Rhythm Featuring John Rocca|The Pink Spiders|Pinkard & Bowden|Pinkerton's Assorted Colours|Pinkie Pie|Pinkloop|Pinky Dauvin|Pinmonkey|Pinnacle Gospel Choir|Pino 'Pinaxa' Pischetola|Pino Daniele|Pino Donaggio|Pinocchio|Pinocchio|Pinocchio|Pintandwefall|Pinto|Pinto "Wahin"|Pío Leyva|Pio Trivino y Majic|Piolo Pascual|Pioneer|Piotr|Piotr "Peter" Wiwczarek|Piotr Anderszewski|Piotr Beczala|Piotr Ilyich Tchaivkovsky|Piotr Rubik|Piotr Wawrzeniuk|PIP|Pipe Bueno|Pipedream|Piper Laurie|Piper Perabo/Adam Garcia|Piper Perabo/Manolo Cardona|Piper Skih|The Pipes & Drums & Military Band Of The Royal Scots Dragoon Guards|The Pipettes|The Pipkins|Pipo Ti|Pips|The Pips|The Pirates|Pirates of Liloa|Pirates of the Mississippi|Pirulo|Pirulo Y La Tribu|Piso 21|Pissed Jeans|Pistol Annies|Pistol Day Parade|Pistol Valve|The Pistoleros|Piston|Pit & Crow|Pitbull|Pitbull|Pitbull|Pitbull|Pitbull|Pitbull|Pitbull Featuring JenCarlos|Pitch Black|Pitch Black Forecast|Pitchshifter|Pitingo|Pittsburgh Slim|Pittsburgh Symphony (Previn)|Pittsburgh Symphony Orchestra|Pitty|Pitty|Pity Sex|Pixie Lott|Pixie Lott Featuring Pusha T|Pixies|The Pixies Three|Pixl|Pixote|Pizzaman|Pizzera & Jaus|Pizzera & Jaus|Pizzicato Five|Pizzo|PJ|PJ & Duncan|PJ Bond|PJ Harvey|PJ Morton|PJ Waxman|PKCZ(R) Feat. Hiroomi tosaka Crystal Kay CRAZYBOY|Pla Ya Poncho|Pla2me|Placebo|Placido|Plácido Domingo|Plaid|Plain White T's|Plan B|Plan B|Plan B|Plan B|Plan B|Plan B|Plan B|Plan B|Plan B (dupe 1)|Planes Mistaken for Stars|Planet Asia|Planet Drum|Planet Funk|Planet P|Planet P Project|Planet Parade|Planet Patrol|Planet Perfecto|Planet Soul|Planet VI|Planetary Of Outerspace|PlanetRAWK|Planets|Planetshakers|Plankeye|Plankton|PlanningToRock|PlantLife|Plants and Animals|Plasmic Honey|Plastic Bertrand|Plastic Ono Band|Plastic Plates|Plastic Tree|Plastik Funk|Plastikman|Plastilina Mosh|Plastilina Mosh (dupe 1)|Platinum Blonde|Platinum Disk Sing-Along|Platinum Pied Pipers|Platinum Souls|Platinum Weird|Platnum|The Platters|Plavka|Play|Play|Play|Play|Play N Skillz|Play-N-Skillz|Playa|Playa Fly|Playa Limbo|Playa Poncho|Playaz Circle|Playaz Tryna Strive|Playback|Playback|Playboi Carti|The Playboy Club|Playboy Shane|Playboy Tre|The Playboys|Player|Player A|Playero|The Players|Players Association|Players for Life|Playground Præsenterer:|Playgroup|Playing for Change|The Playmates|Playmen|Playradioplay!|The Playtones|Pleasure|Pleasure Center|Pleasure P|Pleasurekraft|Pleasureville|Plena Libre|Plenealo|Pleun Bierbooms|Pliers|Plies|Plies Featuring Jamie Foxx & The-Dream|Plies Featuring Keri Hilson|The Plimsouls|Plini|The Plot in You|Plug In Stereo|Pluginstereo|Plumb|Plumb|Plumbo|Plume Latraverse|Plummet|Plump DJs|Plura|Plural Z|Plural-Z|PLUS|Plus One|Plus One featuring Sirron|Plüsch|Plush|Plushgun|Pluto|Plutonic|Plymouth Festival Chorus & Orchestra|Plymouth Music Series (Brunelle)|PM|PM Network|PMD|PMMP|Pnau|PnB Rock|PNC|Pnl|Po' Broke & Lonely?|Po' White Trash|Po' White Trash & The Trailer Park Symphony|Po' White Trash And The Trailer Park Symphony|Po, Broke & Lonely?|Poacher|Poc Fu|Pochi y Su Cocoband|Pochy Familia & Coco Band|Pochy Familia Y Su Cocoband|Pocket Full of Rocks|Pocket Honore|Pocket Size|Pockets|The Pockets|Poco|Pocoyo|Podunk|Poe|Poema|Poetic|Poetic - 1|Poetic Hustla'z|Poetree|The Poets|The Poets|Poets & Pornstars|Poets of the Fall|Poets of the Fall|Pogorelich (Abbado)|The Pogues|Pohlmann|Poi Dog Pondering|Point Blank|Point Blank|Point Blank|Point Blank|Point of Grace|The Pointer Sisters|Poison|Poison|Poison Clan|Poison Ivy|Poison the Well|Poitin|Poizon Posse|Poju|Pokahontaz|Pokemon|Pokemon Reorchestrated|Pokemon Theme|Pokey|Pokey LaFarge|Pol Burton|POL1Z1STENSOHN a.k.a. Jan Bohmermann|Polaco|Polar Bear|Polar Bear Club|Polara|Polaris|Polarkreis 18|Polaroid Piano (Feat.Kwon Jung Yeol Of 10cm)|Pole|Poliça|The Police|Polina|Polina Gagharina|Polina Griffith|The Polish Ambassador|Polish Festival Orchestra|The Politicians|Polkadot Cadaver|The Poll Winners|Pollini|Polly Bergen|Polly Brown|Polo|Polo & Pan|Polo Hofer|Polo Urias|Polo Urias y su Máquina Norteña|Polographia|Polow Da Don|Polvo|Polyphia|The Polyphonic Spree|Polyphony|Polyrock|Polysics|Pomplamoose|Poncho Sanchez|Pond|Ponderosa|Ponderosa Twins + One|Pondlife|Poni-Tails|The Poni-Tails|Pontea|Pontus Berghe|Pontus Snibb|Pontus Winnberg|Pony Pony Run Run|The Ponys|Ponzoña Musical|Poo Bear|Poobs|Pood, Bhud 'N' Pflug|Poodles|The Poodles|Pooh|Pooh & The Young Inspirations|Pooh And The Young Inspirations|Pooh-Man|Poolside|Poor|Poor Righteous Teachers|Poorboys|The Pop|POP ETC|Pop Evil|Pop It Off Boyz|Pop Shop|Pop Will Eat Itself|Pop-Tops|Popa Chubby|Popcaan|Popcorn Wylie|Pope Benedict XVI|Pope Francis|Pope John Paul II|Pope John Xxiii|Popeska|Popinjays|The Popopopops|Popov|Popp,(Slatkin)|Poppa Doo|Poppa LQ|Poppin'Party|Poppy|The Poppy Family|Pops (Williams)|Pops Staples|Pops(Fiedler)|Popsy Dixon|Popu Lady|Population 1|Por Ellas|Porcelain Black|Porcelain Raft|Porches|Porcupine Tree|Porky Cohen|Porl Thompson|The Porn Kings|Porno|Porno for Pyros|Porno Graffitti|Pornograffitti|Porsha Williams|Porshca|Port Cities|Port Isaac's Fisherman's Friends|Port Royal|Porta|Porta|Portable|Portara Ensemble|Porter|Porter Carroll, Jr.|Porter Howell|Porter Robinson|Porter Wagoner|Portia Griffin|Portico Quartet|Portion Boys|Portion Control|Portishead|Portland Cello Project|Portland State Chamber Choir|Portnoy, Sheehan, MacAllpine And Sherinian|Porto Latino|Portrait|Portrait|Portrait|Portugal. The Man|Posdnuos|The Posies|Positive|Positive K|Posse|Possessed By Paul James|POSSESSION=80.2 POR CENTO|Possum Dixon|Post Malone|Post Men|Post Monroe|Post-Classical Ensemble|The Postal Service|The Postelles|Postgirobygget|Potatoheads|The Potbelleez|Potliquor|Potluck|Potzee|Pound|Pound For Pound|Pousette-Dart Band|Poussez|Pouya|Pouyan Afkary|Povertyneck Hillbillies|Povia|Pow|Powderfinger|Powell Hassell|Power Girl|Power Houze|Power Jam|Power Music Workout|Power Pill Fist|Power Play|Power Rangers|The Power Station|The Power Station|Power Trip|Powerflo|Powerglove|Powerhouse|Powerhouse|Powerkryner|Powerman 5000|Powers|Powers Boothe|PowerSource|Powersource (Solo...Sharon)|PowerSpace|Powerwolf|Poww Bros.|Pozo Seco Singers|The Pozo-Seco Singers|PPK|PQM|Praful|Praga Khan|Prager Philamoniker|Prague Chamber Orchestra|Prague Philharmonic Orchestra|Prague Radio Symphony Orchestra|Prairie Oyster|Prairie Prince|Praise|Praise Band|Praise Cats|Praise Hymn Tracks|Prakash John|Pras|Pras Michel|Pras Michel Feat. Ol' Dirty Bastard & Introducing Mya|Prasanna|Pratt & McClain|Pratt And Mcclain|Prawn|Praxis|Praxis Featuring Kathy Brown|Pray For The Soul Of Betty|The Prayer Chain|Prayers|Pre) Thing|pre)Thing|Preashea Hilliard|Preatures|Precious|Precious Bryant|Precious Wilson|Precise|Precision Tunes|The Precisions|The Predators|Predia|Predianna|Preditah|Preetesh Hirji|Prefab Sprout|Prefuse 73|Prelow|Prelude|Preludes Five|Premiere|Premiere Cast Recording|The Premiers|Prenestine Williams|Preoccupations|Prepare The Way|Prescott Niles|Presence|Present Tense|Presentation SEcondary School, Clonmel|Preservation Hall Jazz Band|The Presets|The Presidents|The Presidents of the United States of America|Presizzo|Presley Chweneyagae/Terry Pheto|Press Play|Pressa|Pressha|Pressing Strings|Pressure|Pressure (dupe 1)|Pressure 4-5|Pressure Busspipe|Pressure Drop|Preston Epps|Preston Heyman|Preston Hubbard|Preston Lane|Preston Lee|Preston Lovinggood|Preston Nash|Preston Pohl|Preston Ritter|Prestonwood Worship|Presuntos Implicados|Pretenders|The Pretenders|Pretty & Twisted|Pretty Boy Floyd|Pretty Girls Make Graves|Pretty in Pink|Pretty Lights|Pretty Lights|Pretty Lou|Pretty Maids|Pretty Pink|Pretty Poison|Pretty Purdie|The Pretty Reckless|Pretty Ricky|Pretty Sister|Pretty Things|Pretty Tony|Pretty Willie|Pretty Yende|Pretty Yende|PRETTYMUCH|PRETTYMUCH|Prevail|Preview|Prez|Prez Prado|PRhyme|Price Mitchell & Jerri Kelly|Price Mitchell And Rene Sloane|Pride|Pride & Glory|PRIDE FOR PAIN|Pride Tiger|Priest|Priestess|Priestly Fraternity Of St. Peter|The Priests|Prima J|Primal Fear|Primal Scream|Primary|Primary (Feat. Bumkey, Paloalto)|Primary (Feat. Choiza, Simon D)|Primary (Feat. Dok2, Jinbo)|Primary (Feat. Gaeko, Zion.T)|Prime|Prime Flo|Prime Minister Pete Nice|Prime Minister Pete Nice & Daddy Rich|Prime STH|Prime Suspects|Prime Time|Primer 55|Primitive Man|Primitive Radio Gods|The Primitives|Primo Cruz|Primordial|Primus|Prince|Prince|Prince|Prince & the New Power Generation|Prince & the Revolution|Prince And The N.P.G.|Prince And The Revolution|Prince Be|Prince Buster|Prince Damien|Prince EP|Prince Fox|Prince Harold|Prince Jammy|Prince Johnny C|Prince Kay One|Prince La La|Prince Malik|Prince Markie Dee|Prince Markie Dee And The Soul Convention|Prince of House|Prince Paul|Prince Phillip Mitchell|Prince Po|Prince Poetry|Prince Rakeem|Prince Rama|Prince Rick|Prince Royce|Prince With Sheena Easton|Princess|Princess|Princess|Princess|Princess Ka'nijah|Princess Luna|Princess Nokia|Princess Princess|Princess Superstar|Princess Vitarah|Princess X|Princessa|Principez de La Musica Nortena|Prinz Pi|Prinz Porno|Prinz Porno|Priory|The Priory|Pris Maverick|Prisca|Priscila y Sus Balas de Plata|Priscilla|Priscilla Ahn|Priscilla Paris|Priscilla Paris|Priscilla Presley|Priscilla Renea|Prisionero|Prism|Prism|Prisma|prison heaven|The Prisoners|PRISTIN|Pristin|Pritam|Pritam & Arijit Singh|Pritam Shonki|Pritti Boyz Featuring Felix|Private|The Private|Private Investigators|Private Possession Featuring Hunter Hayes|Priyanka Chopra|The Prize Fighter Inferno|PrizmaX|Prizna Featuring Demolition Man|PRo|Pro C (Feat. Ailee)|Pro Era|Pro Toolz|Probcause|Problem|Probot|Process & the Doo Rags|The Proclaimers|Procol Harum|The Procussions|Prodigal|Prodigal Son|Prodigal Sunn|Prodigio Claudio|Prodigy|The Prodigy|Produce 101|The Producers|The Product G&B|Product of Hate|Produkt|Prof|Profeetat|Profeetat|Professional Choral Institute|Professional Sinnerz|Professor Green|Professor Green Featuring Ed Drewett|Professor Griff|Professor Griff & The Last Asiatic Disciples|Professor Longhair|Professor Morrison's Lollipop|Professor Wilbur Belton & The Ladwec Music Mass Choir|Professor X|The Profiles|Profitt|Profound|Profyle|The Prog Collective|ProHoeZak|Project|Project 46|Project 86|Project Bongo|Project Destati|Project Future|Project Pablo|Project Pat|Project Playaz|The Project Playaz|Project Relax|Project Trio|The Project Trio|Projected|Projection|Projecto Uno|Prok & Fitch|Prok + Fitch|Prom Kings|Promatic|Promise Circle|Promise Keepers|Promise Land|Promise Of The Real|The Promise Ring|Promises Ltd.|Promoe|Prong|pronoun|Pronti|Proof|Propaganda|Propaganda|Propaganda|Propaganda (dupe 1)|Propagandhi|Propain|Propellerheads|Proper Dos|Prophecy|Prophet|Prophet Jones|Prophet Posse|Prophets of Rage|Prophets of Rage|Propiedad Urbana|ProSound Tribute Band|Prospect|Prospect Hill|Prosperity|The Protest|Protest the Hero|Protohype|Protoje|Protomartyr|Protonica|Prototype|Providence|Providence|Providence|Providence|Proyecto 1|Proyecto M|Proyecto Uno|Proyecto X|Prozak|Prozzak|PRTY H3RO|Pru|Prudence Pacey|Pryda|Prymary Colorz|Pryslezz|Ps Tendresse|Psalmist Raine|Psarantonis|Pseudo Echo|Pseudopod|Psidream|Psilocybe Project|Psirico|PSY|Psy (Feat. G-Dragon)|Psy (Feat. Leessang & JP)|Psy (Feat. Lena Park)|Psy (Feat. Yoon Do-Hyun)|Psy (Feat.Sung Si-Kyung)|Psy 4 de la Rime|Psychedelic Furs|The Psychedelic Furs|Psychic Babble|Psychic Temple|Psycho|Psycho Drama|Psycho Les|Psycho Radio|The Psycho Realm|Psycho Sid|Psycho Village|Psychopathic Rydas|Psychostick|Psycster|Psykofuk|Psykosonik|Psymun|PT Cruiser|PTAF|Pte|Pu Shu|Pu Shu|Pu Shu|Puawai Taiapa|Public Announcement|Public Domain|Public Enemy|Public Image Ltd.|Public Service Broadcasting|Puddle of Mudd|Puddles Pity Party|Pudgee|Pudgee Tha Phat Bastard|Pueblo Cafe|Puerto Rican Power|Puerto Rican Power Orchestra|Puerto Rico All Stars|Puff Daddy|Puff Daddy & The Family|Puff Johnson|PUFFY|Puffy AmiYumi|Puggy|Puhdys|PuiPui HOME TOWNS|Puipui keionbu|Pukana & Whanau|Pulcino Pio|Pulp|Puls|Pulse|Pulse 81|Pulse Featuring Antoinette Roberson|Pulsedriver|Puma Blue|Puma Jones|Pump Boys And Dinettes|Pump Friction|Pumpkin & The Profile All-Stars|Pumva|Punch|Punch !nc|Punch !nc.|Punch (dupe 1)|Punch Brothers|Puncher|Punchline|Punchline|Punchline|Punchline And Wordsworth|Puncho|Puncho Villashio|Punita Bajaj|Punk Division|Punks Jump Up|Punky Meadows|Punto G|Punto Medio Popteno Banda|Punto y Aparte|PUP|Pup|Puppah Nas-T|Puppet & Cormak|The Puppies|The Puppini Sisters|Puppy Mills|Pupy Santiago|Pur|Pura Raza|Pure|Pure|Pure|PURE (dupe 1)|Pure Energy|Pure Heart|Pure Love & Pleasure|Pure Prairie League|Pure Soul|Pure Sugar|PureNRG|Puressence|Puretone|Purity Ring|Puro Juniors|Puro Reyes De Durango|Purple City|Purple Grim|Purple Kitty|Purple Reign|Purple Ribbon All-Stars|Purpose|Purson|The Pursuit of Happiness|Pusaka|Puscifer|Push|Push Button Objects|Push Play|The Push Stars|Pusha T|Pushe|Pusher|Pushmonkey|Pusho|Puss N Boots|Pussy 2000|Pussy Riot|The Pussycat Dolls|Putumayo|Putumayo Kids|Putumayo Presents|Puya|PV Nova|Pvris|PW|PWR BTTM|PXNDX|Pye Hastings|Pylon|Pyramids|The Pyramids|PYT|Python Lee Jackson|Pyx Lax|PZ|PZK