I Am Arrows|I Am Empire|I Am Ghost|I Am Kloot|I Am Legion|I Am Oak|I Am Spartacus|I Am Terrified|I Am the Avalanche|I Am They|I Am War|I Anthem|I Barocchisti|I Blame Coco|I Call Fives|I Can Make A Mess|I Can Make a Mess Like Nobody's Business|I D-4 Windz|I Declare War|The I Don't Cares|I Don't Like Mondays.|I Faglolini|I Fight Dragons|I Fight Fail|I Giocatori Dell'Inter|I Got You on Tape|I Killed the Prom Queen|I Like It Electric|I Love Makonnen|I Love Makonnen|I Moderni|I Monelli|I Mother Earth|I Musici|I Muvrini|I Nine|I Nomadi|I Prevail|I Salonisti|I See Stars|I Self Devine|I Set My Friends on Fire|I Solisti Italiani|I Solisti Veneti|i Square|I Start Counting|I the Breather|I The Mighty|I to I|I Virtuosi Italiani|I'm At A Payphone|I'm OK You're OK|I-15|I-1club|I-20|I-Level|i-Majesty|I-Octane|I-Spies|I-Wayne|I-Will|I.A.P. Co. (the Italian Asphalt & Pavement Company)|I.D.K.|I.K. Dairo|I.M.P.|I.O.I|I.O.I.|I.O.S.|I.R.T.|i5|I65|Iain Archer|Iain Baker|Iain Ballamy|Iain Bayne|Iain Glen|Iain Gordon|Iain Harvie|Iain Mahanty|Iain Shedden|Iain Simcock|Iakopo|Iakovos Kampanellis|IAM|iamamiwhoiam|IAmChino|IAmChino feat. Chacal, Wisin & Austin Mahone|IAMDYNAMITE|IAMEVE|IamStylezMusic|Iamsu|iAMSU!|IAMX|IAMX|Ian "3 Beat" Redman|Ian "Spike" Spice|Ian "The Kid Capo"|Ian "Tich" Amey|Ian & Sylvia|Ian Anderson|Ian Anderson|Ian Astbury|Ian Bairnson|Ian Ball|Ian Bannen|Ian Bannen/David Kelley|Ian Black|Ian Bostridge|Ian Broudie|Ian Brown|Ian Browne|Ian Burden|Ian C. Hudson|Ian Carey|Ian Carey & Doron Featuring Ray J & Kardinal Offishall|Ian Carey Featuring Snoop Dogg & Bobby Anthony|The Ian Carey Project|Ian Casselman|Ian Catskilkin|Ian Clarke|Ian Cone|Ian Craig Marsh|Ian Crawford|Ian Curtis|Ian D'Sa|Ian Dench|Ian Dury|Ian Dury And The Blockheads|Ian Early|Ian Edwards|Ian Ellis|Ian Eskelin|Ian Felice|Ian Fletcher Thornley|Ian Foster|Ian Fowles|Ian Gardner|Ian Gibbons|Ian Gillan|Ian Glover|Ian Gomm|Ian Gradek|Ian Graetzer|Ian Graham|Ian Grushka|Ian Haug|Ian Haugland|Ian Hendrickson|Ian Hill|Ian Hines|Ian Holm|Ian Holm/Mickey Rourke|Ian Hultquist|Ian Hunter|Ian Hunter/Mick Ronson|Ian Jones|Ian Karmel|Ian Kearey|Ian Kelly|Ian Kenny|Ian Kirkham|Ian Lee|Ian Lees|Ian Lewis|Ian Lloyd|Ian Lloyd & Stories|Ian Love|Ian Lowery|Ian MacKaye|Ian MacLeod|Ian Maidman|Ian Marlow|Ian Matthews|Ian McCulloch|Ian McDonald|Ian McElroy|Ian McKean|Ian McKellen|Ian McLagan|Ian McNabb|Ian McShane|Ian Metzger|Ian Milne|Ian Mitchell|Ian Moore|Ian Morgan|Ian Morrison|Ian Mosley|Ian Moss|Ian Munro|Ian Mussington|Ian Oliver|Ian Ossia|Ian P.|Ian Paice|Ian Parton|Ian Peres|Ian Perkins|Ian Person|Ian Pooley|Ian Russell|Ian Simmonds|Ian Skelly|Ian Somerhalder|Ian St. Pe|Ian Stanley|Ian Starr|Ian Stewart|Ian Thomas|Ian Thomas|Ian Thomas|Ian Thomas (dupe 1)|Ian Tilley|Ian Van Dahl|Ian Wallace|Ian Walsh|Ian Watkins|Ian Watkins|Ian Whitcomb|Ian Whitcomb & Bluesville|Ian William Craig|Ian Williams|Ian Wilson|Ian Wilson|Ian Winans|Ianborg|Iasos|Iba Mahr|Ibba|Ibeyi|Ibibio Sound Machine|Ibiza|Ibrahim|Ibrahim Ferrer|Ibrahim Maalouf|Icarus|Icarus The Owl|Icarus the Owl|Icarus Wilson-Wright|Ice|Ice "Billion" Berg|Ice Capades|Ice City|Ice Cream Tee|Ice Cube|Ice Cube/Anthony Anderson|Ice Cube/Katt Williams|Ice Cube/Keke Palmer|Ice Cube/Mike Epps|Ice Cube/Natasha Henstridge|Ice Cube/Nia Long|Ice Dog|Ice MC|Ice Mizzle|Ice Nine Kills|Ice Prince|Ice The Don|Ice-T|Iceage|Iceberg|Iceburg|Iced Earth|Icehouse|Icehunt|Iceland Symphony Orchestra|Icepick|The Icepick|Icewater|Icewear Vezzo|Icey Jaye|ICF|Ich + Ich|Ichiro Toba|Icicle Works|Icky Blossoms|Icon|Icon for Hire|Icona Pop|Iconiq|Iconoclast|Iconz|ICR|ICS|Icy Blu|iD|Ida|Ida Corr|Ida Corr Vs Fedde Le Grand|Ida Engberg|iDA HAWK|Ida Kavafian|Ida Maria|Ida Paul|Idale La Dulce Mordida|Idalis DeLeon|Idan Raichel|Idania Valdes|Idar Burheim|Ideal|Ideal|Ideal|The Ideals|Idella Morris|The Ides of March|Idina Menzel|Idle Cure|Idle Sons|Idlewild|Idlewild|Idlewild|Idol 2007|Idol 2011 Finalisten|Idol Allstars 2010|Idol College|Idol Cure|Idol School|Idoling!!!|Idolish7|Idris Elba|Idris Muhammad|If|If|If I Rocked|If I Stay|Ifa Sayo|Ife|Iffernaut|Ifigenia Atkinson|IG & Lil DP|Iggy And The Stooges|Iggy Azalea|Iggy Pop|Iglooghost|Iglu & Hartly|Ignacio "Nacho" Garza|Ignacio Díaz Ramírez|Ignacio Sanchez Plascencia|Ignatius Jones|Ignescent|Ignite|Igor Cavalera|Igor Echebarrena|Igor Levit|Igor Yastrebov|Igorrr|The Iguanas|Ihascupquake|iHeart Jingle Ball Artists|iHeart Memphis|Ihmiset|IHOPKC Worship|Ihsahn|II Close|II D Extreme|II Tone|II Tru|II Unorthodox|IIDA|III Frum Tha Soul|IIIrd Tyme Out|iiO|Ike|Ike & Tina Turner|Ike Clanton|Ike Floyd|Ike Glover|Ike Jackson|Ike Jackson Presents Tom Paper|Ike Lovely|Ike Reiko|Ike Reilly|Ike Reilly Assassination|Ike Rilley|Ike Strong|Ike Turner|Ikebe Shakedown|Iketeru Hearts|The Ikettes|Ikie Owens|Ikimono Gakari|Ikimono-gakari|Ikka|iKon|Ikon|Ikon|Ikon & Exodus|Ikue Mori|Ikue Ootani/Veronica Taylor|Ikuko Harada|Ikumi Kumagai|Il Bagatto|Il Cile|Il Complesso Barocco|Il Divo|Il Giardino Armonico|Il Pagante|Il Pomo d'Oro|Il Teatro Degli Orrori|Il Volo|Il Volo|Il Volo|Il Volo|Ilac|Ilac & Monday Kiz|Ilan Bluestone|Ilan Chester|Ilan Mitchell Smith|Ilan Rubin|Ilan Volkov|Ilari|Ilari Sahamies|Ilaria|Ildar Abdrazakov|IlDebrando D'Arcangelo|ILe|Ileana "PG13"|Ilegales|Ilegales|Ilia|Iliadi Aggeliki|Ilias Vrettos|Ilinca|Iliza Shlesinger|Ill|Ill|Ill Al Skratch|Ill Bill|Ill Nicky|Ill Niño|ill.gates|Illa Ghee|Illa Noyz|Illeana Douglas|Illegal|Illenium|Illi|Illicit Binznez|Illicit Biznez|Illion|Illmind|illScarlett|Illstreet|Illusion|Illusion|The Illusion|Illustrated Man|Illy|Illya Kuryaki & The Valderramas|Ilmari|Ilo|Ilona Mitrecey|iLoveMemphis|Ilpo Väisänen|Ils|Ilse DeLange|Ilse Olivo|Ilsey|Ilta|ILTA Music|Ilya Kaler|Im Beong-soo|Im Tae Kyung|IM5|Ima|Ima Robot|Ima Thug -N- Sha Nitti: I-N-S Thugz|Imaad Wasif|Imad Royal|Image|Imaginary Friend|Imaginasamba|Imagination|Imagination|Imagination Movers|Imagine Dragons|Imajin|IMALU|Imam Baildi|Iman|Iman Omari|Imani|Imani Coppola|Imani Vonsha|Imani Wilcox|Imani Winds|Imanny|Imanos|Imany|Imd|Imelda Higuera|Imelda May|Imelda Staunton|Imhotep|Imiswel|Immanuel|Immature|Immeasurable|Immediate|Immolation|Immortal|Immortal Technique|The Immortals|Imogen Heap|Impact|Impact|Impacto de Montemorelos|Impacto Sinaloense|The Impalas|Impatto|Impedance|Impellitteri|Impending Doom|Imperial Drag|Imperial State Electric|Imperial Teen|Imperials|The Imperials|Implakable|Implog|Impossible Orange|The Impressions|Impromp2|Improv Logic|IMx|In Between|In Crist|In Dying Arms|In Essence|In Extremo|In Fear and Faith|In Flames|In Hearts Wake|In Other Words|In Pursuit|In Real Life|In Solitude|In Soon-Ee|In Stereo|In the Midst of Lions|In the Valley Below|In the Whale|In This Moment|In Tua Nua|In-Grid|In:Aviate|Ina Mueller|Ina Müller|Ina Wroldsen|Inaba/Salas|Iñaki|Iñaki "Uoho" Antón|Inara George|Inas X|Inaya Day|Incantation|Incendiary|Incendio|Incidents|Incognito|Incognito Featuring Jocelyn Brown|Incredible Bongo Band|Incredible Columbia All-Star Band|Incredible String Band|The Incredible String Band|The Incredibles|Incubus|Indecent Obsession|Indeep|Independents|The Independents|The Independents|India|India|India & Nuyorican Soul|India Allen|India Carney|India Martínez|India.Arie|Indian|Indiana|Indiana Bible College 2017|Indiana State Mass Choir|Indianapolis Symphony Orchestra|The Indians|Indica|Indigenous|Indiginis|Indigo Girls|Indigo La End|Indigo Spirit|Indigo Swing|Indila|Indio|Indira Montes|Indira Montes y las Montes|Indirections|Individual|Indo|Indo G|Indo `G' & Lil' Blunt|Indochine|Indonesia|Indra|Indra Dunis|Indubious|Industria del Amor|Industry|Ines|Inesperado|Inez|Inez & Charlie Foxx|Inez Andrews|Inez Foxx|The Infadels|Infamous 2.0|Infamous Mobb|Infamous Stringdusters|Infamous Syndicate|Infant Annihilator|Infant Sorrow|Infared|Infected Mushroom|Infectious Grooves|Infernal|Infernus|Infinite|Infinite|Infinite (dupe 1)|Infinite F|Infinite H|Infinity|Infinity|Infinity|INFINITY 16 welcomez MINMI & JAY'ED|INFINITY 16 welcomez Ms.OOJA|INFINITY 16 welcomez TEE & hiroko|INFINITY 16 welcomez Wakadanna|Infinity Ink|Infinity tha Ghetto Child|Infinity-Tha Ghetto Child|Inflava|Influence Music|Information Society|Infrared|Infusion Baroque|Inga Humpe|Inga Swearingen|Inge Borkh|Inge Herbst|Ingebjorg Bratland|Ingebjørg Bratland|Ingfrid Straumstoyl|Inglorious|Ingo Knollmann|Ingo Puls|Ingo Riedl|Ingo Schwichtenberg|Ingram|Ingram Gospel Singers|The Ingram Gospel Singers|Ingram Hill|Ingrid|Ingrid Arthur|Ingrid Bergman|Ingrid Chavez|Ingrid Fliter|Ingrid Lucia and the Flying Neutrinos|Ingrid Michaelson|Ingrid Olava|Ingrid Pitt/Pippa Steele|Ingrid St-Pierre|Ingvar Olsen|Inhabited|Inhale/Exhale|InI|Ini Kamoze|Iñigo Uribe|Inimigos Da HP|Inis|Injected|Injury Reserve|Injury Reserve|Ink|Inkubus Sukkubus|Inmates|InMe|Inna|Inna|Inna Baba Coulibaly|Inna Baba Coulibaly With Ali Farka Boure|Inna de Yard|Inna Featuring Flo Rida|Inna Modja|Inna Vision|InnaVision|Inner Circle|Inner City|Inner City Jam Band|Inner City Mass Choir|Inner Life|Inner Shade|Inner Soul|Innerlude|Innerpartysystem|Innertier|Innervision|Innes Phillips|Innocence|The Innocence|Innocence Featuring Gee Morris|The Innocence Mission|The Innocents|Innosense|Inocente Guerrero Lopez|Inocentes MC|Inoj|Inoj & Lathun|Inon Barnatan|INORAN|Inori Minase|Inos Hungula|Inquisition|Insane Clown Posse|Insane Clown Posse & Twiztid|Insane Poetry|insaneintherainmusic|Inside Straight|Insiders|Insist|The Insomniacs|Insomnium|Inspectah Deck|Inspector|Inspector Wilabee|Inspector Willabe|Inspiral Carpets|Inspire Church Worship|inspire MUSIC|Inspiro|Instant Funk|Instant Karma|Instinct|Institute|Institutional Radio Choir|Instruction|Instrumental Icons|Insyderz|Intacto|Intangible|Integrity|Integrity Kids|Intelligent Hoodlum|Intense|Intenso|Intenso Project|Inter Arma|Interactive|Interflow|Interlude|International Children's|International Contemporary Ensemble|International Superheroes Of Hardcore|Internationl Harvesters|The Internet|Interpol|The Interrupters|Interstate|Interstellar Force|Intervals|Inthelittlewood|Inti-Illimani|Into Another|Into Eternity|Into It. Over It.|Intocable|Intonation|Intoxicated|Intoxicated Featuring Sammy Sam, Baby D, B Real & Beezlee|Intrigue|Intrigue|Intrigue|The Intrigues|Intro|Intro Church|Intronaut|The Intruders|The Intruders|The Intruders|The Intruders|Intrygue|Invaders|Invasion|Invent, Animate|Inventions|Inverness|Investo|Invincible|Invisibl Skratch Piklz|Invisibl Skratch Piklz (dupe 1)|The Invisible Man's Band|Inward Eye|INXS|INXS & Jimmy Barnes|Io, Carlo|Ioan Gruffudd/Jessica Alba|Ioan Gruffudd/Romola Garai|Iokasti|IOM|Ion Dissonance|Ion Marin|Iona|Ione Skye|Iordache|Iori Nomizu|Ippu-Do|iPraize|Ira Dean|Ira Elliot|Ira Kaplan|Ira Levi|Ira Louvin|Ira Tucker|Ira Wolf|Ira Wolf Tuton|Iracema Trevisan|Iration|Ire'lano Malomo|Ireesh Lal|Ireland's Finest|Irén Marik|Irene Bedard|Irene Cara|Irene Chanter|Irene Diaz|Irene Dunne|Irene Grandi|Irene Jacob|Irene Kelley|Irene Nelson|Irene Richards/Tracey Childs|Irene Sazer|Irene Skylakaki|Irfane|Iri|Iridian|Irina|Irina|Irina|Irina|Irina Shapiro|Iris|Iris DeMent|Iris Kroes|Iris Larratt|Iris Van Straten|Iriscience|Irish & Celtic Folk Wanderers|Irish All-Stars|Irish Ceili Band & Singers|Irish Ceilidh Band|The Irish Experience|The Irish Rovers|Irish Tenors|Irisneyda|Irlanda Rubi|Irma|Irma Thomas|Irmin Schmidt|IRO|IroCc Williams|Iron|Iron & Wine|Iron And Wine|Iron Bell Music|Iron Bell Music|Iron Bell Music (dupe 1)|Iron Boo|Iron Butterfly|Iron Chic|Iron Eyes Cody|Iron Horse|Iron Horse|Iron Maiden|Iron Reagan|Ironhorse|Ironik|IRS|Irv Gotti|Irvin Blais|Irvin Jarrett|Irvin Mayfield|Irving Berlin|Irving Casanova|Irwin Mayfield|Irwin Sparkes|ISA|Isaac "Redd" Holt|Isaac 2 Isaac|Isaac Brock|Isaac Brown & Gang|Isaac Carpenter|Isaac Carree|Isaac Darso|Isaac Delgado|Isaac Emmanuel|Isaac Epps|Isaac Guillory|Isaac Hanson|Isaac Harris|Isaac Hayes|Isaac Kasule|Isaac Lee|Isaac Mizrahi|Isaac Payton Sweat|Isaac Simpson & DP|Isaac Slade|Isaac Stern|Isaac Stern, Yo-Yo Ma|Isaac Suthers|Isaac Wiley, Jr.|The Isaacs|Isabel Bayrakdarian|Isabel Davis|Isabel Douglass|Isabel Leonard|Isabel Pantoja|Isabel Reyes-Feeney|Isabela|Isabella|Isabella|Isabella a|Isabella Castillo|Isabella Manfredi|Isabella Rossellini|Isabella Summers|Isabelle|Isabelle A|Isabelle A.|Isabelle Adjani|Isabelle Boulay|Isabelle Faust|Isabelle Huppert|Isable Baryakdarian|Isac Elliot|Isadora|Isaiah|Isaiah|Isaiah "Ikey" Owens|Isaiah D. Thomas|Isaiah D. Thomas & Elements of Praise|Isaiah D. Thomas And The Cornerstone PBB Mass Choir|Isaiah Mitchell|Isaiah Rashad|Isaiah Taylor|Isaiah Templeton|Isaiah Thomas|Kvng Porter|Isaiah Washington|Isaias Dias|Isaias Lucero|Isam B|Isao Tomita|Iscariah|Iseo & Dodosound|Ish|Ish|Ish|Ish Featuring Stef Lang|Ish Ledesma|Isha-D|IshDARR|iSHi|Ishi Featuring French Montana & Raekwon|iSHi.|Ishimaru|Ishtar|Isidoro Castro|Isidro Infante|Isidro Infante & La Elite|Isis|Isis|Isis|Isis|Isis|ISIS (dupe 1)|Iskander|Iskias|Isla Fisher|The Island Choral Experience|Island Groove|Island Inspirational All Stars|Islander|The Islanders|Islands|Isle of Man|Isle of Q|Isles & Glaciers|The Isley Brothers|The Isley Brothers & Santana|Isley Jasper Isley|Isley, Jasper, Isley|Islove|Ismael|Ismaël Lô|Ismael Mijarez|Ismael Miranda|Ismael Quintana|Ismael Rivera|Ismael Serrano|Ismail Tuefekci|Isobel Campbell|Isobel Knowles|Isokynä Lindholm|iSounds|iSquare|Israel|Israel|Israel|Israel "IZ" Kamakawiwo'Ole|Israel "Popper Stopper" Tolbert|Israel & New Breed|Israel & Rodolffo (Ft. Jorge & Mateus)|Israel Beachy|Israel Houghton|Israel Joseph-I|Israel Kamakawiwo'ole|Israel Novaes (Ft. Gusttavo Lima)|Israel Philharmonic Orchestra|Israel Raynoso Casado|Israel Vibration|Issa|Issa Gadala|ISSA × SoulJa + ROLA|Issac Delgado|Issac Delgado Y La India|Issac Hayes And Dionne Warwick|Issac Parsons|Issues|The Issues|iSwing|Isyss|It Dies Today|It Lies Within|It Lives It Breathes|It Lives, It Breathes|It's a Beautiful Day|It's Alive|It's Alive!|It's Only Magic|Itaal Shur|Italian Boyfriend|Italian Ecstasy|Italo Brothers|Italobrothers|The Itals|Italy|Itamar Golan|Itamar Ziegler|Itchy Poopzkid|Itchyban|Itty Bitty Boozy Woozy|Ituana|Itzhak Bishburg|Itzhak Perlman|IU|IU & FIESTAR|IU & Kim Yu-na Featuring Kim Saehwang|IU (Feat. Kim Hyun Chul)|IU (Feat. Kim Kwang Jin)|IU (Feat. Lee Juck)|IU (Feat. Ra.D)|IU (Feat. Thunder of MBLAQ)|IU (Feat. Yoon Sang)|IV Xample|Iva Bittová|Iva Davies|Ivahn|Ivan|Ivan|Ivan|Iván|Ivan & Alyosha|Ivan B|Ivan Browne|Ivan Chandler|Ivan DePrume|Ivan Dorschuk|Ivan Elias|Iván Ferreiro|Ivan Fischer|Ivan Garzon|Ivan Goff|Iván González|Ivan Gough|Ivan Huang|Ivan Hurd|Ivan Kelley, Jr.|Ivan Koutikov|Ivan Král|Ivan L. Moody|Ivan Lins|Ivan Moravec|Ivan Nahem|Ivan Neville|Ivan Neville's DumpstaPhunk|Ivan Parker|Ivan Pedersen|Ivan Reyes|Ivan Thompson|Ivana Lola|Ivana Lola|Ivana Santilli|Ivano Fizio|Ivano Fossati|Ivar Bjornson & Einar Selvik|Ivar Bjørnson|Ivar De Graaf|Ivar Enger|Ivari Ilja|Ivarsson, Bang & Neuman|Ives|Ivete Sangalo|Ivete Sangalo Featuring Shakira|Ivette Sosa|The Iveys|Ivi Adamou|Ivo Mozart|Ivo Pogorelich|Ivo Robic|Ivonne Guevara|Ivor|Ivor Aylesbury|Ivor Hay|Ivor Perry|Ivor Talbot|Ivor Twidell|Ivory|Ivory Hours|Ivory Jack|Ivory Joe Hunter|Ivory Mobley|Ivory Tillman|Ivoryline|Ivvy|Ivy|Ivy (dupe 1)|IVY (dupe 2)|Ivy Lab|The Ivy League|Ivy Levan|Ivy Quainoo|Ivy Queen|The Ivy Three|Iwan Griffiths|Iwan Rheon|Iwan Rheon|IWATSW|Iwrestledabearonce|IX|Iya Terra|Iyanla Van Zant|Iyanla Vanzant|Iyaz|Iyaz (dupe 1)|IYGMC|Iz Real|IZ Reel Soul|Iza Lach|Izabella Miko/Columbus Short|Izi|Izintaba|Izora Armstead|Izora Redman-Armstead|Izora Rhodes|Izza Kizza|Izze|Izzy|Izzy|Izzy|Izzy Bizu|Izzy Chill|Izzy Gallegos|Izzy Stradlin|Izzy Stradlin & the Ju Ju Hounds|Izzy Stradlin And The Ju Ju Hounds|Izzy Stradlin/The Ju Ju Hounds