A B C & D of Boogie Woogie|A Band of Bees|A Band Of Bitches|A Band Of Bowsies|A Bay Bay|A Blaze of Feather|A Boogie wit da Hoodie|A Boogie Wit da Hoodie & Don Q|A Bullet for Pretty Boy|A Camp|A Caruma|A Certain Ratio|A Change of Pace|A Day to Remember|A Dozen Furies|A Dream Too Late|A Few Good Men|A Fine Frenzy|A Firm Handshake|A Flock of Seagulls|A Friend in London|A Game|A Giant Dog|A Gift of Love|A Girl Called Jane|A Great Big Pile of Leaves|A Great Big World|A Great Big World|A Guy Called Gerald|A Heartwell Ending|A House|A Joyful Noise|A Killer's Confession|A Life Once Lost|A Life Set Apart|A Loss for Words|A Lot like Birds|A Lu A Zhuo|A Man Called Quick|A Martinez|A New Beginning|A Niu|A Pale Horse Named Death|A Perfect Circle|A Place to Bury Strangers|A Plea for Purging|A Plus|A Qiao|A Qiao|A Qiao|A R I Z O N A|A R Rahman|A Ragamuffin Band|A Rocket to the Moon|A Rotterdam November|A RUN|A Second Life|A Si & Amber Kuo|A Si, Yoga Lin|A Silent Film|A Skylit Drive|A Song For Lily-Mae|A Sound of Thunder|A Split Second|A Static Lullaby|A Summer High|A Sunny Day In Glassgow|A Taste of Honey|A Thousand Horses|A Tribe Called Quest|A Tribe Called Red|A Wilhelm Scream|A Winged Victory for the Sullen|A$AP Ant|A$AP ANT AKA YG Addie|A$AP Ferg|A$AP Mob|A$AP Mob Featuring A$AP Rocky, A$AP Twelvyy & Key|A$AP Nast|A$AP Rocky|A$Ap Twelvyy|A$AP TyY|A$AP Yams|A$SAP Mob|A$ton Matt|A&C La Banda|A&S Project|A'me Lorain|The A's|A*M*E|A*Teens|A+|A-1 Swift|A-Base|A-ble|A-Class|A-Dub|A-G-2-A-KE|a-ha|A-Lee|A-Lin|A-Lin|A-Lin|A-Lin|A-Lin|A-Lin & J.Sheon|A-Mei|A-Men|A-Peace|A-Town Playa's|A-Town Players|A-Trak|A-Trak Featuring Andrew Wyatt|A-Tyyppi|A-Wa|A-Wax|A. Bernardini|A. Beyonce|A. Cinco|A. J. Johnson|A. J. Pappas|A. Jay Popoff|A. Maz|A. Randolph|A. Score|A.A. Bondy|A.B. Original|A.B. Quintanilla 3 y Elektro Kumbia|A.B. Quintanilla III|A.B. Quintanilla III Presents Kumbia All Starz|A.B. Quintanilla III Presents Kumbia Kings|A.B. Quintanilla III y Los Kumbia Kings|A.B. Quintanilla y los Kumbia Kings|A.B. Quintanilla's All Starz|A.B. Skhy|A.B.C-Z|A.B.K. International|A.C. Forrester|A.C. Kelly|A.C. Newman|A.C.E.|A.C.T.|A.CHAL|A.Cinco|A.D.|A.D.A.M. Featuring Amy|A.D.O.R.|A.Dd+|A.G.|A.i.|A.J. Babcock|A.J. Barrett|A.J. Brown|A.J. Cavalier|A.J. Croce|A.J. Dunning|A.J. Mazzetti|A.J. McLean|A.J. Minette|A.J. Mora|A.J. Perdomo|A.J. Pero|A.J. Vallejo|A.J.Masters|A.K.|A.K. Paul|A.K. Soul|A.K. Webster|A.L. "Doodle" Owens|A.L. Jinwright|A.L. Jinwright Mass Choir|A.L.T. & Lost Civilization|A.L.T. & the Lost Civilization|A.L.T. And The Lost Civilization|A.M. SNiPER|A.M. Sniper|A.Miguel/D.Verdager|A.N.W.|A.P.|A.P. Carter|A.R. Rahman|A.S.K. M.E.|A.V.B.|A.W. Yrjänä|A1|a1|A3|A7|AA=|AAA|AAA|The AAA Girls|Aalborg Symfoniorkester|Aalesund Allstars|Aaliah Michaela|Aaliyah|Aalon|Aanysa|Aanysa x Snakehips|Aaries|Aarif Lee|AaRON|Aaron|Aaron|Aaron "Sqwid" Tosti|Aaron "Zeke" Dauner|Aaron & Amanda Crabb|Aaron & Jeoffrey|Aaron Abraham|Aaron Aedy|Aaron Alexander|Aaron Aryanpur|Aaron Barker|Aaron Barrett|Aaron Bedard|Aaron Behrens|Aaron Benward|Aaron Berg|Aaron Blanton|Aaron Boyd|Aaron Bruno|Aaron Carl|Aaron Carpenter|Aaron Carter|Aaron Clark|Aaron Cole|Aaron Collins|Aaron Comess|Aaron Conte|Aaron Copland|Aaron Coyes|Aaron Crabb|Aaron Crawford|Aaron Dalbec|Aaron Davidson|Aaron Diehl|Aaron Dilloway|Aaron Doyle|Aaron Eckhart|Aaron Eckhart/Maria Bello|Aaron Edge|Aaron Eikenberry|Aaron Embry|Aaron Escolopio|Aaron Espe|Aaron Evers|Aaron Fink|Aaron Floyd|Aaron Ford|Aaron Freeman|Aaron Fresh|Aaron Gainer|Aaron Gibson|Aaron Gilbert|Aaron Gillespie|Aaron Goldberg|Aaron Goldberg|Aaron Goldman|Aaron Goodvin|Aaron Green|Aaron Hall|Aaron Harris|Aaron Hemphill|Aaron Huffman|Aaron Jeoffrey|Aaron Johnson|Aaron Johnson|Aaron Johnston|Aaron Kamstra|Aaron Kane|Aaron Keyes|Aaron Kierbel|Aaron Kwok|Aaron Lee Tasjan|Aaron Lewis|Aaron Lindsey|Aaron Lines|Aaron Lippert|Aaron Lord|Aaron Love|Aaron Loveland|Aaron Lunsford|Aaron Marsh|Aaron Maxwell|Aaron Mills|Aaron Montgomery|Aaron Moreland|Aaron Neigher|Aaron Nelson|Aaron Neville|Aaron Owens|Aaron Parks|Aaron Patrick|Aaron Peltz|Aaron Perrino|Aaron Pfenning|Aaron Pillar|Aaron Pritchett|Aaron Radaczyk|Aaron Ramsey|Aaron Robinson|Aaron Ross|Aaron Rossi|Aaron Rothe|Aaron Rubin|Aaron Ruby|Aaron Schwartz|Aaron Shust|Aaron Skyy|Aaron Sledge|Aaron Smith|Aaron Solowoniuk|Aaron Sperske|Aaron Sprinkle|Aaron Stanford/Kathleen Quinlan|Aaron Stern|Aaron Stuart|Aaron Tate|Aaron Tippin|Aaron Tollefson|Aaron Turner|Aaron Tveit|Aaron Vásquez|Aaron Warren|Aaron Watson|Aaron Watson|Aaron Watson & The Orphans OF The Brazos Band|Aaron Weiss|Aaron West and the Roaring Twenties|Aaron Wright|Aarón Y Su Grupo Ilusión|Aaron Yan|Aaron Zigman|Aaron Zilch|Aaron-Carl|AB Avenue|AB Logic|Ab-Liva|Ab-Soul|Abaco Dream|Abandon|Abandon All Ships|Abandon Kansas|Abandoned Pools|Abattoir|ABBA|Abbath|Abbe|Abbey Lincoln|Abbey Of Mount Angel Choir|Abbey Simon|Abbey Tavern Singers|Abbott & Costello|Abby Anderson|Abby Lynn|ABC|ABC|ABC (dupe 1)|Abd Al Malik|Abdallah|Abdallah Al Rowaishid|Abdel Wright|Abdellah Attar|Abdellah Bokzar|Abdellah Shirioui|Abdeslam Bokzar|Abdi|Abdu Ali|Abdul Fakir|Abdul Ra'oof|Abe Cunningham|Abe Pedroza|Abe Spear|Abe Spear|Abe Tillman|Abednego Mazibuko|Abel|Abel|Abel Aguilera|Abel Pintos|Abel Ramos|Abel Talamantez|Abel Zarate|Abelardo Barroso|Abenaa|Aberola|Abhany Deol|Abi F Jones|Abi Harding|ABIAH|Abie Flinstone|Abigail|Abigail Bailey|Abigail Breslin/Jodie Foster|Abigail Breslin/Julia Ormond|Abigail Duhon|Abigail Washburn|Abigail Washburn & The Sparrow Quartet|Abigail Williams|Abigal Breslin|Abillyon|Abingdon Boys School|Abiotic|Abisha Uhl|ABK|ABN|Aborted|Abounding Life C.O.G.I.C. Choir|About a Mile|Above|Above & Beyond|Above and Beyond|Above Da Rest|Above Only|Above the Golden State|Above the Law|Abra|Abra Moore|Abraham|Abraham "A.J." Miller|Abraham & Bethliza|Abraham Batarse|Abraham Calleros|Abraham Inc.|Abraham Mateo|Abraham Mateo, Farruko & Christian Daniel|Abraham McDonald|Abraham Sirinix|Abraham Velazquez|Abrams|The Abrams|Abri|Absolom|Absolut Groovers|Absoulute|Abstrac'|Abstract|Abstract Rude|Abstract Source|Abstract Truth|Abstract Truth|Absynthe Minded|Abtmelody|Aby Ngana Diop|Abysmal Dawn|Abyss|AC|AC Newman|AC/DC|The Acacia Strain|Academia Montis Regalis|Academia Nazionale Di Santa Cecilia|The Academic|Academy|The Academy Is...|Academy of Ancient Music|Academy Of Ancient Music (Hogwood)|Academy Of Saint Martin In The Fields|Academy of St. Martin-in-the-Fields|Academy Of St. Martin-In-The-Fields (Marriner)|Acaedia|Acappella|Acappella Company|Acapulco Lips|Acapulco Tropical|Accademia Bizantina|Accademia Nazionale Di Santa Cecilia|Accents|Accept|Acceptance|Access|Access & Formania|The Accidentals|Acción Sánchez|Acda en De Munnik|Ace|Ace|Ace|Ace|Ace|Ace|Ace|Ace Allen|Ace Cannon|Ace Enders|Ace Enders & A Million Different People|Ace Frehley|Ace Hood|Ace Juice|Ace Kefford|Ace Lover|Ace of Base|Ace of Spades|ACE OF SPADES × PKCZ|Ace Spectrum|Ace Watkins|Ace Wilder|Ace Young|ACEMAX-RED|ACEMAX-RED|