C And The Shells|C Company|C Dot Castro|C Duncan|C WEST|C!lla|C&K|C&R Project|C'est Tout|C'Vello|C+C Music Factory|C-Bank|C-BO|C-Bo's Mob Figaz|C-Dash|The C-Dub Project|C-Kan|C-lanae|C-Lite|C-Loc|C-Murder|C-Note|C-Rayz Walz|C-REAL|C-Ride|C-Rod|C-Side|C-Smoove|C-Ute|C. Hairston|C. Linda McConnell|C. Mereschuk|C. Tangana|C. Thomas Howell|C. Webb|C.3.O|C.B. Hudson|C.B.Overton|C.C.|C.C. & Company|C.C. DeVille|C.C. Diva|C.C. Lemonhead|C.C. Sheffield|C.C.C.P.|C.C.S.|C.C.S.|C.E.B.|C.E.R.O.|C.F. Turner|C.F.O.P.A.|C.Hayes/Cosmo Church Of Prayer|C.J. & Company|C.J. Anthony|C.J. Bolland|C.J. Buscaglia|C.J. Mackintosh|C.J. Pierce|C.J. Ramone|C.J. Randolph|C.J. Snare|C.J. Taylor|C.L. Blast|C.L. Goodson|C.L. Smooth|C.M. Lord|C.O.D.|The C.O.D.'s|C.P. Roth|C.P. Spencer|C.P.O.|C.T.|C.T. & Becky Townsend|C.U.B.A.|C.W. Ferrari|C.W. McCall|C.W. Stoneking|C2C|C4 Pedro|C418|C5|Ca$h Out|Ca$h Out|Ca$hflow|Ca$his|The Cab|Cab Calloway|Caballo Dorado|Cabaret Voltaire|Cabas|Cabbage Patch Kids|Cabin Crew|Cabin Fever|Cabo Frio|Cachaito Lopez|Cachao|Cache Tolman|Cactus|The Cactus Blossoms|Cactus Choir|Cactus Moser|Cactus World News|Caddillac Tah|Caddy Da Don|Cade|Cadence|Cadets|Cadillac Don|Cadillac Don & J-Money|Cadillac Jack|Cadillac Sky|The Cadillac Three|The Cadillacs|Cady Cantrell|Cady Groves|Caedmon's Call|Caesars|Caetano Gil E Ivete|Caetano Veloso|Cafe De Paris|Cafe del Mar|Cafe Latino Dance Club|Cafe Por Las Venas|Cafe Soul All Stars|Cafe Soul All-Stars|Café Tacuba|Café Tacvba|Cafeine|Cage|Cage & Aviary|Cage (dupe 1)|Cage the Elephant|Caged Animals|Cageless Birds|Cages|Cahill|Caifanes|Caifanes/Jaguares|Cailin Russo|Cain Barnes|Cain Velasquez|The Cains|Cait O'Riordan|Caiti Baker|Caitlin & Will|Caitlin Cary|Caitlin Clarke|Caitlin Cornwell|Caitlin Love|Caitlin O'Heaney|Caitlin Rose|Caitlyn Smith|Caitriona Walsh|Cajmere|Cajun Dance Party|Cake|CAKED UP|Cal Bennett|Cal Harris Jr|Cal Harris, Jr.|Cal Osborne|Cal Scruby|Cal Smith|Cal Stephenson|Cal Tjader|Calamity Jane|Calaxanas|Calcinha Preta|Caldera|Caleb|Caleb + Kelsey|Caleb Burhans|Caleb Followill|Caleb Grimm|Caleb Guillotte|Caleb Johnson|Caleb Nasen|Caleb Oliver|Caleb Rowden|Caleb Satterfield|Caleb Scofield|Caleb Shomo|Caleb Slade|Caleb Turman|Calee Reed|Calema|Calexico|Calez|Calhoon|Calhoun|Calhouns|Cali|Cali & El Dandee|Cali Agents|Cali Bre|Cali Carranza|The Cali Kings|Cali McCord|Cali P|Cali Swag District|Cali y El Dandee|Caliban|Calibre 50|Calico|Califone|California|California Breed|California Guitar Trio|California Pops Orchestra|California Raisins|California X|Caligola|Calimeros|Calista Flockhart|Calista Flockhart/Sally Field|The Call|Call Me No One|Call Of All|Call Of The Wild|Call Super|Call Us Forgotten|Callan Buchanan|Callan Pinckney|Calle|Calle & Rizzo|Calle 13|Calle Kristansson|Calle Kristiansson|Callejon|Callie Day|The Calling|The Calling|The Calling|Calling Glory|Calloway|Cally|Caló|Calogero|Calum MacDonald|Calum Scott|Calum Scott|Calum Worthy|Calvert McNair|Calvertron|Calvin|Calvin Arnold|Calvin Bernard Rhone|Calvin Bridges|Calvin Crawford|Calvin Duke|Calvin Harris|Calvin Harris|Calvin Harris|Calvin Harris feat. Frank Ocean & Migos|Calvin Harris feat. Pharrell Williams, Katy Perry & Big Sean|Calvin Harris Featuring Big Sean|Calvin Harris Featuring Nicki Minaj|Calvin Hayes|Calvin Hunt|Calvin Newton|Calvin Richardson|Calvin Simon|Calvin Stephenson|Calvin Suggs|Calvin Yarbrough|Cam|Cam|Cam|Cam Bordignon|Cam Groves|Cam McGlinchey|Cam Meekins|Cam Penner|Cam Pipes|Cam'ron|Cam'Ron/Juelz Santana|Cam-B|Camane|Camara|Camargo Y Luciano|Camarón de la Isla|Cambridge Singers|Camel|Camel|Camela|Camélia Jordana|Camelle Hinds|CamelPhat|Cameo|Cameo|Cameo|Camera Obscura|Camera Obscura|Camera Obscura|Camerata Antonio Lucio|Camerata Bariloche|Camerata Bern|Camerata Orchestra|Camerata Romana (Duvier)|Camerata Romeu|Cameron|Cameron|Cameron "Worm" Graves|Cameron Bedell|Cameron Bird|Cameron Boyce|Cameron Carpenter|Cameron Dallas|Cameron Diaz|Cameron Diaz/Ashton Kutcher|Cameron Diaz/Christina Applegate|Cameron Diaz/Drew Barrymore|Cameron Diaz/Toni Collette|Cameron Emerson-Elliott|Cameron Esposito|Cameron Giles|Cameron Graves|Cameron Heacock|Cameron Jasper|Cameron Keym|Cameron Leahy|Cameron Losch|Cameron Macintosh|Cameron Melnyk|Cameron Mitchell|Cameron Muncey|Cameron Quiseng|Cameron Saunders|Cameron Shayne|Cameron Trowbridge|Cameron Watt|Cameron Wisch|Cami Bradley|Camila|Camila Bordonaba|Camila Cabello|Camila Grey|Camile Baudoin|Camilla|Camilla and the Chickens|Camilla Belle/Tommy Flanagan|Camilla Griehsel|Camilla Rosso/Rebecca Rosso|Camilla Wynne Ingr|Camille|Camille|Camille Cabaltera|Camille Jones|Camille Nelson|Camille Thomas|Camille Thurman|Camilo Blanes|Camilo Lara|Camilo Sesto|Cammy|Camo & Krooked|Camoflauge|Camouflage|Camp Freddy|Camp Lo|Camp Rock|Camp Rock Cast|Camp22|Campanas de America|Campbell Brothers|The Campbell Brothers|Campbell Scott|Campeche Show|Camper Van Beethoven|Campfire Ok|Camryn|Camu Tao|Camurri|Can|Can't Swim|Caña Brava|Cana's Voice|Canaan Smith|Canaan Thigpen|Canadian Brass|Canadian Compilation|Canadian Idol Season 5|Canadian Softball|The Canadian Tenors|Cancer Bats|Candace|Candace Kucsulain|Candace Moore|Candace Sames|Candace Wicke|Candee Jay|Candela|Candelario Urias Vazquez|Candi|Candi & The Backbeat|Candi And The Backbeat|Candi Carpenter|Candi Redd|Candi Staton|Candice Alley|Candice Belanoff|Candice Bergen|Candice Boyd|Candice Ghant|Candice Glover|Candice Night|Candice Pillay|Candida Doyle|Candida Thompson|Candido|Candido y Su Huella Norteña|Candiria|Candle|Candlebox|Candlelight Red|Candlemass|The Candles|Candy|Candy & the Kisses|Candy Clark|Candy Coated Killahz|Candy Dulfer|Candy Flip|Candy Girls|Candy Girls Featuring Sweet Pussy Pauline|CANDY GO!GO!|Candy Hearts|Candy J|Candy LaFLora|Candy Nelson|Candy O|Candy West|Candye Kane|Candyland|Candyman|Candyman 187|Candymen|The Candyskins|Cane Hill|Cane Mill Road|Canei Finch|Canela|Canibus|Cannabis Corpse|Canned Heat|Cannela Ronel|Cannibal & the Headhunters|Cannibal And The Headhunters|Cannibal Corpse|Cannibal Kings|Cannibal Ox|Cannonball Adderley|Cannonball Adderley Quintet|Cano Estremera|Canon|Canon|Canon|Canopy Red|Canray Fontenot|CANT|Cantemus Children's Choir|Canterbury Christmas Ensemble|The Cantina Band|Canto A Puerto Rico|Canton Jones|Canton Junction|The Canton Spirituals|Cantor Yitzchak Meir Helfgot|Cantores de Bayamon|Cantus|Canut Reyes|Canyon|Canyon|Cao Lu|Cap One|Cap1|Caparezza|Cape Cub|Caped Crusaders|Capella Gregoriana (Dobszay)|CapeTown|Capital Bra|Capital Cities|Capital Inicial|Capital Inicial|Capital Kings|Capital Lights|Capital Monkey|Capital String Quartet|The Capitals|Capitol Kids|Capitol Kids!|Capitol Lights|The Capitols|Capleton|Capo|Capo|Capone|Capone|Capone -N- Noreaga|Capone-N-Noreaga|Caponiac|Cappadonna|Cappella|Cappella Amsterdam|Cappella Romana|Capracara|Capretta|Caprice|Caprice Fox|Capricorn|The Capris|Capsize|Capsule|Capt. Lou Albano/Danny Wells|Captain|Captain & Tennille|Captain Beefheart & His Magic Band|Captain Beefheart & The Magic Band|Captain Beyond|Captain Cuts|Captain Hollywood|Captain Hollywood Project|Captain Jack|Captain James T. Nunn|Captain Kirk Douglas|Captain Midnite|Captain Murphy|Captain Rapp|Captain Sensible|Captain Ska|Captain Sky|Captain Sparklez|Captiva|Capture the Crown|Capucon Quartet|Car Seat Headrest|Cara Delevingne|Cara Luft|Cara Salimando|Cara Williamson|Carach Angren|Caracho|Caracol|Carah Charnow|Carah Faye|Caralee McElroy|Caramel|Caramel Apple Sound Gadget|Caravan|Caravan Palace|Caravane|The Caravans|The Caravelles|The Caravelles|The Caravelles|Carbon Airways|Carbon Based Lifeforms|Carbon Leaf|Carcamo|Carcass|Cardan|Cardell|Cardenales de Nuevo Leon|Cardi|Cardi B|Cardiff|Cardiff Brothers|The Cardigans|Cardiknox|Cardo Got Wings|Care Bears|Care Bears on Fire|Carefree|Carefrees|Caress|Carey Harmon|Carey Howe|Carey Lander|Carey Lowell|Carey Mercer|Carey Willets|The Caribbean|Caribbean Connection|Caribbean Jazz Project|Caribbean Motion|Caribbean Pulse|Caribou|Carice Van Houten/Sebastian Koch|Caridad Canelon|Carikature|Carimi|Carina Alok|Carina Round|Carine|Carishma|Carissa Leigh|Carl "Groove" Martin|Carl Anderson|Carl Barât|Carl Bean|Carl Belew|Carl Belew & Betty Jean Robinson|Carl Bell|Carl Bonnie|Carl Bonura|Carl Broemel|Carl Burnett|Carl Butler & Pearl|Carl Cafagna|Carl Carlton|Carl Carlton|Carl Cartee|Carl Carter|Carl Chambers|Carl Cicchetti|Carl Coates|Carl Cotton|Carl Cox|Carl Crack|Carl Cunningham|Carl Dalemo|Carl Davis|Carl Dobkins, Jr.|Carl Douglas|Carl Espen|Carl Evans, Jr.|Carl Fisher|Carl Fysh|Carl G.|Carl Gardner|Carl Giammarese|Carl Gorodetzky|Carl Graves|Carl Haasis|Carl Harvey|Carl Helm|Carl Henry|Carl Hultgren|Carl Hunter|Carl Jackson|Carl Johan Fogelklou|Carl Jordan|Carl King|Carl Kusch|Carl Mann|Carl Marsh|Carl Martin|Carl McDaniel|Carl McGinley|Carl McGinnis|Carl McIntosh|Carl Miller|Carl Newman|Carl Nielsen|Carl Palmer|Carl Pemberton|Carl Perkins|Carl Querfurth|Carl Radle|Carl Rag|Carl Reiner|Carl Reiner Mel Brooks|Carl Restivo|Carl Schultz|Carl Schwartz|Carl Shillo|Carl Smalls|Carl Smith|Carl Smith|Carl Smith|Carl St. Clari|Carl Stalling Project|Carl Stephenson|Carl Tanner|Carl Thomas|Carl Tompkins|Carl Turney|Carl Verheyen|Carl Von Goodat|Carl Wayne|Carl Weathers|Carl Westholm|Carl Wheeler|Carl White|Carl Wilson|Carla|Carla Azar|Carla Bley|Carla Bley And Her Remarkable! Big Band|Carla Bozulich|Carla Bruni|Carla Capuano|Carla Green|Carla Kihlstedt|Carla Mauri|Carla Monday|Carla Morrison|Carla Prather|Carla Thomas|Carla Werner|Carlão|Carle Vickers|Carleen Anderson|Carlene Carter|Carlene Davis|Carles Trepat|Carleton Varney|Carlette|Carley Binding|Carley Coma|Carlinhos Brown|Carlito Way|Carlitos Rossy|Carlitos Sarduy|Carlitos Way|Carlitos Wey|Carlo|Carlo Gesualdo|Carlo Gimenez|Carlo Guelfi|Carlo Maria Giulini|Carlo Mastrangelo|Carlo Rizzi|Carlo Santanna|Carlo Savina|Carlo Von Sexron|Carlon Jeffery|Carlos "Mohamed"|Carlos & Jader|Carlos (Chale) Torres|Carlos A. Soto|Carlos Abrego|Carlos Acosta|Carlos Aguilar|Carlos Alberto|Carlos Alberto Montoya Velazquez|Carlos Alfredo|Carlos Alvarez|Carlos Arroyo|Carlos Baute|Carlos Berrios|Carlos Bonell|Carlos Camacho|Carlos Cannon|Carlos Cavazo|Carlos Chairez|Carlos Colón|Carlos Cook|Carlos D'Castro|Carlos Da Silva|Carlos David|Carlos de la Garza|Carlos Dengler|Carlos Driggs|Carlos Gallardo|Carlos González|Carlos Greene|Carlos Henriquez|Carlos Jamarillo|Carlos Jean|Carlos Jean Arriaga|Carlos Kalmar|Carlos Kleiber|Carlos Linares|Carlos Manuel|Carlos Marin|Carlos Mario Olivella|Carlos Mario Olivella|Carlos Mata|Carlos Melendez|Carlos Mencia|Carlos Miguel Prieto|Carlos Montoya|Carlos Munro|Carlos Ponce|Carlos Raya|Carlos Reyes|Carlos Rivera|Carlos Rivera feat. Gente de Zona|Carlos Sadness|Carlos Santana|Carlos Santana & Buddy Miles|Carlos Santana/Mahavishnu John McLaughlin|Carlos Sarabia|Carlos Sarabia y Su Banda Pura Fe|Carlos Sarduy|Carlos Serrano|Carlos Soler|Carlos Soto Beltran|Carlos Tarque|Carlos Tato|Carlos Torres|Carlos Vega|Carlos Villarias|Carlos Vives|Carlos Vives & Sebastian Yatra|Carlos Vives feat. Wisin|Carlos Ward|Carlos Whittaker|Carlos Wilson|Carlos y Alejandra|Carlos y José|Carlotta|Carlotta Chadwick|Carlprit|Carlton "Carly" Barrett|Carlton "Cotton" Kent|Carlton 'C-Dub' Whitfield|Carlton Black|Carlton Blount|Carlton Bryan|Carlton Campbell|Carlton Coffie|Carlton Megalodon|Carlton Pearson|Carlton Pearson And The Azusa Mass Choir|Carlton Williams|Carly Comando|Carly Eden|Carly Harrington|Carly Hennessey|Carly Pearce|Carly Porrello|Carly Rae Jepsen|Carly Simon|Carly Smithson|Carly Tones|Carma|Carmada|Carman|Carman Ministries|Carman, Commissioned & The Christ Church Choir|Carmel Paradise|Carmell Jones|Carmelo Gamboa|Carmelo Siracusa|Carmen & Camille|Carmen And Camille|Carmen Bradford|Carmen Brown|Carmen Carter|Carmen Consoli|Carmen Cuesta|Carmen D'Arcy|Carmen Electra|Carmen Grillo|Carmen Hood|Carmen Jara|Carmen Liana|Carmen Lopez|Carmen Lundy|Carmen Maura|Carmen McRae|Carmen McRae & Betty Carter|Carmen McRae & Herbie Mann|Carmen Perez|Carmen Piazzini|Carmen Rasmusen|Carmen Reece|Carmen Rivero|Carmen Rizzo|Carmen Rodgers|Carmen Sarahí|Carmen Thomas|CARMEN TREVINO|Carmen Villalba|Carmin|Carmine Appice|Carmine Nataro|Carmine Rojas|Carmine Vincent|Carminho|Carmit Bachar|Carmol Taylor|Carmol Taylor And Stella Parton|Carnage|Carnage|Carnegie Hall Cast Recording|Carnell Breeding|Carnell Murrell|Carnell Murrell & The NeWork Community Choir|Carnelle Murell & The Nework Community Choir|Carney|Carney Wilson|Carnie & Wendy Wilson|Carnie Wilson|Carnifex|Carnival|The Carnival|Caro Emerald|Carol Albert|Carol Bailey|Carol Bristow|Carol Burnett|Carol Burnett|Carol Buschman|Carol C.|Carol Chase|Carol Cooper|Carol Decker|Carol Douglas|Carol Drobnicki|Carol Duboc|Carol Emanuel|Carol Fischer|Carol Hahn|Carol Hensel|Carol Jackson|Carol Jiani|Carol Johnson|Carol Kane|Carol Lloyd|Carol Lombard|Carol Lynn Townes|Carol Maillard|Carol Peele|Carol Perri|Carol Tripp|Carol van Dijk|Carol Williams|Carol Young|Carola|Carola|Carole Bayer Sager|Carole Davis|Carole King|Carole King|Carole Lynne Townes|Carole McGoldrick|Carole Pope|Carole Sylvan|Carolin Widmann|Carolina Chocolate Drops|The Carolina Chocolate Drops|Carolina Damas|Carolina Deslandes|Carolina Deslandes|Carolina Laó|Carolina Liar|Carolina Marquez|Carolina Parra|Carolina Rain|Carolina Road|Caroline af Ugglas|Caroline Ashton|Caroline Baran|Caroline Castell|Caroline Corr|Caroline Costa|Caroline Costa|Caroline Cradick|Caroline Crawford|Caroline Crawley|Caroline Easther|Caroline Franceska|Caroline Glaser|Caroline Goulding|Caroline Hjelt|Caroline Jones|Caroline LaVelle|Caroline Lund|Caroline McKay|Caroline Pennell|Caroline Polachek|Caroline Rue|Caroline Smith|Caroline Sunshine|Caroline Weeks|Caroline Williams|Caroline's Spine|Carolus Antonius Fodor|Carolyn Arends|Carolyn Brandy|Carolyn Crawford|Carolyn Dawn Johnson|Carolyn Farina|Carolyn Franklin|Carolyn Gill|Carolyn Harding|Carolyn Holmes|Carolyn Kuan|Carolyn Martin|Carolyn Porter|Carolyn Sampson|Carolyn Traylor|Carolyn Willis|Carolyn Wonderland|Carolyn Wood|Carolyne Bernier|Carolyne Mas|Carolyne Meyers|Caron Hannigan|Caron Wheeler|Carousel|Carousel Kings|Carpark North|Carpenter Brut|Carpenters|Carrapicho|Carreras, Domingo, Pavarotti (Mehta)|Carreras, Domingo, Pavarotti (Metha & Levine)|Carreras, Varady, Anderson (d'Almeida)|Carreras-Domingo-Pavarotti (Mercurio)|Carrie|Carrie Bradley|Carrie Brownstein|Carrie Davis|Carrie Harrington|Carrie Hassler|Carrie Lucas|Carrie McDowell|Carrie Mingo|Carrie Newcomer|Carrie Rodriguez|Carrie Slye|Carrie Smith|Carrie Turner|Carrie Underwood|Carried Away|Carrion|Carroll Baker|Carroll Baker/Lee J. Cobb|Carroll Bledsoe|Carroll Bros.|Carroll O'Connor And Jean Stapleton (As The Bunkers)|Carroll Sue Hill|Carrollton|Carrollton Hollygrove Senior Center Choir "Young at Hearts"|Carrot Top|The Cars|Carson Cox|Carson McWhirter|Carson VanOsten|Cartel|Cartel|Cartel de Santa|Carter Beauford|Carter Benson|The Carter Brothers|Carter Burwell|Carter Carter|Carter Cornelius|The Carter Family|Carter Gravatt|Carter Stanley|Carter The Unstoppable Sex Machine|Carter Twins|Carter U.S.M.|Carter Winter|Carter's Chord|Cartouche|Carvin Winans|Cary Bonnecaze|Cary Brothers|Cary Elwes|Cary Elwes/Danny Glover|Cary Elwes/Richard Lewis|Cary Elwes/Robin Wright|Cary Ewes|Cary Grant|Cary Grant/Mary Brian|Cary Nokey|Cary Park|Cary Pierce|Caryl Mack Parker|Cas Haley|Casa de Leones|Casandra Faulconer|Casanova|Casanova's Revenge|Cascada|The Cascades|Case|Case|Case & Point|case/lang/veirs|Casely|Casey|Casey & Moore|Casey Abrams|Casey Affleck/Michelle Monaghan|Casey Affleck/Wes Bentley|Casey Callahan Hean|Casey Calvert|Casey Campbell|Casey Chaos|Casey Crescenzo|Casey Daniel|Casey Darnell|Casey Donahew|Casey Foutz|Casey Grillo|Casey Hean|Casey Hess|Casey J|Casey J|Casey James|Casey James|Casey Kelly|Casey Lee|Casey Lee Williams|Casey McPherson|Casey Orr|Casey Pollock|Casey Prestwood|Casey Royer|Casey Siemaszko|Casey Sonoban|Casey Spencer|Casey Spooner|Casey Stratton|Casey Tennis|Casey Van Beek|Casey Veggies|Casey Walker|Casey Wescott|Casey Weston|Cash & Computa|Cash Cash|Cash Colligan|Cash Hollistah|Cash Kola|Cash McCall|Cash Money|Cash Money & Marvelous|Cash Money Millionaires|Casha|Cashman & West|Cashmere|Cashmere Cat|Cashy|Casilda|Casino|Casino Madrid|Casino Steel|Casino Versus Japan|Casinos|The Casinos|Casiokid|CASKER|The Casket Lottery|Caskey|The Caslons|Caspa|Casper|Casper|Casper (dupe 1)|Casper Adams|Casper Christensen|Casper Clausen|Casper Van Dien|Casper Van Dien/Denise Richards|Casper Van Dien/Jolene Blalock|Caspian|Caspian|Cass & Slide|Cass Elliot|Cass Fox|Cass McCombs|Cassadee Pope|Cassandra|Cassandra Kubinski|Cassandra Lucas|Cassandra Steen|Cassandra Wilson|Casserine|Cassey Barnes|Cassian|Cassidy|Cassidy|Cassidy|Cassidy|Cassie|Cassie|Cassie|Cassie Gaines|Cassie Ramone|Cassie Steele|Cassieta George|Cassietta George|Cassius|Cassius|Cassius Clay|Casso|Cast|Cast of 'Camp Rock 2'|Cast Of Camp Rock|Cast Of Camp Rock 2|Cast Of Galavant|Cast Of Rent|Cast Recording|The Castaways|The Castells|Casting Crowns|Casting Pearls|Castle Beat|The Castle Sisters|Castro|Castro|Castus Rabensang|Casual|The Casualties|Cat Ballou|Cat Boy|Cat Dealers|Cat Dealers & Evokings|The Cat Empire|Cat Hartwell|Cat Mother & The All Night News Boys|Cat Power|Cat Stevens|Cat's Eyes|Catalyst Music Project Featuring Laura Story|Catapila|The Cataracs|Catch|Cate Blanchett|Cate Blanchett/Geoffrey Rush|Cate Bros.|Catero|Caterwaul|Catey Shaw|Catfish|Catfish and the Bottlemen|Catfish Collins|Cath Close|Cath Coffey|Cathedral|Cathedral Choristers Of Britain|The Cathedrals|Catherine McCormack|Catherine Bell|Catherine Bott|Catherine Britt|Catherine Buchman|Catherine Deneuve|Catherine Deneuve/Mena Suvari|Catherine Dunn|Catherine Durand|Catherine Henderson|Catherine Hicks|Catherine Hicks/Chris Sarandon|Catherine James|Catherine Keener|Catherine Lara|Catherine Major|Catherine Mary Stewart|Catherine McCandless|Catherine McQueen|Catherine O'Hara|Catherine Oxenberg|Catherine Pierce|Catherine Ringer|Catherine Russell|Catherine Tate|Catherine Wheel|Catherine Wyn-Rogers|Catherine Zeta-Jones|Catherine Zeta-Jones/Aaron Eckhart|Cathia|Cathryn Latinen|Cathy & Joe|Cathy Carr|Cathy Carroll|Cathy Dennis|Cathy Fink|Cathy Guetta|Cathy Jean & the Roommates|Cathy Jean and The Roommates|Cathy Lucas|Cathy Moriarty|Cathy O'Shea|Cathy Richardson|Cathy Rigby|Cathy Tyson|Catie Cahill|Catie Curtis|Catina Mezereon|Catina Mezereon|Cato|Cato K|Catrin Finch|Catriona O'Leary|The Cats|Cats on Trees|Cattle Decapitation|Catty Noir|Cauet|Cause & Effect|Cause And Effect|Causes|Caution|Cava Menzies|Cavalera Conspiracy|Cavalier|Cave|Cave In|The Cave Singers|The Cavedogs|Caveman|CavemanFilms|Cavern of Anti-Matter|Cavern Street|Caviar|Cavo|Cayden Boyd|Cayucas|Caz|Caz Clay|Caz the Clash|Cazals|Cazwell|Cazz|Cazzette|CB Milton|CB30|CBG|CCA (Concord Affiliated)|CCB (Critical Condition Band)|CCM Singers|CCMC|CCV Music|CD9|CDP|Ce Ce Peniston|Ce Ce Rogers|Ceasar & Manolo|Ceasar Frazier|Ceca|CeCe Peniston|CeCe Rogers|CeCe Winans|Cecil Holmes Soulful Sounds|Cecil McBee|Cecil Otter|Cecil Parker|Cecil Skelly Spence|Cecil Womack|Cecile Corbel|Cecile Licad (Abbado)|Cécile McLorin Salvant|Cecilia|Cecilia Bartoli|Cecilia Chailly|Cecilia Kandonda|Ced-Gee|Ced-Gee|Ced-Gee|Cedar Creek|Cedar Walton|Cedarmont Baby|Cedarmont Kids|Cedric "K-Ci" Hailey|Cedric A. Napoleon|Cedric Bixler|Cedric Bixler-Zavala|Cedric Dent|Cedric Ford & Heart Of Worship|Cedric Gervais|Cedric Lemoyne|Cedric Martin|Cedric Myton|Cedric Saurer|Cedric The Entertainer|Cedric The Entertainer/Lucy Liu|Cedric Tiberghien|Cee Cee Chapman|Cee Cee James|Cee Farrow|Cee Lo|Cee Lo Green|Ceejay|Ceelo|Cees Tol|Cees Van Leeuwen|Cees Veerman|Ceevox|Celeb featuring K.T.|Celebrate the Nun|Celebration|Celebration featuring Mike Love|Celebration Worship|Celeda|Celeda & The Heavy Hitters|Celeda & The Heavy Hittersy|Celedon|Celeste|Celeste Betton|Celeste Buckingham|Celeste Gaia|Celeste Prince|Celeste Ray|Celeste Rose|Celeste Shaw|Celestial Navigations|Celestial Sirens|Celestial Trax|Celi Bee|Celi Bee & The Buzzy Bunch|Celi Bee And The Buzzy Bunch|Celia|Celia Cruz|Celia Cruz/Ray Barretto|Celia Cruz/Tito Puente|Celia Cruz/Willie Colon|Celia Faussart|Celia Pavey|Celina Ree|Celinda Pink|Celine Dion|Celine Dion And Peabo Bryson|Celine Dion et Fred Pellerin|Celine Dion, Gloria Estefan, Aretha Franklin, Shania Twain & Mariah Carey|Celine Frisch|Celine T'hooft|Celines|Celinski|Cella Dwellas|Cellar Darling|Cellarful of Noise|Celldweller|Cellophane|Celly Cel|Celo|Celo|Celo & Abdi|Celph Titled|Celso Fonseca|Celso Piña|Celtas Cortos|Celtic Frost|Celtic Spirit|Celtic Tenors|Celtic Thunder|Celtic Thunder|Celtic Thunder|Celtic Woman|Celtic Women|The Celts|Ceniza Negra|Cenk Eroglu|Centenartos de N. Leon.|Centerfold|Centory|Central Line|Central Live|Centricity Community Choir|Centro-Matic|Century 22|Century 22 Featuring George Shaw|Ceo-J|Ceoltoiri|Ceoltoiri Celtic Ensemble|Cephalic Carnage|Cephas & Wiggins|Ceredwen|Ceremony|Ceri James|Cero|Cerrito|Cerrone|Ces Cru|Cesar Abreu|Cesar Lopez|Cesar Lopez|Cesar Menotti & Fabiano|Cesar Millan|César Monges|Cesar Pkiego|Cesar Pliego|César Ramallo|Cesar Rosas|César Ruelas|César Vidal|Cesar Zuiderwijk|Cesare|Cesare Cremonini|Cesare Siepi|Cesária Évora|Ceschi|Cetu Javu|Céu|Cevin Fisher|cEvin Key|Ceybil|Ceybil Jefferies|Ceylan Ertem Official|Ceza|CF|CFCF|Cfo|CFO$|CG|Ch!pz|Cha Burns|Cha Cha|Cha!|Chab|Chacal|Chaçal|Chace|Chace & Moksi|Chachi|Chachillie|Chacka|Chad|Chad & Jeremy|Chad Abbott|Chad Ackerman|Chad Alan|Chad Albert Larson|Chad Allan|Chad Brock|Chad Brownlee|Chad Butler|Chad Channing|Chad Chapin|Chad Cherry|Chad Crawford|Chad Daniels|Chad Dohring|Chad Everett|Chad Fjerstad|Chad Gilbert|Chad Gracey|Chad Graham|Chad Gray|Chad Hanks|Chad Howat|Chad Hugo|Chad I. Ginsburg|Chad Istvan|Chad Jack|Chad Jackson|Chad Jeffers|Chad Jenkins|Chad Jones|Chad Kent|Chad Klinger|Chad Kroeger|Chad La Roy|Chad Lawson|Chad Lawson|Chad Linus|Chad Michael Murray|Chad Michael Murray/James Lafferty|Chad Mitchell|Chad Mitchell Trio|Chad Neptune|Chad Nichols|Chad Norris|Chad O'Neal|Chad Petree|Chad Sexton|Chad Shellabarger|Chad Smith|Chad Smith's Bombastic Meatbats|Chad Staples|Chad Stuart|Chad Tafolla|Chad Taylor|Chad Urmston|Chad Valley|Chad VanGaalen|Chad Waldrup|Chad Warrix|Chad Wolf|Chad Yaro|Chadeeo|Chadwick Johnson|Chadwick Stokes|Chae Yeon|Chae Yeon|Chael Sonnen|Chage & Aska|The Chain Gang of 1974|Chain Gang Parolees|Chain Reaction|Chainsaw|The Chainsmokers|The Chainsmokers & Coldplay|Chairlift|Chairman of the Board|Chairmen of the Board|Chaise Lounge|Chaisson|Chaka Demus|Chaka Demus & Pliers|Chaka Khan|Chaka Khan|Chaka Malik|Chakachas|Chakib Chambi|Chakuza|Chalee Tennison|Chali 2na|Chalie Boy|Chalino Sanchez|Chalino Sánchez & Band|Chalk FarM|Chalo Quintana|Cham|Cham|Chamaine Sylvers|The Chamanas|Chambao|Chamber Orchestra Of Europe|Chamber Orchestra Of Europe (Harnoncourt)|Chamber Orchestra Of Europe (Schneider)|The Chamber Orchestra of London|Chamber Orchestra Of St. Petersburg Philharmony|Chambers Brothers|The Chambers Brothers|Chameleon Circuit|Chameleons U.k.|Chamillionaire|Chamonix|Champ MC|Champ Rollow|Champagne|Champaign|Champion|The Champs|Champtown|Chan Daniels|Chan Kinchla|Chan Marshall|Chance|The Chance|Chance Chantry|Chance Garnette|Chance Pena|Chance Sutton|Chance the Rapper|Chancellor AKA Lil' C|Chancey Williams|Chancey Williams And The Younger Bros Band|Chand Torsvik|Chandler|Chandler Holt|Chandra Simmons|Chandra Watson|Chandrika Krishnamurthy Tandon|Chandy Lee|Chanee|Chanée & N'Evergreen|Chanel|Chanel West Coast|Chanelle|Chanelle|Chanelle|Chanelle Haynes|Chanese Jones|Chang Hee Young|Chang Min & Seul Ong|Chang Rak Kim|Chang Shilei|Chang Suu|Chang-Euen-Sook|Change|Change Of Loyalty|Changed|The Changin' Times|Changing Faces|Changing Point Church|Chanmina|Channel 2|Channel 7|Channel Light Vessel|Channel Live|Channel X|Channing Tatum|Channing Tatum/Jenna Dewan|Chano|Chano Domínguez|Chanson|Chantae Cann|Chantal Chamandy|Chantal Claret|Chantal Curtis|Chantal Kreviazuk|Chantal Pary|Chantay Savage|Chantay's|The Chantays|Chanté Moore|Chantelle|The Chantels|The Chanters|Chanticleer|Chantilly|Chanyeol|Chaos|Chaos Chaos|Chaos Tha Community Serva|The Chap|Chap Cheeze|Chap Cheezee|Chaparral Brothers|Chapel Club|Chapelle Royale|Chapi|Chapin Hartford|Chapman Square|The Chapmans|Chapter 4|Chapter 8|Chapter In Verse|Chapterhouse|Chara|Charade|Charade Featuring Norma Lewis|Charan-Po-Rantan|Charanda Band|Charanga Cakewalk|Charanga de la 4|Chargaux|Charice|Charice Pempengco|The Chariot|Charisma.Com|Charisse Arrington|Charisse Mills|Charisse Rose|Charity Tillemann-Dick|Charity Von|Charityn|Charlamagne Tha God|The Charlatans|The Charlatans UK|Charlay|Charlee|Charlee Brooks|Charlene|Charlene Gibson|Charlene Kaye|Charlene Soraia|Charles "Charming Charles" Hardy|Charles "Gator" Moore|Charles "Packy" Axton|Charles "Scoop" Allen|Charles & Eddie|Charles & Taylor|Charles Adams Prince|Charles Apollonia|Charles Aznavour|Charles Baskerville|Charles Bevel|Charles Billingsley|Charles Boyer|Charles Bradley|Charles Brimmer|Charles Brinkley|Charles Bronson|Charles Bronson/Lisa Eilbacher|Charles Bronson/Robert Duvall|Charles Brooks|Charles Brown|Charles Bruffy|Charles Burr|Charles Butler|Charles Butler & Trinity|Charles Calello|Charles Carter|Charles Clark|Charles Cook|Charles Cooper|Charles Daellenbach|Charles Davids|Charles Delaporte|Charles Dorothy|Charles Durning|Charles Dutoit|Charles Dutton|Charles Earland|Charles Esten|Charles Fambrough|Charles Fassert|Charles Fearing|Charles Fizer|Charles Fold|Charles Fold & The Charles Fold Singers|Charles Fox|Charles Frank|Charles Furney|Charles Garrett|Charles Gearheart|Charles Gerhardt|Charles Gibbs|Charles Grodin|Charles Haid|Charles Hambleton|Charles Hamilton|Charles Hodges|Charles Humphrey III|Charles Ingui|Charles Jay Edmiston|Charles Jenkins|Charles Jenkins & Fellowship Chicago|Charles Joseph|Charles Kelley|Charles Kelly|Charles Lagond|Charles Laughton|Charles Lloyd|Charles Lloyd New Quartet|Charles Louvin And Emmylou Harris|Charles Love|Charles Mann|Charles Martin Smith|Charles May|Charles May Ensemble|Charles McCloud|Charles McCormick|Charles Miller|Charles Mingus|Charles Mingus Sextet|Charles Mitchell|Charles Morris|Charles Munch|Charles Neville|Charles Nicks|Charles Olivieri-Munroe|Charles Ottavio|Charles Padro|Charles Perry|Charles Pikes|Charles Pope|Charles Porter|Charles Pott|Charles Ramsey|Charles Randolph Grean Sounde|The Charles Randolph Grean Sounde|Charles Reed|Charles Robert Curtis|Charles Rowell|Charles Rumback|Charles Sayre|Charles Schouten|Charles Smith|Charles Spearin|Charles Stanley|Charles Stepney|Charles Stodghill|Charles T. Gray|Charles Thomas|Charles Timmons|Charles Trénet|Charles Waltz|Charles Washington|Charles Watson|Charles Webber|Charles Webster|Charles Williams|Charles Wolcott|Charles Woolfork|Charles Wright|Charles Wright|Charles Wright & the Watts 103rd Street Rhythm Band|Charles Wright And The Watts 103rd Street Rhythm Band|CHARLES/CARTER|Charleston Express|Charley Ann|Charley Ann Schmutzler|Charley Drayton|Charley Hager|Charley Langer|Charley Pride|Charley White|Charli Baltimore|Charli XCX|Charlie|Charlie|Charlie|Charlie|Charlie|Charlie|Charlie "Steele" Pennachio|Charlie (dupe 1)|Charlie Alan|Charlie Allen|Charlie Allen Martin|Charlie Aponte|Charlie Babie|Charlie Baggett|Charlie Bandy|Charlie Barret|Charlie Baty|Charlie Beckham|Charlie Benante|Charlie Bisharat|Charlie Blackwell|Charlie Booth|Charlie Bradley|Charlie Brand|Charlie Brennan|Charlie Brown|Charlie Brown|Charlie Brown Jr.|Charlie Burchill|Charlie Byrd|Charlie Calello Orchestra|Charlie Cane|Charlie Casanova|Charlie Casey|Charlie Charles|Charlie Chesterman|Charlie Christian|Charlie Coe|Charlie Cole|Charlie Colin|Charlie Cruz|Charlie Daniels|Charlie Daniels Band|The Charlie Daniels Band|Charlie Darker|Charlie Day|Charlie Day/Glen Howerton|Charlie Dennis|Charlie Dominici|Charlie Donato (Sgae)|Charlie Dore|Charlie Drake|Charlie Drayton|Charlie Farley|Charlie Fink|Charlie Floyd|Charlie Foxx|Charlie G|Charlie Garriga|Charlie Gerona|Charlie Gillingham|Charlie Grantham|Charlie Grima|Charlie Grover|Charlie Haden|Charlie Haden Quartet West|Charlie Hall|Charlie Hall|Charlie Hall Band|Charlie Harcourt|Charlie Hargrett|Charlie Harrison|Charlie Hearndon|Charlie Heat|Charlie Heather|Charlie Hines|Charlie Hughes|Charlie Huhn|Charlie Hunter|Charlie Hunter Quartet|Charlie Hunter Quintet|Charlie Hunter Trio|Charlie Hutchinson|Charlie James|Charlie Kelley|Charlie Kulis|Charlie Llewellin|Charlie Looker|Charlie Louvin|Charlie Lowell|Charlie Major|Charlie Major & Kim Mitchell|Charlie Márquez|Charlie Mars|Charlie Massó|Charlie McCoy|Charlie McCoy|Charlie McCracken|Charlie McDonell|Charlie Mitchell|Charlie Musselwhite|Charlie Owen|Charlie Parker|Charlie Parr|Charlie Paulson|Charlie Peacock|Charlie Poole|Charlie Puth|Charlie Reid|Charlie Rich|Charlie Riviera|Charlie Robison|Charlie Rock|Charlie Rodriguez|Charlie Ross|Charlie Rouse|Charlie Russo|Charlie Ryan and the Timberline Riders|Charlie Scene|Charlie Schlatter|Charlie Sepulveda|Charlie Sexton|Charlie Sexton Sextet|Charlie Sheen|Charlie Sheen/Jon Cryer|Charlie Sheen/Tom Berenger|Charlie Sheen/Willem DaFoe|Charlie Simpson|Charlie Singleton|Charlie Singleton & Modern Man|Charlie Sizemore|Charlie Smith|Charlie Souza|Charlie Tahan|Charlie Thomas|Charlie Turner|Charlie Valens|Charlie Walker|Charlie Watts|Charlie Watts Orchestra|Charlie Watts Quintet|Charlie White|Charlie Whitehead|Charlie Who?|Charlie Wilson|Charlie Wilson|Charlie Wilson Featuring Robin Thicke|Charlie Winston|Charlie Worsham|Charlie Zaa|Charlize Theron|Charlize Theron/Frances McDormand|Charlize Theron/Kevin Bacon|Charlize Theron/Martin Csokas|Charlotte|Charlotte Aux Fraises|Charlotte Butler|Charlotte Caffey|Charlotte Cardin|Charlotte Cardin-Goyer|Charlotte Church|Charlotte Cooper|Charlotte Day Wilson|Charlotte Devaney|Charlotte Froom|Charlotte Gainsbourg|Charlotte Hatherley|Charlotte Jaconelli|Charlotte Kemp Muhl|Charlotte Lawrence|Charlotte Martin|Charlotte McKinnon|Charlotte Perelli|Charlotte Perrelli|Charlotte Rae|Charlotte Rampling|Charlotte Ritchie|Charlotte Russo|Charlotte Sometimes|Charlotte Wessels|Charlton Heston|Charlton Heston/Henry Fonda|Charlton Heston/Janet Leigh|Charlton Heston/Roddy McDowell|Charlton Heston/Stephen Boyd|Charlton Heston/Yul Brynner|Charly Alberti|Charly Black|Charly Coombes|Charly La Melma|Charly McClain|Charlz|Charm|Charm City Devils|Charm Farm|Charmaine|Charmaine Craig|Charme|The Charmettes|Charming Liars|Charnett Moffett|Charnissa|Charo|Charred Walls of the Damned|Chart Toppers|The Chartbusters|The Chartbusters|Charvoni|Charytin|Chas Chandler|Chas Dickie|Chas Mills|Chas Smash|Chas Trio|Chase|Chase|Chase & Status|Chase And Status|Chase And Status Featuring Tom Grennan|Chase Bryant|Chase Coy|Chase Goehring|Chase Hampton|Chase Holfelder|Chase Jenkins|Chase Kensrue|Chase Rice|Chase Ryan|Chase the Sun|Chase Webster|Chasen|Chasen Callahan|Chasin' Crazy|Chasing Abbey|Chasing Furies|Chasing Grace|Chasing Safety|Chasing Victory|Chastity Belt|Chastity Brown|Chat Churbuck|Chatham County Line|Chatmonchy|Chauncey Black|Chauncey Hannibal|Chauncey Matthews|Chauntelle DuPree|Chavela|Chavela Vargas|Chavela y su Brown Express|Chavez|Chawki|Chay|Chayanne|Chayin Rubio|Chaz|Chaz & Joi|Chaz Bundick|Chaz French|Chaz Jankel|Chaz Lindsay|Chaz Shepherd|Chaz Waltz|Chazz|Chazz Palminteri|Che Aimee Dorval|Che Colovita Lemon|Che'Nelle|Che-Fu|Cheap Girls|Cheap Trick|Cheat Codes|Cheat Codes & Dante Klein|Cheb I Sabbah|Cheb Khaled|Cheb Mami|Cheba|Checco Zalone|Cheche Abreu y los Colosos del Merengue|Check Money|Checkfield|Checkmates Ltd.|The Checkmates, Ltd.|Chedda da Connect|Chee Chee & Peppy|Chee-Chee & Peppy|Cheech & Chong|Cheech Marin|Cheek|Cheek|Cheek|Cheer Chen|Cheeta|Cheetah Girls|The Cheetah Girls|Chef Raekwon|Chef Raekwon AKA Lou Diamonds|Chef Sean|Chef'Special|Chefket|Cheito|Cheka|Chela|Chela Lora|Chelín Ortíz|Chelley|Chelo|Chelo|Chelo|Chelsea|Chelsea Bain|Chelsea Cutler|Chelsea Football Club|Chelsea Grin|Chelsea Light Moving|The Chelsea Pensioners|Chelsea Reject|Chelsea Wolfe|Chelsey Green And The Green Project|Chelsy|Chely Wright|Chema Ruiz|Chemayne Micallef|The Chemical Brothers|Chemise|Chemistry|Chemistry|Chemistry|Chemistry|Chen|Chen Chusheng|Chen Chusheng|Chen Kun|Chen Kun, Qin Hao, Wu EnTai|Chen Li|Chen Li|Chen Sisi|Chen Xiao|Chen Xiao, Yuan Shanshan|Chena|Chencho|Cheneta Jones|Cheney Brannon|Cheney Chen|Cheney Chen|Cheno Lyfe|Chenoa|Chenyu Hua|Cheo Feliciano|Cheon Dung|Chequered Past|Cher|Cher Lloyd|Cher, C. Hynde & N. Cherry W/E. Clapton|Cher/Nicolas Cage|Cherelle|Cheri|Cheri|Cheri Dennis|Cheri Keaggy|Cheri Oteri|Cherie|Cherie & Marie Currie|Cherielynn Westrich|Cherine Anderson|Cherine Nouri|Cherise|Cherish|Cherish|Cherish the Ladies|Cherisse Osei|Cherlise|Cherokee|Cherona|Cherrelle|Cherri Bomb|Cherrill Green|Cherry Cherry Boom Boom|Cherry Ghost|Cherry Glazerr|Cherry Monroe|Cherry People|Cherry Poppin' Daddies|Cherry Smith|Cherryholmes|Cherub|Cherub|Cheryl|Cheryl|Cheryl "Salt" James|Cheryl Barnes|Cheryl Barnes/Hair Soundtrack|Cheryl Bentyne|Cheryl Boyd|Cheryl Burke/Maksim Chmerkovskiy|Cheryl Cole|Cheryl Cole Featuring Tinie Tempah|Cheryl Conley|Cheryl Cooley|Cheryl D. Warder-Reeves|Cheryl Falk And The Island Choral Experience|Cheryl Fortune|Cheryl Gamble|Cheryl Handy|Cheryl Ladd|Cheryl Lescom|Cheryl Lynn|Cheryl Pepsii Riley|Cheryl Poirier|Cheryl Studer|Cheryl Thomas|Cheryl Tweedy|Cheryl Wheeler|Cheryl White|Ches Smith|Chesney Hawkes|Chester Bennington|Chester D.T. Baldwin|Chester D.T. Baldwin & Music Ministry Mass|Chester French|Chester Lester|Chester See|Chester See, KevJumba, Ryan Higa|Chester Thompson|Chestnut Brass Company|The Chestnut Brothers|Chet Atkins|Chet Baker|Chet Catallo|Chet Faker|Chet Huntley & David Brinkley|Chet McCracken|Chet Porter|Chet Taylor|Chet Washington|Chetes|Chevelle|Chevelle|Chevelle Franklin|Chevelle Franklyn|Chevelles|The Chevin|Chevy Chase|Chevy Chase/Beverly D'Angelo|Chevy Chase/Chris Elliott|Chevy Chase/Hal Holbrook|Chevy Chase/Joe Don Baker|Chevy Chase/Rodney Dangerfield|Chevy Chase/Sigourney Weaver|Chevy Woods|Cheyenne "Poppa" Harrell|Cheyenne Elliott|Cheyenne Jackson|Cheyenne Kimball|Cheyenne Toney|Cheyne|Cheyne (dupe 1)|Cheyne Coates|Cheyo Carrillo|Chhom Nimol|Chi|Chi|Chi "Ky" Fukami Taylor|Chi Cheng|Chi Chi|Chi Coltrane|Chi-Ali|Chi-Lites|The Chi-Lites|Chia Karaoke Arens|Chiaki Ishikawa|Chiara|Chiara|Chiara Civello|Chiara Grispo|Chiara String Quartet|Chiaraluna|Chibi|Chic|Chicago|Chicago Bears Shufflin' Crew|The Chicago Bears Shufflin' Crew|Chicago Blackhawks|Chicago Blues Reunion|Chicago C.O.G.I.C. Choir First Jurisdiction|Chicago Children's Choir|Chicago Combined|Chicago Community Choir|Chicago Mass Choir|Chicago Symphony & Chorus (Schenck)|Chicago Symphony & Chorus (Tilson Thomas)|Chicago Symphony (Bernstein)|Chicago Symphony (Jarvi)|Chicago Symphony (Levine)|Chicago Symphony Chorus|Chicago Symphony Orchestra|Chicago Symphony Orchestra (Barenboim)|Chicago Symphony Orchestra (Solti)|Chicago Symphony Orchestra Brass|Chicago Underground Duo|Chicane|Chicane Featuring Mason|Chicano Batman|Chicha Libre|Chichi Peralta|Chichi Peralta + Son Familia|Chick & His Hot Rods|Chick Churchill|Chick Corea|The Chick Corea New Trio|Chick Corea Trio|Chick James|Chick Vennera|Chicken Lips|Chicken Soup For The Little Soul|Chickenfoot|Chicks On Speed|Chico|Chico|Chico|Chico|Chico & Coolwadda|Chico Brown|Chico Buarque|Chico Castillo|Chico Castillo The Gipsy|Chico Che|Chico DeBarge|Chico Edwards|Chico Greenwood|Chico Hamilton|Chico Holiday|Chico Ryan|CHiCO with Honey Works|Chicory|Chicos de Barrio|Chid|Chiddy|Chiddy Bang|Chidinho E Doca|Chief Keef|Chief Xcel|The Chieftains|Chieli Minucci|Chieli Minucci & Special EFX|Chietains|The Chiffons|Chigualito|Chiharu|Chiharu Matsuyama|Chiharu Tamashiro|Chihiro|Chikamelina|Chiko|Chiko Swagg|Chikuzen Sato|Childish Gambino|ChildLiners|Children 18:3|Children of Alice|Children of Bodom|Children of Distance|Children's Choir|Children's Chorus Of Greater Dallas|Children's Favorites|Chili Hi Fly|Chill|Chill Factor|Chill MC|Chill Pill Dancers|The Chill Pill Dancers|Chill Rob G|Chill Rob G.|Chilla|Chilldrin of Da Ghetto|Chille' Baby|Chilli|Chilli Jenson|Chilliwack|The Chills|Chilltown|Chilly|Chilly Gonzales|Chilly Phatz|Chimaira|Chimamanda Ngozi Adichie|Chimene Badi|The Chimes|The Chimes|The Chimes|The Chimes|Chin Injeti|China Angel|China Anne McClain|China Black|China Crisis|China Dolls|China Forbes|China McClain|Chinese Puzzle|Chingo Bling|Chingy|Chink Santana|Chino|Chino & Nacho|Chino Moreno|Chino Nino|Chino XL|Chinook|Chinx|Chinx Drugz|Chiodos|Chip|Chip|Chip Chocolate|Chip Davis|Chip Douglas|Chip E.|Chip Fu|Chip Gaines|Chip Kilpatrick|Chip McAllister|Chip Shelby|Chip Taylor|Chip Taylor & The New Ukrainians|Chip Young|Chip Znuff|Chip-Man & The Buckwheat Boys|The Chipettes|Chipmunk|The Chipmunks|Chippendale's Men|Chipz|Chiquis|Chiquis Rivera|Chiquititas|Chiquito Team Band|Chisato Murakami|Chise Kanna|Chisu|Chita Rivera|Chitaozinho|Chitose Hajime|Chiwetel Ejiofor|Chiwetel Ejiofor/Audrey Tautou|Chiwetel Ejiofor/Tim Allen|Chiwoniso|Chiyohood|Chiyoko Shimakura|Chiyuki Asami|Chizad|Chk Chk Chk|Chloe|Chloé|Chloe|Chloe & Halle|Chloe Angelides|Chloe Breault|Chloe Day|Chloe Er|Chloe Er|Chloe Er|Chloe Hanslip|Chloe Howl|Chloe Kohanski|Chloe Lattanzi|Chloe Lilac|Chloe Sainte-Marie|Chloe Sevigny|Chloe Webb|Chloe X Halle|Chloe Zhao|Cho Eun|Cho Kyu-Chan|Choc Quib Town|Choclair|Choclatt|Choco Orta|Chocolat|Chocolate|Chocolate Bandit|Chocolate Box|Chocolate Milk|Chocolate Puma|Chocolate Puma & Firebeatz|Chocolate Syrup|Chocolate Tai|Chocolate Ty|The Chocolate Watchband|Chocolette|ChocQuibTown|Choeur De Radio France|Choi Seung Hyun|Choice|Choice Four|The Choice Four|Choice M.C.'s Featuring Fresh Gordon|Choice MC's|The Choir|The Choir|The Choir|Choir Boyz|Choir Of Clare Collage Cambridge|Choir Of Eltham College|Choir Of New College|Choir Of The Abbey At Regina|Choir Of Westminster Abbey|Choirboys|The Choirboys|Chole Webb|Chon|Chon|Chon Arauza|Chon Arauza Y La Furia Colombiana|Chonda Pierce|Choobakka|Chop N' Chan|Chopmaster J|Choppa|Chopper Franklin|Chopper XXL|Chops|Chops Turner|Chopstick & Spoiled|Choque|Chor Der Bayerischen Staatsoper|Chor Der Hoffnung|Chor des Bayerischen Rundfunks|Chor Deu Bayerisches Staatsorchester|Choral Arts Initiative|Choral Arts Society Of Washington|Chorale Le Chateau|Chord Overstreet|The Chordettes|Chorovaya Akademia|Chorus Of St Martin In The Fields|Chorus Of The Teatro Alla Scala Di Milano|Chosen|Chosen Few|Chosen Few Urbano|ChoShinSung|Choucho|Choushinsei|Chow Yun Fat/Gong Li|Chow Yun-Fat|Chow Yun-Fat/Michelle Yeoh|Chow Yun-Fat/Mira Sorvino|Chow Yun-Fat/Tony Leung|Chow Yun-Sat|Chozen|Chresten|Chrigel Bosshard|Chrigel Glanzmann|Chris|Chris "DJ" Kilmore|Chris "Fields" Wheatcroft|Chris "Houston" Hughes|Chris "The Glove" Taylor|Chris "The Greek" Panaghi|Chris "Witchhunter" Dudek|Chris #2|Chris & Kyle With True Spirit|Chris & Lenny|Chris Abbondanza|Chris Abrahams|Chris Acland|Chris Adler|Chris Aiken|Chris Albert|Chris Alfinez|Chris Amato|Chris Amoo|Chris and Conrad|Chris Anderson|Chris Anderson|Chris Andrews|Chris Ardoin|Chris Arena|Chris August|Chris Austin|Chris Bailey|Chris Baio|Chris Baird|Chris Baker|Chris Ballew|Chris Ballinger|Chris Bandi|Chris Barber's Jazz Band|Chris Barnes|Chris Barrington|Chris Barron|Chris Bartlett|Chris Bartley|Chris Batten|Chris Bauermeister|Chris Beattie|Chris Beaty|Chris Bell|Chris Bell|Chris Bender|Chris Benoit|Chris Bess|Chris Bevins|Chris Birkin|Chris Blair|Chris Blue|Chris Boardman|Chris Boltendahl|Chris Boomer|Chris Bostock|Chris Botti|Chris Brandt|Chris Brann|Chris Brantley|Chris Britton|Chris Broach|Chris Brochu|Chris Broderick|Chris Brown|Chris Brown|Chris Brown|Chris Brown|Chris Brown|Chris Brown|Chris Brown|Chris Brown|Chris Brown|Chris Brown|Chris Brown Featuring Lil Wayne & French Montana Or Too $hort Or Tyga|Chris Browne|Chris Buck Band|Chris Buck Band featuring Kira Isabella|Chris Burney|Chris Bush|Chris Butler|Chris Byrd|Chris Byrd & True Victory|Chris Byrne|Chris Byrne|Chris Byrnes|Chris Cacavas|Chris Caffery|Chris Cagle|Chris Cain|Chris Campbell|Chris Cappelli|Chris Carbonell|Chris Cargile|Chris Carmack|Chris Carney|Chris Carrabba|Chris Carter|Chris Cartier|Chris Casino|Chris Cassone|Chris Cauley|Chris Ceruli|Chris Cester|Chris Chaney|Chris Chasse|Chris Cheney|Chris Chew|Chris Chinchilla|Chris Chitsey|Chris Christian|Chris Chryssaphis|Chris Chu|Chris Clark|Chris Classic|Chris Clonts|Chris Cobbins|Chris Cohen|Chris Colbourn|Chris Cole|Chris Colfer|Chris Collingwood|Chris Collins|Chris Columbo Quintet|Chris Conley|Chris Connelly|Chris Cooper/Ryan Phillippe|Chris Copping|Chris Cornell|Chris Corner|Chris Cortes|Chris Cowley|Chris Cox|Chris Cox|Chris Cox Vs. Happy Clappers|Chris Coyne|Chris Cresswell|Chris Crippin|Chris Cron|Chris Cronauer|Chris Crosby|Chris Cross|Chris Crutchfield|Chris Cuevas|Chris Culos|Chris Cummings|Chris Cunningham|Chris Curtis|Chris Cutler|Chris D'Elia|Chris Dabaldo|Chris Daly|Chris Dangerous|Chris Darrow|Chris Daughtry|Chris Day|Chris de Burgh|Chris Dedrick|Chris DeGarmo|Chris Demakes|Chris Depew|Chris Dickerson|Chris Difford|Chris Dodge|Chris Donald|Chris Donathon|Chris Dowd|Chris Dreja|Chris Duarte|Chris Duarte Group|The Chris Duarte Group|Chris Duffy|Chris Duran|Chris Duros|Chris Eacrett|Chris Early|Chris East|Chris Eaton|Chris Eccleston|Chris Edwards|Chris Egan III|Chris Eigeman|Chris Eldridge|Chris Elliott|Chris Ellul|Chris Emerson|Chris Envy|Chris Estes|Chris Etherington|Chris Ethridge|Chris Evans|Chris Evans/Scarlett Johansson|Chris Evenson|Chris Fafalios|Chris Faller|Chris Farley|Chris Farren|Chris Farren|Chris Fedun|Chris Fehn|Chris Fitzgerald|Chris Flippin|Chris Forde|Chris Foreman|Chris Foreman|Chris Fox|Chris Franck|Chris Frantisak|Chris Frantz|Chris Freeman|Chris Freytag|Chris Fry|Chris Funk|Chris Furrh|Chris Garza|Chris Gaylor|Chris Geddes|Chris Geith|Chris Gent|Chris Gethard|Chris Gibson|Chris Goldfinger|Chris Gonzales|Chris Gonzalez|Chris Gorman|Chris Goss|Chris Götte|Chris Gray|Chris Gray|Chris Gray|Chris Greene|Chris Groothuizen|Chris Guetig|Chris Guglielmo|Chris Gunst|Chris Hadfield|Chris Haikus|Chris Hainey|Chris Hakius|Chris Hamilton|Chris Handsome|Chris Hannah|Chris Hanners|Chris Hardwick|Chris Hargrove|Chris Harris|Chris Hart|Chris Hart|Chris Hartman|Chris Haskett|Chris Hatfield|Chris Hawkey|Chris Hayes|Chris Head|Chris Healings|Chris Hemsworth|Chris Henderson|Chris Henderson|Chris Henry|Chris Herbert|Chris Hesse|Chris Hicks|Chris Higbee|Chris Higdon|Chris Hill|Chris Hillman|Chris Hines|Chris Hobbs|Chris Hodge|Chris Holland|Chris Holmes|Chris Holsten|Chris Hooper|Chris Hordijk|Chris Hornbrook|Chris Houck|Chris House|Chris Howland|Chris Howorth|Chris Hrasky|Chris Huffman|Chris Hughes|Chris Hughes|Chris Isaak|Chris Isaak & Michael Buble|Chris J|Chris James|Chris Jamison|Chris Jamison|Chris Janson|Chris Jasper|Chris Jay|Chris Jay|Chris Jeday|Chris Jericho|Chris Joannou|Chris Johnson|Chris Johnson|Chris Johnstone|Chris Jones|Chris Jones|Chris Jones & The Night Drivers|Chris Joss|Chris Joyce|Chris Judge Smith|Chris Jylkke|Chris Kaeser|Chris Kamrada|Chris Karlsson|Chris Kasper|Chris Kattan|Chris Kavanagh|Chris Keating|Chris Kells|Chris Kenner|Chris Kimbell|Chris Kirkpatrick|Chris Klein/Leelee Sobieski|Chris Klein/Rebecca Romijn-Stamos|Chris Knapp|Chris Knight|Chris Kuti|Chris Lago|Chris Lake|Chris Lane|Chris Lane|Chris Lane|Chris Lang|Chris Laurence|Chris Layhe|Chris Layton|Chris LeDoux|Chris Lee|Chris Lee|Chris Lee|Chris Lee|Chris Lee|Chris Lee|Chris Lee|Chris Lee|Chris Lee|Chris Lee|Chris Lee|Chris Lee|Chris Lee|Chris Lee|Chris Lee|Chris Lee-Mountains May Depart|Chris Lemp|Chris Letcher|Chris Letchford|Chris Lewis|Chris Lightcap|Chris Lilley|Chris Lindsey|Chris Lockwood|Chris Lowe|Chris Maitland|Chris Makepeace|Chris Malinchak|Chris Mann|Chris Mann|Chris Manning|Chris Marion|Chris Mars|Chris Martin|Chris Masterson|Chris McCann|Chris McCarron|Chris McCaughan|Chris McClarney|Chris McDaniel|Chris McDaniel|Chris McDonogh|Chris McGregor|Chris McGuire|Chris McHugh|Chris McLernon [Bass]|Chris McMillan|Chris McNeill|Chris Medina|Chris Mercer|Chris Michell|Chris Miles|Chris Mileski|Chris Miller|Chris Molla|Chris Montan|Chris Montan With Lauren Wood|Chris Montez|Chris Moon|Chris Morris|Chris Mortimore|Chris Moutas|Chris Moyles|Chris Mulkey|Chris Murphy|Chris Neill|Chris Nolan|Chris Norman|Chris Notez|Chris Null|Chris O'Connell|Chris O'Connor|Chris O'Donnell|Chris O'Donnell/Renee Zellweger|Chris O'Donnell/Robin Tunney|Chris Ortega|Chris Pandolfi|Chris Pangallo|Chris Park|Chris Parnell|Chris Paszik|Chris Pati|Chris Pati & Blufire|Chris Pazsik|Chris Peat|Chris Peck|Chris Pedersen|Chris Pedrick|Chris Peevy|Chris Pennie|Chris Pérez|Chris Perez Band|Chris Peterson|Chris Phillips|Chris Pine|Chris Pittman|Chris Pohl|Chris Poland|Chris Poole|Chris Porter|Chris Potter|Chris Potter Underground Orchestra|Chris Poulsen|Chris Poulson|Chris Powell|Chris Powell|Chris Pratt|Chris Preece|Chris Principe|Chris Profeta|Chris Profitt|Chris Prohom|Chris Prolls|Chris Puma|Chris Pureka|Chris Quilala|Chris Ramos|Chris Rawson|Chris Rea|Chris Reifert|Chris Rene|Chris Rest|Chris Reynolds|Chris Rhodes|Chris Rhyme|Chris Rice|Chris Richards|Chris Richardson|Chris Ricso|Chris Risola|Chris Roberts|Chris Robertson|Chris Robinson|The Chris Robinson Brotherhood|Chris Robison|Chris Robyn|Chris Rock|Chris Rock/Bernie Mac|Chris Rock/Kerry Washington|Chris Rogner|Chris Rohman|Chris Ross|Chris Rowan|Chris Rubey|Chris Russell|Chris Rybicki|Chris Rye|Chris Sachtleben|Chris Sallen|Chris Sanders|Chris Sarandon|Chris Schelske|Chris Schlotzhauer|Chris Scianni|Chris Seligman|Chris Sellers|Chris Senior|Chris Sharrock|Chris Sheets|Chris Shiflett|Chris Shiflett & the Dead Peasants|Chris Shinn|Chris Shucosky|Chris Siemons|Chris Simpson|Chris Skornia|Chris Slade|Chris Sligh|Chris Slusarenko|Chris Smither|Chris Solberg|Chris Sorensen|Chris Sorenson|Chris Soucy|Chris Soul|Chris Spedding|Chris Spheeris|Chris Spicuzza|Chris Squire|Chris Staehely|Chris Stamey|Chris Standring|Chris Stapleton|Chris Stapleton (dupe 1)|Chris Steele|Chris Steffer|Chris Steffler|Chris Stein|Chris Stewart|Chris Stickney|Chris Storey|Chris Strauser|Chris Stroffolino|Chris Summers|Chris Sutor|Chris Talbot|Chris Taylor|Chris Thatcher|Chris Theberge|Chris Thile|Chris Thomas King|Chris Thompson|Chris Thompson|Chris Thomson|Chris Tomlin|Chris Tordini|Chris Towning|Chris Trapper|Chris Travis|Chris Traynor|Chris Trombley|Chris Tsagakis|Chris Tucker|Chris Turner|Chris Urbanowicz|Chris Urbina|Chris Vachon|Chris Vallillo|Chris Vandahl|Chris Volz|Chris Von Rohr|Chris Wagner|Chris Walker|Chris Walker|Chris Wall|Chris Walla|Chris Wallace|Chris Ward|Chris Warhammer Cardinal|Chris Warnes|Chris Waters|Chris Watt|Chris Weaver Band|Chris Webby|Chris Welsh|Chris West|Chris White|Chris Whitley|Chris Whitten|Chris Willis|Chris Wilson|Chris Wilson|Chris Wilson|Chris Wink|Chris Wojtal|Chris Wolf|Chris Wollard|Chris Wolstenholme|Chris Wong Won|Chris Wood|Chris Wood|Chris Worley|Chris Wyse|Chris X.|Chris Xefos|Chris Yates|Chris York|Chris York|Chris Youlden|Chris Young|Chris Young|Chris Yukine (Ayahi Takagaki)|Chrisette Michele|Chrisostomos Karantoniou|Chrissie Fit|Chrissie Hammond|Chrissie Hynde|Chrissy I-Eece|Christ Fellowship Worship|Christ For The Nations Institute|Christ For The Nations Worship|Christ Gang|Christ Tabernacle Choir|Christ Tabernacle Choir (dupe 1)|Christa Denton|Christa Hillhouse|Christa Ludwig|Christafari|Christawn|Christel Alsos|Christelle|Christer Engen|Christer Sjögren|Christian|Christian Akridge|Christian Älvestam|Christian Amby|Christian Bale|Christian Bale/Cate Blanchett|Christian Bale/Emily Watson|Christian Bale/Michael Caine|Christian Bale/Steve Zahn|Christian Bale/Willem Dafoe|Christian Beadles|Christian Berishaj|Christian Bland|Christian Blüm|Christian Bob|Christian Brais|Christian Brons|Christian Burghardt|Christian Burns|Christian Cage|Christian Castro|Christian Chavez|Christian Climer|Christian Colon Rolon|Christian Cuevas|Christian Daniel|Christian Davis|Christian DeRoeck|Christian Durstewitz|Christian Dwiggins|Christian Falk|Christian Finnegan|Christian Fleps|Christian Frederickson|Christian Fuhrer|Christian George|Christian Gerhaher|Christian Giesler|Christian Guerrero|Christian Hartje|Christian Hudson|Christian Jacob|Christian Jacobs|Christian Jankowski|Christian Kane|Christian Lewis|Christian Lindberg|Christian Lindskog|Christian Linke|Christian Lukhaup|Christian Marc|Christian Mazzalai|Christian McAlhaney|Christian McBride|Christian McBride Big Band|Christian McBride Big Band|Christian McBride Trio|Christian Nakata|Christian Nava|Christian Neander|Christian Nodal|Christian Olde Wolbers|Christian Pagán|Christian Payton/Charles Malik Whitfield|Christian Porter|Christian Prommer's Drumlesson|Christian Puga Y Los Ladrnes Sueltos|Christian Rich|Christian Richard Jacobs|Christian Royer|Christian Rudder|Christian Schmitt|Christian Scott|Christian Scott aTunde Adjuah|Christian Slater|Christian Slater/Patricia Arquette|Christian Spicer|Christian Stone|Christian Tanna|Christian Tetzlaff|Christian Tetzlaff|Christian Thielemann|Christian Walz|Christian Wargo|Christian Zacharias|Christian-Marc|Christian-Marc Gendron|The Christianaires|Christiane Edinger|Christiane Karg|Christianne Stotijn|Christiano Jordano|Christiano Mozzati|The Christians|Christie|Christie Brinkley|Christie Dashiell|Christina|Christina|Christina & Michelle Naughton|Christina Aguilera|Christina Amphlett|Christina Applegate|Christina Applegate/Jennifer Esposito|Christina Branco|Christina Cox|Christina Day Martinson|Christina Grimmie|Christina Lynne Cimorelli|Christina Metaxa|Christina Milian|Christina Novelli|Christina Pazsitsky|Christina Perri|Christina Pluha|Christina Ricci|Christina Ricci/Bill Pullman|Christina Ricci/James McAvoy|Christina Sanchez|Christina Skaar|Christina Stürmer|Christine|Christine|Christine and the Queens|Christine Brewer|Christine D'clario|Christine Dente|Christine Ebersole|Christine Lahti|Christine McGuire|Christine McVie|Christine Milton|Christine Moore|Christine Padua|Christine Quaite|Christine Reeves|Christine Saade|Christine Schafer|Christine Storm|Christine Wiltshire|Christión|Christmas|Christmas|Christmas|Christmas Music|Christmas Music Piano Guys|Christofer Drew|Christofer Johnsson|Christofer Welter|Christoffer Hiding|Christon Gray|Christon Ingram|Christoph "Doom" Schneider|Christoph Andersson|Christoph Brandner|Christoph Eschenbach|Christoph H. Müller|Christoph Maria Herbst|Christoph Poppen|Christoph Schneider|Christoph Tettinger|Christoph Waltz|Christophe|Christophe|Christophe Beck|Christophe Chagnard|Christophe Hetier|Christophe Léonard|Christophe Maé|Christophe Mali|Christophe Rousset|Christophe Strotz|Christophe Willem|Christopher|Christopher|Christopher|Christopher|Christopher "Chree" Conger|Christopher Amott|Christopher Atkins|Christopher Augustine|Christopher Barnes|Christopher Bear|Christopher Bell|Christopher Bowers-Broadbent|Christopher Brellochs|Christopher Brinson|The Christopher Brothers|Christopher Brown|Christopher Burke|Christopher Collet|Christopher Cooper|Christopher Crisci|Christopher Cross|Christopher Dalyrimple|Christopher Daniels|Christopher Day|Christopher Dudley|Christopher Dylan Herbert|Christopher Eccleston|Christopher Eccleston/Billie Piper|Christopher Emery|Christopher Emmons|Christopher Franke|Christopher Gillett|Christopher Gorham/Anne Hathaway|Christopher Guanlao|Christopher Guest|Christopher Guest/Michael McKean|Christopher Hall|Christopher Hancock|Christopher Hogwood|Christopher Hollyday|Christopher Hooker|Christopher Hrasky|Christopher Jackson|Christopher Jacobson|Christopher James Gordon|Christopher Karloff|Christopher Kleinberg|Christopher L. Gray|Christopher Lairmore|Christopher Lambert|Christopher Lambert/Mario Van Peebles|Christopher Lambert/Sean Connery|Christopher Lee|Christopher Leigh|Christopher Levesque|Christopher Lewis|Christopher Lloyd|Christopher Lloyd Hayden|Christopher Maltman|Christopher Martin|Christopher Martin|Christopher Max|Christopher Mcdaniels|Christopher McDonald|Christopher Meloni/Mariska Hargitay|Christopher Merritt|Christopher Meyers|Christopher Michael|Christopher Mintz-Plasse|Christopher Mitchum|Christopher North|Christopher O'Riley|Christopher Osegueda|Christopher Owens|Christopher Parkening|Christopher Parkening/David Brandon|Christopher Paul And Shawn|Christopher Paul Stelling|Christopher Pearson|Christopher Penn|Christopher Plummer|Christopher Purves|Christopher R. Weingarten|Christopher Reece|Christopher Reeve|Christopher Reeve/Gene Hackman|Christopher Reeve/Gene Hackman (dupe 1)|Christopher Reeve/Richard Pryor|Christopher Rich|Christopher Roysset|Christopher Ruff|Christopher Ryan|Christopher Scott|Christopher Seaman|Christopher Sprague|Christopher Thomas|Christopher Thorn|Christopher Tin|Christopher Titus|Christopher Trigg|Christopher Trousdale|Christopher Trousdale|Christopher Uckermann|Christopher von Deylen|Christopher von Uckermann|Christopher Walken|Christopher Walken/Martin Sheen|Christopher Walla|Christopher Warren-Green|Christopher Wells|Christopher West|Christopher Wilde|Christopher Williams|Christopher Wren|Christos Cholidis|Christos Dantis|Christos Menidiatis|Christos Nikolopoulos|Christos Ninios|Christos P.|Christos Thivaios|Christos Tsantilis|Christy Angeletti|Christy Carlson Romano|Christy Dignam|Christy Forester|Christy Lane|Christy McWilson|Christy Moore|Christy Nockels|Christy Stewart|Christy Sutherland|Chriz Van Jaarsveld|Chrizzo & Maxim|Chrizzo & Maxim Featuring Amanda Wilson|Chromatics|Chrome|Chrome Cats|Chrome Sparks|Chromeo|Chron|Chronic Future|Chronixx|Chrysalis|Chrystal Rucker|Chrystian|ChTr|Chu|Chubb Rock|Chubbie|Chubbie Baby|Chubby C|Chubby C & OD|Chubby Carrier & The Bayou Swamp Band|Chubby Checker|Chubby Chub|Chubby Wise|The Chubukos|Chucho Avellanet|Chucho Flash|Chucho Navarro|Chucho Valdés|Chuck -N- Blood|Chuck Armstrong|Chuck Askerneese|Chuck Barksdale|Chuck Behler|Chuck Berghofer|Chuck Bernard|Chuck Berry|Chuck Billy|Chuck Biscuits|Chuck Bittner|Chuck Blasko|Chuck Bonfante|Chuck Bouley|Chuck Brown|Chuck Brown|Chuck Brown & the Soul Searchers|Chuck Burgi|Chuck Campbell|Chuck Carroll|Chuck Carter|Chuck Cissel|Chuck Cissel And Marva King|Chuck Cleaver|Chuck Comeau|Chuck Conlon|Chuck Crawford|Chuck D|Chuck Fay|Chuck Findley|Chuck Garrison|Chuck Garvey|Chuck Girard|Chuck Glaser|Chuck Greenberg|Chuck Howard|Chuck Inglish|Chuck Jackson|Chuck Jackson & Maxine Brown|Chuck Jones|Chuck Jonkey|Chuck Kirkpatrick|Chuck Knuckles|Chuck Kraus|Chuck Leavell|Chuck LeGros|Chuck Liddell|Chuck Loeb|Chuck Mangione|Chuck Mead|Chuck Mitchell|Chuck Mosley|Chuck Murphy|Chuck Murphy|Chuck N Blood|Chuck Negron|Chuck Norris|Chuck Overton|Chuck Panozzo|Chuck Platt|Chuck Pollard|Chuck Portz|Chuck Price|Chuck Prophet|Chuck Pyle|Chuck Ragan|Chuck Rainey|Chuck Riggs|Chuck Rio|Chuck Robertson|Chuck Schuldiner|Chuck Smooth|Chuck Soumar|Chuck Stanley|Chuck Steaks|Chuck Tharp|Chuck Tilley|Chuck Wagon|Chuck Wagon & the Wheels|Chuck Wagon And The Wheels|Chuck Whittington|Chuck Wicks|Chuck Wild|Chuck Willis|Chuck Wilson|Chuck Winfield|Chuck Woolery|Chuck Wright|Chuck Wyatt|Chuck20|Chuckie|Chuckie Duff|Chuckii Booker|Chuckle Butt|Chucklebutt|Chum|Chum|Chum The Skrilla Guerilla|Chumbawamba|Chunda Munki|Chunk|Chunk! No, Captain Chunk!|Chunky|Chunky A|Chupacabra|Church|The Church|The Church Choir|Church of Rhythm|Churchill|Chus & Ceballos|Chute|Chuy Lizarraga|Chuy Lizarraga y Su Banda Tierra Sinaloense|Chuy Lizárraga y Su Banda Tierra Sinaloense|Chuy Quintanilla|Chuy Vega|Chuy Vega Y Los Nuevos Cadetes|Chvrches|Chyi Chin|Chymes|Chyna Red|Chyna Ro|Chyna Whyte|Chynna|Chynna & Vaughan|Chynna Phillips|Chyno Miranda|Chyno Nyno|Ci Ci|CIA Berg|Cia Leigh Cherryholmes|Ciacomo Voli|Cian Ciárán|Ciao Bella Cinquetti|Ciara|Ciarán Bourke|Ciarán Brennan|Ciarán Curran|Ciaran Hinds|Ciaran Jeremiah|Ciaran McLaughlin|Ciarán Tourish|Cibelle|Cibo Matto|Cicada|Cici Hong|Cici Hong|Ciclon|Cico|Cid|CID & Kaskade|Cider Sky|Cidergirl|Cidinho & Doca|Cielo Azul|Cierra Sample|Cigarettes After Sex|Cilla Black|Cilla Fisher|Cillian Murphy/Naomie Harris|Cilver|Cimo Frankel|Cimorelli|Cincinnati Pops Orchestra|Cincinnati Reds|Cincinnati Symphony Orchestra|Cinco De Mayo Celebration|Cinco de Mayo Celebration (dupe 1)|Cinder|Cinder Road|Cinderella|Cinderella|Cinderella|Cinderella Pussy|Cindi Alter|Cindy Alexander|Cindy And Roy|Cindy Birdsong|Cindy Bradley|Cindy Bullens|Cindy Cashdollar|Cindy Crawford|Cindy Cruse Ratcliff|Cindy Cruse-Ratcliff|Cindy Daniel|Cindy Daniel Avec Marc Dupre|Cindy Diane|Cindy Herron|Cindy Hurt|Cindy Mizelle|Cindy Morgan|Cindy Nixon|Cindy Valentine|Cindy Williams|Cindy Wilson|The Cinema|Cinema 2|Cinema Bizarre|Cinema Staff|Cinema2|The Cinematic Orchestra|Cinematic Pop|Cinematic Sunrise|Cinematics|Cinque|Cipha Sounds|Ciquittas|Cir.Cuz|Circ|Circa Survive|Circa Waves|Circa Zero|Circharles|CIRCLE CHILDREN|Circle Of Contempt|Circle of Dust|Circles Around the Sun|Circuit|Circuit Boy|Circuits|Circus|Circus Maximus|Circus Maximus|Circus of Power|CircusP|Ciro Palma|Cirolo|Cirque du Soleil|Cirrus|Cisco Adler|Cisilia|Cissy Houston|Cistercian Monks of Stift Heiligenkreuz|Cities & Saints|Cities Aviv|Citispeak|Citizen|Citizen Cope|Citizen Dick|Citizen Four|Citizen King|Citizen Way|Citizen Zero|Citizens|Citizens & Saints|Citrus Sun|City|City|City and Colour|City Boi|City Boy|City Harbor|The City Harmonic|City High|City in the Sea|City Lights|City Of Birmingham Symphony (Rattle)|City Of Birmingham Symphony Orchestra|The City of Caterpillar|City of Enoch|City Of London Symphonia (Rutter)|City of Prague Philharmonic Orchestra|The City of Prague Philharmonica Orchestra|City of the Sun|City Sleeps|City Spud|Citybois|CityHope Worship|CityWorship|CIV|Civil Twilight|The Civil Wars|Civilian|Civilian|Cixi|CJ|CJ Alderson|CJ Fly|CJ Hilton|CJ Jeff|CJ Jeff|CJ Lewis|CJ Mac|CJ Solar|CJ Szuter|Ck9c|CKNY|CKOI featuring 2Freres|CKY|CL|CL|Clã|Claas Brieler|Clabh|Clair Hicks And Love Exchange|Claire|Claire Danes|Claire Danes/Diane Keaton|Claire Danes/Michelle Pfeiffer|Claire Danes/Toni Collette|Claire Evans|Claire Guo|Claire Hamilton|Claire Higgins|Claire Hirst|Claire Holt|Claire Jones|Claire Lawrence|Claire Lynch|The Claire Lynch Band|Claire Pelletier|Claire Rasa|Claire Richards|Claire Ridgely|Claire van Kampen|Clairity|Clairmont the Second|Clairy Browne|Clairy Browne & the Bangin' Rackettes|Clammbon|Clams Casino|Clan of Xymox|The Clancy Brothers|The Clancy Brothers & Tommy Makem|Clancy Brown/Nick Stahl|Clandestine|ClanDestino|Clandestino X Yailemm|Clannad|Clap Your Hands Say Yeah|Claptone|Clara|Clara Chocolat|Clara Hill|Clara Lofaro|Clara Mae|Clara Morgane|Clara Osowski|Clara Sofie|Clara van Wel|Clara Ward Singers|Clare Bathe|Clare Bowen|Clare Danes/Bess Armstrong|Clare Danes/KateBeckinsale|Clare Dunn|Clare Higgins|Clare Maguire|Clare Quilty|Clare Wallace|Clarence "Fuzzy" Haskins|Clarence "Gatemouth" Brown|Clarence "Satch" Satchell|Clarence Ashe|Clarence Bassett|Clarence Burke, Jr.|Clarence Carter|Clarence Carter|Clarence Clemons|Clarence Coffee Jr.|Clarence Collins|Clarence Dawson|Clarence E. Quick|Clarence Fountain|Clarence Fountain And The Blind Boys of Alabama|Clarence Greenwood|Clarence Henry|Clarence Jackson|Clarence Johnson|Clarence Penn|Clarence Reid|Clarence Rigsby|Clarence Treat|Clarence Vaughn|Clarence White|Clarence Williams III|Clarence Willis|Clarice Jensen|ClariS|Claris x Garnidelia|Clarissa Serna|Clarity|Clark|Clark|Clark Baechle|Clark Beckham|The Clark Brothers|The Clark Brothers|Clark Datchler|Clark Domae|Clark Duke|The Clark Family Experience|Clark Gable|Clark Gable/Vivien Leigh|Clark Harrison|Clark Johnson|Clark Kent|Clark Leake|Clark Manson|Clark N Benaham|Clark Perry|Clark Rundell|The Clark Sisters|Clark Sommers|Clark Vogeler|Clark Westfield|Clarke Foley|The Clarks|Claron McFadden|Clas Nachmanson|The Clash|Clasicom|Class 2000|Class Action|Class Actress|Class Of '55|Class of '99|The Classic Crime|Classic Example|Classic Pak|Classic Sullivans|Classical Jazz Quartet|Classical Kids|Classical Lullabies|Classical Pops Orchestra|The Classics|Classics IV|Classics IV & Dennis Yost|Classics IV/Dennis Yost|Classificados|Classified|Classified|Classified Featuring B.O.B|Classified Featuring Snoop Dogg|Classix Novveax|Classixx|Classixx|Claude "Fiddler" Williams|Claude Akins|Claude Bégin|Claude Bernard|Claude Bolling|Claude Bolling & Jean-Pierre Rampal|Claude Cave|Claude Chalhoub|Claude Challe|Claude Coleman, Jr.|Claude Debussy|Claude Desjardins|Claude Deuce|Claude Dubois|Claude Dubois & Corneille|Claude Dubois & Francis Cabrel|Claude Dubois & Lynda Lemay|Claude Dubois & Natasha St. Pier|Claude Gray|Claude Gray And Norma Jean|Claude Hay|Claude Hopper|Claude Jefferson|Claude Johnson|Claude King|Claude Lehenaff|Claude McRae|Claude Morrison|Claude Rains|Claude Schnell|Claude V. McKnight III|Claudette Colbert|Claudette Ortiz|Claudette Robinson|Claudia|Claudia Acuña|Claudia Brücken|Claudia Chin|Claudia Christian|Claudia Church|Claudia de Breij|Claudia de Colombia|Claudia DeColombia|Claudia Deheza|Claudia Gonson|Claudia Jung|Claudia Koreck|Claudia Leitte|Claudia Patrice|Claudia Sanchez|Claudia Schiffer|Claudine Auger|Claudine Clark|Claudine Longet|Claudio|Claudio Abbado|Claudio Alcaraz|Claudio Arrau|Claudio Baglioni|Claudio Baglioni / Gianni Morandi|Claudio Bazzari|Claudio Brasini|Claudio Capéo|Claudio Chiari|Claudio Sanchez|Claudio Scimone|Claudio Vena|Claudja Barry|Claus Backhaus|Claus Eisenmann|Claus Norreen|Claus Ogerman|Clave Nortena|Claws|Clay|Clay Aiken|Clay Blaker|Clay Christiansen|Clay Cook|Clay Crosse|Clay D. And The New Get Funky Crew|Clay Davidson|Clay Goodell|Clay Graham|Clay Hart|Clay Henry|Clay Jordan|Clay Morris|Clay Pendergrass|Clay Walker|Clay Walker|Claybank|Claybon Lea, Jr.|Claydee|Claypool Lennon Delirium|Clayton "Goose" Holyoak|Clayton & His Melody Mountaineers|Clayton Anderson|Clayton Bellamy|Clayton Doley|Clayton English|Clayton Holyoak|Clayton Ivey|Clayton Moore/Jay Silverheels|Clayton Rychlik|Clayton Stroope|Clayton/Hamilton Jazz Orchestra|Clazzi|Clazziquai|CLC|CLC Youth Choir|Clean Bandit|Clean Living|Cleanhead Gimura|Clear|Clear Conscience|Clear Light|Clear Static|Clear Voyage|Cleavage|Cleave Anderson|Cledus Maggard|Cledus Maggard And The Citizen's Band|Cledus T. Judd|Cleem Determeijer|Cleen|Cleer|Clefs Of Lavender Hill|The Cleftones|Clem Burke|Clem Cattini|Clem Clempson|Clem Curtis|Clem Snide|Clémence|Clemency|Clemens|Clemens Christian Potzsch|Clemens Tewinkel|Clement Bazin|Clement Jacques|Clément Simpelaere|Clementino|Cleo DeNile|Cleo Laine|Cleo Laine And James Galway|Cleo Miller|Cleopatra|Cleopatra Higgins|Cleophus Robinson, Jr.|Cleophus Tilmon|Cleopold|Cleotha Staples|Clepto-Maniacs|Cleptomaniacs|Cleve Francis|Cleve Graham|Cleveland Crochet and Band|Cleveland Hammock|Cleveland Horne|Cleveland Lounge|Cleveland Orchestra (Dohnanyi)|Cleveland Still|Cliburn|The Click|The Click Five|Click-B|Client|Client A|Client B|Client Liaison|The Clientele|Cliff Barrows|Cliff Branch|Cliff Burton|Cliff Campbell|Cliff Cochran|Cliff Cochron|Cliff Dawson|Cliff DeYoung|Cliff Driver|Cliff Dunn|Cliff Eberhardt|CLIFF EDGE Feat. Maiko Nakamura|CLIFF EDGE feat.jyA-Me|Cliff Edwards|Cliff Eidelman|Cliff Fish|Cliff Friend And Dave Franklin|Cliff Hall|Cliff Heide|Cliff Hills|Cliff Hugo|Cliff Nobles & Co.|Cliff Of Dooneen|Cliff Richard|Cliff Richard & Phil Everly|Cliff Richard & the Drifters|Cliff Richard & the Shadows|Cliff Robertson|Cliff Sarde|Cliff Williams|Cliff Young|Clifford Adams|Clifford Archer|Clifford Coulter|Clifford Curry|Clifford Evans|Clifford Moonie Pusey|Clifford Pusey|Clifford Russell|Clifford Sarcona|Clifford The Big Red Dog|Cliffs Of Dooneen|Clifton Dyson|Clifton Jansky|Clifton Murray|Clifton Ross III|Clifton Webb|Climax|Climax Blues Band|Climbers|Climie Fisher|Clinic|Clint Baker|Clint Baker|Clint Black|Clint Boon|Clint Brown|Clint Coley|Clint Conley|Clint Crisher|Clint Daniels|Clint Eastwood|Clint Eastwood/Bee Vang|Clint Eastwood/Chief Dan George|Clint Eastwood/Gene Hackman|Clint Eastwood/Harry Guardino|Clint Eastwood/Hilary Swank|Clint Eastwood/Michael Moriarty|Clint Eastwood/Sondra Locke|Clint Eastwood/Tommy Lee Jones|Clint Holmes|Clint Houston|Clint Hyndman|Clint Killingsworth|Clint Lowery|Clint Mansell|Clint Moffatt|Clint Norris|Clint Robinson|Clint Schnase|Clint Warwick|Clint Weinrich|Clinton Gregory|Clinton Sparks|Clinton Steele|Clinton Washington|clipping.|Clipse|Clipse Presents: Re-Up Gang|The Clique|The Clique|The Clique|Clique Girlz|Clive Barrett|Clive Bunker|Clive Burr|Clive Farrington|Clive Gregson|Clive Griffin|Clive J. Romney|Clive Owen|Clive Owen/Jennifer Aniston|Clive Owen/Julianne Moore|Clive Owen/Naomi Watts|Clive Owen/Paul Giamatti|Clive Parker|Clive Romney|Clive Rowe|Clive Scott|Clive Wright|Clivilles|Clivillés & Cole|CLMD|Cloakroom|Clock|Clock Opera|Clocks|The Clocks|Clockwise|Clockwork|Clockwork|Cloris Leachman|Close to Home|Close Your Eyes|Closet Monster|Closure|Cloud Boat|Cloud Control|Cloud Cult|Cloud Nothings|Cloudburst|Clouseau|Clout|Clover|The Clovers|Cloverton|Cloves|The Cloves|CLS|Clu|Clu Gulager|Club 3D|Club 69|Club 69 Featuring Kim Cooper|Club Culture|Club District Allstars|Club Dogo|Club Dogo Featuring Arisa|Club Drama|Club Fiesta|Club House|Club Idol|Club Nouveau|Club Z|Club Zone|Clubhouse|Clubhouse Orchestra|Clubland|Clubland Featuring Quartz|Clubland Featuring Zemya Hamilton|Clubzone|Clubzound|Clueless|Clueless|Clueless|Clueso|Cluster|Clutch|Clyde Bawden|Clyde Beavers|Clyde Bramley|Clyde Brown|Clyde Carson|Clyde Grimes, Jr.|Clyde Isolm|Clyde McPhatter|Clyde Stacy|Clyde Watson|Clydie King|CMA|CMC$|CMW|CMX|CNBLUE|CNBLUE|CNBLUE|CNBLUE|CNBLUE|CNCO|CNCO & Little Mix|CNCO & Yandel|CNN (Capone-N-Noreaga)|Cnote|Co|Co Campbell|Co Ro|Co Starz|Co-Ed|Co-Ed|Co-Ed|Co-Still|CO3|Coal Chamber|Coalesce|Coalo Zamorano|The Coasters|Coasts|Coasts|The Coathangers|Coati Mundi|Cobalt|Cobalt Stargazer|Cobi|Cobie Smulders|Cobra Ramone|Cobra Red|Cobra Starship|Coby Bell|Coby Dick|Coby Linder|COC|Coc|Cocaine 80s|Cocco|Cochemea Gastelum|Cochise|Cock Robin|CoCo and the Butterfields|Coco Band|CoCo Brother|Coco Brown|Coco Jones|CoCo Lee|Coco Lee|Coco McQueen|Coco Montoya|Coco Star|Cocoa Brovaz|Cocoa Tea|Cocoband|Coconut Records|Cocoon|Cocoon|Cocoon|CocoRosie|Cocteau Twins|Coda|Code 3|Code Blue Posse|Code MD|Code of Ethics|Code Orange|Code Orange Kids|Code Red|Code-V|Codeine|Codeine Velvet Club|Codie Prevost|Código FN|Cody Anderson|Cody Belew|Cody Bonnette|Cody Braun|Cody Canada|Cody Canada And The Departed|Cody Carnes|Cody ChesnuTT|Cody Collins|Cody Cooke And The Bayou Outlaws|Cody Dickinson|Cody Driggers|Cody Fry|Cody Hanson|Cody Jameson|Cody Jinks|Cody Johnson|Cody Karey|Cody McCarver|Cody Payne|Cody Pellerin|Cody Shuler|Cody Simpson|Cody Votolato|Cody Wickline|Cody Wise|Coeur de Pirate|Coez|Coffee|Coffee Boy|Coffee Club Orchestra (Fisher)|Coffey Anderson|Coffin Joe|Cogic International Mass Choir|Cognac|Cognito|Coheed and Cambria|COIN|Coin Banks|Coke Escovedo|Coko|Col Jones|Col. Bruce Hampton & the Aquarium Rescue Unit|Col. Parker|Cola Boys|Colbie Caillat|Colby Hewitt|Colby Moore|Colby O'Donis|Cold|Cold 187um|Cold Automatic Eyes|Cold Blood|Cold Cave|Cold Chilling Collective|Cold Chisel|Cold Creek|Cold Creek County|Cold Flamez|Cold Fronts|The Cold Seas|Cold Sensation|Cold Specks|Cold War Kids|Cold Water Flat|Cold World|Coldcut|Colder|Coldfusion|Coldplay|Coldplay & Big Sean|Coldrain|Coldwater Canyon|Coldwater Caynon Band|Coldwater Jane|Cole Alexander|Cole Armour|Cole Deggs|Cole Deggs & the Lonesome|Cole Hauser|Cole Hauser/James Cromwell|Cole Peterson|Cole Plante|Cole Porter|Cole Sprouse/Dylan Sprouse|Cole Swindell|Cole Taylor|Cole Vosbury|Cole Wallace|Cole Young|Coleman Hawkins|Coleman Hell|Coleman O'Neal|Coleman Wilson|Colette|Colette Carr|Colette Trudeau|Coley|Coley Dennis|Coley McCabe|Colin Allen|Colin Angus|Colin Blakey|Colin Blunstone|Colin Botts|Colin Brooks|Colin Campsie|Colin Carr|Colin Cooper|Colin DeKuiper|Colin Doroschuk|Colin Earl|Colin Edge|Colin Edwin|Colin England|Colin Farley|Colin Farrell|Colin Farrell/Angelina Jolie|Colin Farrell/Brendan Gleeson|Colin Farrell/Christopher Plummer|Colin Farrell/Scott Caan|Colin Ferguson|Colin Ferguson/Salli Richardson|Colin Firth|Colin Firth/Jennifer Ehle|Colin Firth/Rupert Everett|Colin Fletcher|Colin Fox|Colin Frangicetto|Colin Gibson|Colin Greenwood|Colin Gregory|Colin Hanks/Jack Black|Colin Hay|Colin Hill|Colin Huebert|Colin James|Colin James & The Little Big Band|Colin James Hay|Colin Kimble|Colin Kimble|Colin Lloyd Tucker|Colin MacDonald|Colin Manley|Colin Mee|Colin Meloy|Colin Meyer|Colin Morgan|Colin Moulding|Colin Newman|Colin Newton|Colin Pattenden|Colin Payne|Colin Perry|Colin Petersen|Colin Quinn|Colin Rigsby|Colin Ross|Colin Schleifer|Colin Sears|Colin Stetson|Colin Sweeney|Colin Vallon Trio|Colin Walker|Colin Young|Coline Creuzot|Coliseum|Collabro|Collage|Collage|Collage|Collage|Collage|Collage & Friends|Collapsis|Collarbones|Collard Greens|CollardGreens|Collay & the Satellites|Collectif|Collectif Métissé|Collectif Paris-Africa pour I'Unicef|Collectif Rouge FM|The Collective|Collective Peace|Collective Soul|Colleen|Colleen Camp|Colleen D'Angostino|Colleen Fitzpatrick|Colleen Green|Colleen Kelly|Colleen Morris|Colleen Peterson|Colleen Rae|College|College Boyz|CollegeHumor|Collegiate Chorale (Bass)|Collegium Musicum 90|Collegium Novum Ensemble|Collie Buddz|Collin Farrell|Collin Raye|Collin Stoddard|Collin Walcott|The Collingsworth Family|Collins And Collins|Collins Pennie|Colm Mac Con Iomaire|Colm Meaney|Colm O'Ciosoig|Colmillo Norteno|Colonel Abrams|Colonel Claypool's Bucket of Bernie Brains|Colonel Les Claypool's Fearless Flying Frog Brigade|Colonel Loud|Colonel Reyel|Colony House|Color|Color|Colör|The Color|The Color|Color Bottle|The Color Fred|Color Me Badd|The Color Morale|Color Red|Color Theory|Colorado Mass Choir|Colorado String Quartet|Colorado Symphony Orchestra|Colors|Colors In Motion|Colosseum|Colossus|Colotis Zoé|Colour|Colour Club|Colourblind|Colourful Karma|Colourhaus|The Colourist|Colours|Colt 45|Colt Ford|Colt Ford & Gord Bamford|Colt Ford Featuring Keith Urban|Colt Prather|Colt Prattes|Colter Wall|Colton Brown|Colton Dixon|Colton Ford|Colton James|Columbia Symphony Orchestra|Columbus Circle|Column MacOireachtaigh|Colvin & Earle|Com Truise|Com Truise|Coma|Coma|Combichrist|Combo de Siempre|Come|Come And Rest|Come the Dawn|Come Wind|Comeback Kid|Coming of Age|Comite Cavia|Commander Cody|Commander Cody & His Lost Planet Airmen|Commander Cody and His Lost Planet Airmen|Commander Tom|Commissioned|The Commitments|Committed|Committed|Committed|Committed|Committed|Committed (dupe 1)|Commodores|Common|Common Kings|The Common Linnets|Common Market|Common Sense|Commotio|The Communards|Communist Daughter|Como Mamas|Comp|Compagnie Creole|Company|The Company|Company B|The Company Band|Company Flow|Company of Thieves|Company of Wolves|Compay Perro|Compay Segundo|The Competitors|Compilation of Speech of Arrested Development, STB, Malone|COMPLEX|Compton Brothers|Compton Snook|Compton White|Compton's Most Wanted|Compulsion|Computer Animated|Computer Games|Computer Games Featuring Darren Criss|Computer Magic|Comrades|The Comrads|The Comsat Angels|Con Bro Chill|Con Funk Shun|Con Hunley|Conal Fowkes|Concentration Camp|Concentration Camp|Concentration Camp II|Concentus Musicus Wien|Concept of One|Conceptz|Concertgebouw Orchestra|Concerto Koln|Concha Buika|Conchi Cortes|Conchita|Conchita & Ina Regen|Conchita Wurst|Concrete Blonde|Concrete Cowboy Band|Concrete Soulja|Condition Red|Conditioner|Conditions|Condoleeza Rice|Condoleezza Rice|Conductor|Coney Hatch|Confederate Railroad|Confessor|Confide|Confidence Beyond Chaos|ConfidentialMX|Conflict|Confucius|ConFunkShun|Congorock|Congorock|The Congos|Conjunto Agua Azul|Conjunto Alma Nortena|Conjunto Atardecer|Conjunto Azabache|Conjunto Céspedes|Conjunto Chaney|Conjunto Clasico|Conjunto Clasico Y Rafael De Jesus|Conjunto Matador|Conjunto Oro|Conjunto Primavera|Conjunto Primavera & Ricardo Montaner|Conjunto Quisquella Presenta A Jose Miguel Class|Conjunto Quisqueya|Conjunto Quisqueya/Tavin Pumarejo|Conjunto Rio Grande|Conjunto Sabrosura|Conjunto Sueno Norteno|Conjure One|Conkarah|Connect Chruch|Connect Worship|Connecting Stars|The Connells|Connersvine|Conni Ellisor|Connie|Connie|Connie & Junior|Connie Allen|Connie Britton|Connie Cato|Connie Codarini|Connie Ellisor|Connie Evingson|Connie Fisher|Connie Francis|Connie Francis|Connie Hanson|Connie Harvey|Connie Hopper|Connie Johnson|Connie Kay|Connie Mitchell|Connie Smith|Connie Stevens|Connie Talbot|Connor Christian|Connor Christian & Southern Gothic|Connor Kelly|Connor Lovat Fraser|Connor Youngblood|Conny Bloom|Conor Deasy|Conor Maynard|Conor Oberst|Conor Oberst And The Mystic Valley Band|Conquer Divide|Conquering Dystopia|Conquest|Conrad|Conrad Choucroun|Conrad Herwig|Conrad Keely|Conrad Lozano|Conrad Schnitzler|Conrad Sewell|Conrad Tao|Conrado Calderón|Conrado Zataraln|Conro|The Conscious Daughters|Consequence|Consolidated|Consolidation|Consoul Training|Conspiracy|Conspirare|Constance Demby|Constance Rudert|Constantine|Constantine Maroulis|Constantine Orbelian|Constantines|Constellation Orchestra|The Constellations|Constina|Constipated Monkeys|Consuelo Costin|Consuelo Gomez|Consumed By Fire|Consumer Rapport|The Contact|Contanek|Contiez|Continental Miniatures|The Contortionist|The Contours|Contraband|Contraste Sierrea|Control|The Control|Control Machete|The Controllers|The Controllers|Convenant31|Converge|Conversion|Conveyer|Convictions|Convicts|Conway|Conway Brothers|The Conway Brothers|Conway Twitty|Conway Twitty & Loretta Lynn|Conya Doss|Coo Coo Cal|Cook, Dixon & Young|Cooker|The Cookers|Cookie And His Cupcakes|Cookie Brown|Cookie Crew|Cookie Monsta|Cookie Rankin|Cookie Watkins|The Cookies|Cookin' on 3 Burners|Cooky Wallace|Cool Amerika|Cool Breeze|Cool Breeze|Cool C|Cool Dre|Cool for August|Cool Gsus|Cool Hand Luke|Cool Heat|The Cool Kids|Cool Uncle|Cooler Kids|Coolio|Cooltime Kids|Cooly's Hot Box|Coop|Coop M.C.|Cooper Alan|Cooper Brothers|Cooper Lee|Cooper McBean|Coosje Smid|Cooter Brown|Cooter Daniel|Copa Cat Pack|Copeland|Copenhagen Philharmonic|Copperfield Brass|Copyright|Copywrite|Cor De La Generalitat Valenciana|Cor Madrigal|The Coral|Coral Voces Blancas|Corb Lund|Corbette Jackson|Corbi Dyann|Corbin|Corbin Bernsen|Corbin Bleu|Corbin Bleu/Keke Palmer|Corbin Bleu/Monique Coleman|Corbin Hanner|Corbin/Hanner|Corbin/Hanner|Corbin/Hanner|Cord of 3|Cordell Brown|Cordell Crockett|Cordell Mosson|Core Cotton|CORE ONE|CORE ONE|CORE ONE|CORE ONE|Corenell|Coréon Dú|Corey|Corey Andrew|Corey Barhorst|Corey Barksdale|Corey Beaulieu|Corey Britz|Corey C|Corey Clark|Corey DiMario|Corey Edelmann|Corey Feldman|Corey Feldman/Jamison Newlander|Corey Glover|Corey Haim|Corey Harris|Corey Hart|Corey Kent White|Corey La Quay|Corey Lowery|Corey Parks|Corey Paul|Corey Pieper|Corey Pierce|Corey Rozzoni|Corey Smith|Corey Stevens|Corey Taylor|Corey Voss|Corey Warning|Corey Webb|Cori B|Corin Roddick|Corin Tucker|Corina|Corina|Corinna Harney|Corinne Bailey Rae|Corinne Drewery|Corinthian "Kripp" Johnson|Corinthian's Temple C.O.G.I.C. Choir|Corkey Sauls|Corky Laing|Corley Randolph|Cormac Neeson|Cormano|Cormega|Cornbread & Biscuits|Cornbread Compton|Corneille|Cornel West|Cornel Wilde|Cornelia Moonswalder|Cornelio Reyna|Cornelio Vega|Cornelio Vega y Su Dinastia|Cornelius|Cornelius Brothers & Sister Rose|Cornelius Bumpus|Cornelius Harp|Cornelius Meister|Cornelius VanDer Beek|Cornell Dupree|Cornell Gunter|Cornell MacNeil|Cornell Marshall|Cornell Stone|Cornershop|Cornerstone Church Worship|Cornerstone Santuary Choir|Coro|Coro de Camara Villa de Madrid|Coro della Radiotelevisione Sizzera|Coro e Orchestra del Teatro all a Scala di Milano|Coro y Orquesta Titular del Teatro Real|Corona|Coronas|The Coronas|The Coronas|The Corporation|Corpus Christi|Corri English/Scot Davis|Corridos De Cuidado|CORRINE|Corroded|Corrosion of Conformity|The Corrs|The Corsairs|Corvo|Corvus Corax|Cory|Cory|Cory Asbury|Cory Asbury|Cory Branan|Cory Brandan|Cory Chisel|Cory Chisel And The Wandering Sons|Cory Condrey|Cory Darst|Cory Daye|Cory Everson|Cory Gunz|Cory Henry|Cory Johnson|Cory Josias|Cory Knauf/Samuel Child|Cory Kreig|Cory La Quay|Cory Lamb|Cory Lavel|Cory Lee|Cory Lerios|Cory McCullough|Cory Monteith|Cory Morrow|Cory Murchy|Cory Smythe|Cory Wade|Cory Watson|Cory Wells|Cory White|Cory Williams|COS|COSA NOSTRA|Cosculluela|Cosi Costi|Cosima|Cosmetic With Jamaaladeen Tacuma|Cosmic Baby|Cosmic Gate|Cosmic Girls|Cosmic Slop Shop|Cosmin TRG|Cosmo Klein|Cosmopolitan Church of Prayer with Dr. C.G. Hayes|COSMOS|Costa Brava|Costa Brava de Puerto Rico|Costaki Econompopoulos|Costas Mandylor|Costi|Costumbre|Coti|Cotton|Cotton Mather|Cotton, Lloyd & Christian|Coucheron|Couchois|Cough|Coughee Brothaz|Council Gay|Count Basie|Count Basie Orchestra With Frank Foster|Count Basie With The Alan Copeland Singers|Count Coolout|Count Dubulah|Count Five|The Count Five|Countdown Dance Masters|The Countdown Kids|Countdown Orchestra|The Countdown Singers|Countdown Singers & Orchestra|Counterparts|Countess Luann|Countess Vaughn|Counting Crows|Country Boys & City Girls|Country Coalition|Country Dick Montana|The Country Gentlemen|Country Hit Makers|Country Joe & the Fish|Country Joe McDonald|Country Johnny Mathis|The Counts|Coup|The Coup|Courage|Courage My Love|Courrier|Course of Nature|Court Pickett|Court Yard Hounds|Courteeners|The Courteeners|Courtland Pickens|Courtlen Hale|Courtlend|Courtney|Courtney Act|Courtney Adam Pollock|Courtney B. Vance|Courtney Barnett|Courtney Cox|Courtney Daniels|Courtney Hemmings|Courtney Jaye|Courtney Johnson|Courtney Love|Courtney Pine|Courtney Rau|Courtney Taylor|Courtney Vance|Courtney Vantrease|Courtney Von Drehle|Courtright Beard|Courtship|courtship.|Cousin Crispy|Cousin Ice|Cousin Stizz|Cove Reber|Coven|Covenant|Covenant Worship|Covenant Worship|Cover Drive|Cover Girls|The Cover Girls|Cover Your Tracks|Coverdale/Page|Coverversions.Com|Cowboy|Cowboy Copas|Cowboy Crush|Cowboy Junkies|Cowboy Mouth|Cowboy Troy|Cowboys from Hell|The Cowsills|The Cox Family|Coy Bowles|Coy Taylor|Coyo|Coyote|Coyote Sisters|Coz Canler|Coz Kerrigan|Coze|Cozette Morgan|Cozi|Cozmo|Cozy Cole|Cozy Powell|Cozz|CPT. Meat|Cr2 Allstars|The Crabb Family|Crabby Appleton|Crack the Sky|Cracker|Cracker Factory|Cradle of Filth|Craft|Craft Spells|CraftBattleDuty|Cragi Taborn|Craig "Butch" Atkinson|Craig Adams|Craig Allan Pettigrew|Craig Anderson|Craig Armstrong|Craig Betit|Craig Bickhardt|Craig Bierko|Craig Bonich|Craig Brooks|Craig Campbell|Craig Chaney|Craig Chaquico|Craig David|Craig Dillingham|Craig Dobbin|Craig Donaldson|Craig Duncan|Craig Duncan and the Smoky Mountain Band|Craig Fairbaugh|Craig Ferguson|Craig Finn|Craig Frost|Craig Fuller|Craig G|Craig Gannon|Craig Gill|Craig Goldy|Craig Griffith|Craig Gruber|Craig Harris|Craig Hella Johnson|Craig Honeycutt|Craig Hooper|Craig Horner|Craig Jessop|Craig Joiner|Craig Jones|Craig Kemp|Craig Krampf|Craig Langerud|Craig Leon|Craig Locicero|Craig Logan|Craig Mabbitt|Craig MacGregor|Craig Mack|Craig Miner|Craig Minowa|Craig Montoya|Craig Morgan|Craig Morris|Craig Nelson|Craig Nicholls|Craig Northey|Craig Nunemacher|Craig Ogden|Craig Owens|Craig Pfunder|Craig Phillips|Craig Potter|Craig Ray|Craig Reid|Craig Samuel|Craig Scanlon|Craig Scott|Craig Setari|Craig Sharmat|Craig Sharmat With The Idiomatiques|Craig Sheffer|Craig Shoemaker|Craig Small|Craig Smart|Craig Smart featuring Ashley MacIsaac|Craig Smith|Craig Spelliscy|Craig Stevens|Craig T. Cooper|Craig T. Nelson|Craig Taborn|Craig Thompson|Craig Villeneuve|Craig Ward|Craig Wasson|Craig Wayne Boyd|Craig Webb|Craig Wells|Craig Williams|Craig Wood|Craig Yarnold|Craig-G|The Cramps|The Cranberries|Cranes|Crankdat|Crankdat|Crash Craddock|Crash Ensemble|Crash Karma|Crash Kings|Crash McLarson|Crash Parallel|Crash Test Dummies|Crashdïet|Crashing Atlas|Crashpalace|Cratg Updegrove|Cravin' Melon|Craving Theo|Crawford/West|Crawler|Cray|Crayon (Feat. Taewon, Pepper)|Crayon Pop|Crayons|Crazibiza|Crazy|Crazy Anglos|Crazy B|Crazy Boy & Boxx|Crazy Design|Crazy Drummer|Crazy Elephant|Crazy Frog|Crazy Horse|Crazy House|Crazy Ken Band|Crazy L'Eggs|Crazy Leggs|Crazy Loop|Crazy Mike|Crazy P|Crazy Town|The Crazy World of Arthur Brown|Crazyboy|Crazytown|Cre'o|Crea|Creadel "Red" Jones|Cream|Cream|The Creation|Creative Adult|Creative Source|The Creator|Creature|Creature|The Creatures|Crecer Germán|Creed|Creed|Creed Bratton|Creed Warner|Creedence Clearwater Revisited|Creedence Clearwater Revival|Creep Dog|Creeper|Creephyp|Creepoid|The Creepshow|Creighton Barrett|Creme d'Cocoa|Crescendo|Crescents|The Crest Creepaz|The Crests|Crestwood|Cretones|Crew 7|The Cribs|The Crickets|Crime|Crime Affiliates|Crime Boss|Crime in Stereo|Crime Mob|The Crimea|Crimewave|Criminal Element Orchestra|Criminal Manne|Criminal Nation|Criminalz|The Crimson Armada|Crimson Tigers|The Cringe|Crip-N-Smash|Crips|Cris|Cris Cab|Cris Kirkwood|Crispian Mills|Crispian St. Peters|Crispin Akerman|Crispin Glover|Crispin Hunt|Crispy|Criss Angel|Criss Oliva|Cristal Snow|Cristian|Cristian Castro|Cristian Jacobo|Cristian Little Boy|Cristian Machado|Cristian Marchi|Cristian Poow|Cristiano Araujo|Cristiano Godano|Cristiano Migliore|Cristiano Mozzati|Cristiano Spiller|Cristina|Cristina Branco|Cristina D'Avena|Cristina Gatti|Cristina Llanos|Cristina Marsillach|Cristina Pato|Cristina Scabbia|Cristina Soto|Cristinito|Cristobal Moreno|Criston Barker|Cristoph Eschenbach|Cristy Lane|Critical Featuring Lee'ar|Critter Fuqua|The Critters|The Critters|Crizzly|Cro|The Cro-Tones|Croatia Squad|Crobot|Crocodiles|Crofts Family|Croisette|Crooked X|Crooked Eye|Crooked Fingers|Crooked I|Crooked Lettaz|Crooked Still|Crooked Stilo|Crooked X|Crookers|Crooklyn Clan|The Crooklyn Dodgers|Crooklyn Dodgers '95|Crosby|Crosby & Nash|Crosby Loggins|Crosby, Stills & Nash|Crosby, Stills, Nash & Young|Cross Canadian Ragweed|Cross Country|Cross Culture|Cross Movement|Cross Point Worship|Cross Record|Cross The Divide|Cross the Divide|Crossbill|Crosses|Crossfade|Crossfaith|Crossin Dixon|Crossin' Dixon|Crossing Fire|Crossroads|Crouch End Festival Chorus|Crow|Crow|Crow|Crow Black Sky|Crowbar|Crowd Pleasers|Crowded House|Crowder|Crowder|Crowe, Lawson & Williams|Crown Heights Affair|Crown the Empire|Crown Vick|Cru|Crucial Conflict|Crucified Barbara|Crucifix|Cruel Hand|Cruel Story of Youth|Cruise Control|Cruisin' Gang|Crumb|Cruna|Crunchy Black|The Crusaders|The Crusaders|The Cruse Family|Crush|Crush|Crush|CRUSH (dupe 1)|Crush Club|Crusher-P|Crusoe|Crüxshadows|Cruz Beckham|Cruz Martínez|Cruz Martinez Presenta Los Super Reyes|Cruz Plancarte|Cruzados|The Cruzados|Cruzito|Cruzzzbaby|CRW|CRX|Cry Cry Cry|Cry of Love|Cry Wolf|The Cryan' Shames|Crying Robot|Cryonic Temple|Crypsis|Cryptex|Crystal Aikin|Crystal And The Team|Crystal Bernard|Crystal Bowersox|Crystal Caines|Crystal Castles|Crystal Clear|Crystal Dove|Crystal F|Crystal Fairy|Crystal Fighters|Crystal Gayle|Crystal Grass|Crystal Kay|Crystal Kay Feat. Namie Amuro|Crystal Lewis|Crystal Liu & Yang Yang|Crystal Mansion|Crystal Mansion Featuring Johnny Caswell|The Crystal Method|Crystal Monee|Crystal Nicole|Crystal Sea|Crystal Shawanda|Crystal Sierra|Crystal Stilts|Crystal Waters|The Crystals|Crystalyne|Crywolf|CS Numbers (Feat. J-Cera, Irene)|Csemer Boglarka|CSO/Reiner|CSS|Ctia|Cuarteto Cassal|Cub Gaining|Cub Koda|Cuba Classics 3|Cuba Computers|Cuba Gooding|Cuba Gooding Jr./Clifton Collins Jr.|Cuba Gooding Jr./James Coburn|Cuba Gooding Jr./Taryn Manning|Cuba Gooding, Jr.|Cuba Gooding, Jr./Ed Harris|Cuba Gooding, Jr./Lochlyn Munro|Cuba Percussion|Cuban All-Stars|Cuban Link|Cuban Masters|Cubana All Stars|Cubanismo!|Cubanismo! Featuring Jesus Alemany|Cubbie Fink|Cubicolor|Cubie Burke|Cuca|Cuco Valoy|Cuco Valoy y su nueva tribu|Cuco Valoy y su Tribu|Cucu Diamantes|The Cuff Links|Cugini|Cui Shu, Zhao Jialin|Cui Zige|Cuisillos|Cuisillos de Arturo Macías|Cuitla Vega|Culcha Candela|Cullen|Cully Symington|The Cult|Cult Hero|Cult Leader|Cult of Luna|Cultjah Dreamz|Cults|Cultura Profética|Cultural Vibe|Culturas|Culture|Culture Beat|Culture Club|Culture Freedom|Culver City Dub Collective|Cumbre Nortena|Cunninlynguists|Cuong Vu|Cuong Vu Trio|Cupid|Cupid Shuffle DJ's|The Cupids|Cupim Na Mesa|The Cure|Cureal|Curelabel|Curiosity Killed the Cat|Curious George|Curl|Curly Giraffe|Curly Kinsey|Curly Putman|Curly Ray Cline|Curly Smith|Curren$y|Currency|Current|Current Events|Current Mindset|Current Swell|Currents|Curse|Curses|Cursive|Curt Cazal|Curt Collins|Curt Cress|Curt Gowdy|Curt Hennig|Curt Jurgens|Curt Kirkwood|Curt Schneider|Curt Smith|Curt-T-T Bedeau|Curtie & The Boom Box|Curtis "Black" Cross|Curtis Burch|Curtis Carter Cooney|Curtis Cherebin|Curtis Fowlkes|Curtis Grimes|Curtis Hairston|Curtis Harding|Curtis Harmon|Curtis Hasselbring|Curtis Haywood|Curtis Knight|Curtis Knight & the Squires|Curtis Lee|Curtis Lundy|Curtis Mayfield|Curtis Mayfield And The Impressions|Curtis McClaine & On The House|Curtis OMara|Curtis Potter|Curtis Potter And Daryl Mccall|Curtis Salgado|Curtis Stigers|Curtis Stone|Curtis Storey Jr.|Curtis Ward|Curtis Williams|Curtis Womack|Curtis Wright|Curtis Young|Curtiss Glenn|Curtiss Glenn & Freedom Movement|Curtiss Lopez|Curve|Cusco|Custer|Custom|Customi Z|Cut 'n' Move|Cut /// Copy|Cut Chemist|Cut Copy|Cut Glass|Cut Monitor Milo|Cut Off Your Hands|Cute Is What We Aim For|Cutee B.|Cutmaster C|Cutmaster Swift|Cutting Crew|Cutting Edge|Cutty|Cutty Cartel|CW/A|Cy Amundson|Cy Coleman|Cy Curnin|Cy Kosis|Cy Walter|Cy Young|Cyanna|CYaRon!|Cyberslam|CyberSutra|Cybil Shepherd|Cybill Shepherd|Cybotron|Cyclamen|Cyclones|Cyco|Cyco Blac|cyferdyne|Cygnus X|Cyhi Da Prynce|CyHi The Prynce|Cyle Barnes|Cymande|Cymarron|Cymbals Eat Guitars|Cymphonique Miller|Cyn|Cynda Williams|Cyndi Grecco|Cyndi Lauper|Cyndi Lauper Featuring Sarah McLachlan|Cyndi Phillips|Cyndi Thomson|Cyndi Wang|Cyndi Wang|Cyndi Wang|Cyndi Wang|Cyndi Wang|Cyndi Wang|Cynic|Cynic (dupe 1)|Cynthia|Cynthia & Mercenario|Cynthia Clawson|Cynthia Crane|Cynthia Dale|Cynthia Dewberry|Cynthia Drew|Cynthia Erivo|Cynthia Gibb|Cynthia Haring|Cynthia Haring & World Nation|Cynthia Johnson|Cynthia Jones|Cynthia Lawrence|Cynthia Lin|Cynthia M.|Cynthia Manley|Cynthia Miller|Cynthia Rhodes|Cynthia Robinson|Cynthia Rothrock|Cynthia Silva La Grande|Cynthia Steljes|Cynthia Williams|Cynthiana|Cyntia|Cyon Flare|CyonFlare|Cyph|Cypress Hill|Cypress Spring|Cypress String Quartet|Cypress X Rusko|Cyprus|Cyré|Cyril "Mario" Cablat|Cyril Hahn|Cyril Havermanns|Cyril Neville|Cyril Raffaelli|Cyril Stapleton|Cyril Stapleton And His Orchestra|Cyrille Aimée|The Cyrkle|Cyro Baptista|Cyrus|Cyrus|Cyrus|Cyrus Bolooki|Cyrus Chestnut|Czar*Nok|Czar-Nok|Czarface|Czech Chamber Philharmonic|Czech National Symphony|Czech Philharmonic Orch. (Nelson)|Czech Philharmonic Orchestra|Czecho No Republic|Czeslaw Spiewa|CZR