R I T U A L|R K D N|R-Chord|R-Chord|R-Jay aka Eldorodo Regg|R-Swift|R. Carlos Nakai|R. City|R. Dean Taylor|R. Dwayne Goettel|R. Kelly|R. Kelly & Public Announcement|R. Kelly Featuring Jay-Z|R. Luna|R. Prophet|R. Turner/Silver Heart Gospel Singers|R.A The Rugged Man|R.A. Martin|R.A. the Rugged Man|R.A.F.|R.A.W.|R.B. Greaves|R.B. Korbet|R.B.Hudman|R.B.L. Posse's Hitman|R.C. Bannon|R.C. Clark|R.C. Coin|R.C. Sproul|R.C.R.|R.D. Peoples|R.E.A.L.I.D.A.D.|R.E.M.|R.H. Harris|R.I.O.|R.I.O. Featuring Nicco|R.J. Herrera|R.J.'s Latest Arrival|R.Justice Allen|R.K. Follese|R.K.M.|R.L. Brooks|R.L. Burnside|R.L. Ryan|R.L. Sheppard|R.LUM.R|R.M.G.|R.O.O.S.|R.Stanfield/New Revelations|R.T. & The Rockmen Unlimited|R.T. Bodet|R.W.Blackwood|R3hab|R5|Ra|RA|Ra Ra Riot|RA Scion|Ra*Bits|Raa'k|Raab|Raaban|Raappana|Rab Allan|Rab Noakes|Rabanes|Rabbit in the Moon|Rabeh Saqer|RaBID|Rabih Abou-Khalil|Rabit|Rabito|RAC|RAC|Raça Negra|Racci Shay|Raccoonists|Race|Rach-L|Rachael Lampa|Rachael Leahcar|Rachael Leigh Cook|Rachael Leigh Cook/Tara Reid|Rachael MacFarlane|Rachael McAdams|Rachael McDowall|Rachael Podger|Rachael Price|Rachael Starr|Rachael Turner|Rachael Valfer|Rachael Yamagata|Rachel Barton Pine|Rachel Bloom|Rachel Blumberg|Rachel Bolan|Rachel Brown|Rachel Cappelli|Rachel Claudio|Rachel Crow|Rachel D'Arcy|Rachel Davies|Rachel Farley|Rachel Feinstein|Rachel Ferguson|Rachel Flotard|Rachel Foster|Rachel Fuller|Rachel Grimes|Rachel Haden|Rachel Holder|Rachel House|Rachel Hunter|Rachel K Collier|Rachel Lorin|Rachel Loy|Rachel Masters|Rachel McAdams|Rachel McDonnell|Rachel McFarlane|Rachel McLish|Rachel Meeker|Rachel Miner/Chad Todhunter|Rachel Oldfield|Rachel Oliver|Rachel Panay|Rachel Phillipps|Rachel Platten|Rachel Podger|Rachel Portman|Rachel Potter|Rachel Proctor|Rachel Rachel|Rachel Reinert|Rachel Starr|Rachel Stevens|Rachel Stolte|Rachel Sweet|Rachel Taylor|Rachel Ward|Rachel Weisz|Rachel Woznow|Rachel's|Rachele Bastreghi|Rachele Lynae|Rachelle Allison|Rachelle Ferrell|Rachid|Rachid Taha|Racing Cars|Racket City|Raco Rabanne|The Raconteurs|Racoon|Racquel Jones|Racquel Roberts|Radford|Radha|Radha Mitchell|Radha Mitchell/Sean Bean|Radiance|Radiant|Radiants|The Radiants|Radiation City|The Radiators|The Radiators|The Radiators|Radical Face|Radical For Christ|Radical Something|Radio|Radio 4|Radio Active Cats|The Radio Dept.|Radio Doria|RADIO FISH|Radio Iodine|Radio Killer|Radio Macau|RADIO MONKEES|Radio Pirata|Radio Radio|The Radio Ramblers|Radioactive Goldfish|Radiohead|Radiorelics|Radioresepsjonen|Radiovintage|Radish|Radka|Radkey|Radney Foster|Radu Lupu|Radwimps|Rae|Rae & Christian|Rae Dawn Chong|Rae Gordon Band|Rae Morris|Rae Morris|Rae Sremmurd|RAEKO|Raekwon|Raekwon And DJ Fresh|The Raelettes|Raeletts|RaeLynn|The Raes|Raeya|Raf|RAF 3.0|RAF Camora|Rafa|Rafa Rosario|Rafa Selase|Rafael "Raphy" Flores|Rafael Basurto|Rafael Basurto Lara|Rafael Cameron|Rafael Ithier|Rafael López|Rafael M|Rafael Nadal/Roger Federer|Rafael Plancarte|Rafael Ruiz|Rafael Ruiz Perdigones|Rafael Santos|Rafael Solís|Rafal Blechacz|Rafely Rosario|Raffaela|Raffaela Carra|Raffaella Carra|Rafferty|Raffi|Raffy|Raffy & King Melrose|Rafi Levi Y La Selecta|Rafter|Rafu Warner|Rafy Burgos "El Cupido"|Rafy Mercenario|Rag 'n' Bone Man|The Rag Dolls|Rag'n'Bone Man|Raga Rockers|Ragan Whiteside|The Ragbirds|Ragdog|Rage|Rage|Rage|Rage Against the Machine|Rageous Projecting Kevin Aviance|Ragga Twins|Raghav|Raghav featuring Nelly|Raghunath|Raging Fyah|The Raging Idiots|Raging Saint|Raging Slab|Rags|Rags Cast|Rah Digga|Rah Fontaine|Rah Sun|Rahama Attar|Rahat Fateh Ali Khan|Raheem|Raheem DeVaughn|Raheem Peterson|Raheem the Dream|Rahel "Jaël" Krebs|Rahim Alhaj|Rahn Harper|Rahni Song|Rahsaan Kelly|Rahsaan Patterson|RahSun|Rahul Sharma|Rahzel|Rai P|Raiana Paige|Raiatea|Raiatea Helm|Raiders|The Raiders|Raige|Rail|The Railers|Railroad Earth|Rails-Tereo|Railway Children|Raimondi, Ramey, Ricciarelli (Abbado)|Rain|Rain|Rain|Rain For Roots|Rain Machine|Rain Man|Rainbow|Rainbow|Rainbow|Rainbow|Rainbow (dupe 1)|Rainbow Black|Rainbow Black|Rainbow Dash|Rainbow Pixie|Raindogs|The Raindrops|Raine Maida|Rainer Honeck|Rainer Maria|Rainer Vilu|Rainey Qualley|Rainhard Fendrich|Raini Rodriguez|Rainie Yang|Rainie Yang|Rainie Yang|Rainie Yang|Rainie Yang|Rainie Yang|The Rainmakers|The Rainmakers|The Rainmakers|Rainman|Rainn Wilson/Christina Applegate|Rainy Davis|Rainy Daze|Rainy Milo|Raisa|Raise|Raise Up Click|Raj Smoove|Raj Suresh|Raja|Raja Kumari|Raja-Nee|Rajan|Rajdulari|Rajesh Badshah|RajeShwari|Rajiv Dhall|Rakaa|Rakaa-Iriscience|Rake|Rakel|The Rakes|Rakim|Rakim|Ral Donner|Raleigh Gordon|Raleigh Ritchie|Raleigh Tunrage|Ralf|Ralf Dörper|Ralf Gothoni|Ralf Gustke|Ralf Gyllenhammar|Ralf Hütter|Ralf Illenberger|Ralf Youtz|Ralfi Pagan|Rallia Hristidou|Rally Ral|Ralo|Ralph|Ralph "Pee Wee" Middlebrooks|Ralph "Young RJ" Rice|Ralph Alessi|Ralph Armstrong|Ralph Barr|Ralph Burns Kellogg|Ralph Carney|Ralph Carter|Ralph Casale|Ralph Cole|Ralph Covert|Ralph DeMarco|Ralph DeVito|Ralph Ellis|Ralph Emery|Ralph Ezell|Ralph Falcon|Ralph Falcon Featuring Dorothy Mann|Ralph Felix|Ralph Fiennes|Ralph Fiennes/Julianne Moore|Ralph Fiennes/Rachel Weisz|Ralph Graham|Ralph Granich|Ralph Humphrey|Ralph Johnson|Ralph Jones|Ralph Lofton|Ralph Macchio|Ralph Macchio/Noriyuki "Pat" Morita|Ralph MacDonald|Ralph Mallory|Ralph May|Ralph Mitchell|Ralph Molina|Ralph Moore|Ralph Oakley|Ralph Pruitt|Ralph Rieckermann|Ralph Rolle|Ralph Saenz|Ralph Scala|Ralph Schuckett|Ralph Stanley|Ralph Stanley II|Ralph Stanley II & The Clinch Mountain Boys|Ralph Towner|Ralph Tresvant|Ralph Vierra Tavares|Ralph Wadephul|Ralph Waite/Jon Walmsley|Ralph's World|Ralphi Rosario|Ralphie May|Ralphy Rodriguez|Ralvero|RAM|Ram Dass|Ram Herrera|Ram Jam|Ram Squad|RAM WIRE|Ram-Asuka|Ram-Z|Rama|Ramada|Ramatam|RaMatthews|The Ramblers|Ramblin' Jack Elliott|The Rambling Rooks|Rameez|Rameses B|Ramesh Srivastava|Rami|Rami Jaffee|Ramin Djawadi|Ramin Niroomand|Ramin Sakurai|Ramiro "Ram" Herrera|Ramiro Aguilar|Ramiro Herrera|Ramiro Lopez & Andres Campo|Ramiro Matos|Ramiro Ram Herrera|Ramito|Ramiyah|RAMM Ni Haiyoru Nyaruko San|Rammstein|Ramón Ayala|Ramón Ayala Jr.|Ramon Ayala y sus Bravos del Norte|Ramon Giménez|Ramón Orlando|Ramon Ortiz|Ramon Perio|Ramón Rijo|Ramón Sánchez|Ramon Tiki Fulwood|Ramón Vargas|Ramon Yslas|Ramon Zenker|Ramona Brooks|Ramona Falls|Ramona Jones|Ramona Keller|Ramone|Ramones|Ramones De Nuevo Leon|Ramp Worship|Rampage|The Rampage From Exile Tribe|Rampal, Stern, Rostropovich, Spaeter|Rampue|Ramrods|Ramses DeNile|Ramses Shaffy|Ramsey Clark|Ramsey Kearney|Ramsey Lewis|Ramsey Lewis Trio|Ramy|RAN|Ran & Lydia|Ran Jackson|The Ran-Dells|Ranaan L. Meyer|Rance Allen|The Rance Allen Group|RANCH|The Ranch|Rancid|Randall Batinkoff|Randall Bramblett|Randall Hall|Randall Lee|Randall Lee Gibson IV|Randall Marsh|Randall Shawver|Randall Wiggins|Randi Scott|Randle Chowning|Rando|Randolph Mantooth|Random Axe|Random Encounters|Random Forest|Random Hero|Random Rab|Randy|Randy & the Rainbows|Randy Alston|Randy Archer|Randy Armstrong|Randy Austin|Randy Bachman|Randy Bachman & Burton Cummings|Randy Bachman Featuring Beverley Mahood|Randy Barlow|Randy Barnes|Randy Bell|Randy Bermudes|Randy Bernsen|Randy Bettis|Randy Bishop|Randy Blythe|Randy Bradbury|Randy Brecker|Randy Brown|Randy Brown|Randy Burns|Randy Cain|Randy California|Randy Castillo|Randy Cheek|Randy Chortkoff|Randy Ciarlante|Randy Cooke|Randy Copus|Randy Cornor|Randy Couture|Randy Couture/Michael Copon|Randy Crawford|Randy Crawford & Joe Sample|Randy DeBarge|Randy DeLay|Randy Dembo|Randy Ebright|Randy Edelman|Randy Frazier|Randy Fredrix|Randy Freiss|Randy Fuller|Randy Goodrum|Randy Gurley|Randy Guss|Randy Hall|Randy Hall|Randy Holden|Randy Holsapple|Randy Hope-Taylor|Randy Houser|Randy Howard|Randy Huff|Randy Jackson|Randy Jackson|Randy Jackson|Randy Jo Hobbs|Randy Jones|Randy Jones|Randy Larson|Randy Leory|Randy Liedtke|Randy Meisner|Randy Miller|Randy Montana|Randy Muller|Randy Napoleon|Randy Newman|Randy Nichols|Randy Nota Loca|Randy Nota Loka|Randy Owen|Randy Parton|Randy Phillips|Randy Piper|Randy Quaid|Randy Ragsdale|Randy Rampage|Randy Rand|Randy Randall|Randy Raymond|Randy Rhoads|Randy Rogers|Randy Rogers Band|Randy Rose|Randy Russell Rigney|Randy Savage|Randy Scott|Randy Scruggs|Randy Seol|Randy Shaw|Randy Sparks|Randy Stodola|Randy Stonehill|Randy Strohmeyer|Randy Torres|Randy Travis|Randy Valentine|Randy Van Warmer|Randy VanWarmer|Randy Washington|Randy Wayne|Randy Weeks|Randy Weston|Randy Wright|Randy Zehringer|Rangda|The Range|Ranger Doug Green|The Ranger$|Rani|Rania|Raniera Blake|Ranjahz|Ranji|Rank 1|Rank and File|Rankin Family|The Rankin Family|Rankin Scroo|Ranking Roger|Ranking Stone|Rankins|Ranky Tanky|Ranmaru Kurosaki (Tastuhisa Suzuki)|Ranny|Ranny Krupinski|Ransom|Rantz Davis|Raome Lowry|Raoul Cita|Raoul Haspel|Rap Monster|Raphael|Raphael|Raphaël|Raphael|Raphael Alpermann|Raphael Brown|Raphael Gualazzi|Raphael Krickow|Raphael Saadiq|Raphael Sbarge|Raphael Wiggins|Raphaella|Raphaelle Standell-Preston|Raphy Leavitt y Orquesta La Selecta|Raphy Leavitt y Su Orquesta La Selecta|Rapination|Rapination & Kym Mazelle|Rapper Big Pooh|Rappin' 4-Tay|Rappin' Duke|Rappin' Is Fundamental|Rappin' Noyd|Rappin' Ron & Ant Diddley Dog|Rapport|Rapsody|Rapsody|The Rapsody|Rapsoul|Raptile|Raptivists|Raptori|The Rapture|Rapture Ruckus|Raquel|Raquel Aurilia|Raquel Castro|Raquel Redd|Raquel Rosario|Raquel Welch|Rara Machine|Rare|Rare Earth|Rare Earth|Rare Essence|Rare Silk|Rarity|RAS|Ras Kass|RAS-1|Rasario Dawson|Rascal Flatts|The Rascals|The Rascals|Rascalz|Rascher Saxophone Quintet|Rasco|Rasel|Rasha Don|Rashaan Roland Kirk|Rashad|Rashad (dupe 1)|Rashed Al Majed|Rasheed "Sheed" Hightower|Rasheeda|Rashida|Rashida Jones|Raske Penge|The Raskins|The Rasmus|Rasmus Bjerg|Rasmus Faber|Rasmus Nagel|Rasmus Seebach|Rasmus Stolberg|Rasmus Walter|Raspberries|The Raspberries|Rasputina|Rat|Rat Boy|The Rat Pack|Rat Skates|Ratatat|Ratcat|Ratchet King|RatDog|Rated X|Rationale|The Rationals|Ratking|Raton Lover|Ratpack|Ratt|Rattlesnake Annie|Ratty|Raul|Raúl Acosta|Raul Alfonso|Raul Antonio|Raúl Armando|Raul Bianchi|Raul Brindis|Raúl Casillas|Raul De Souza|Raúl Di Blasio|Raúl Hernández|Raul Herrara|Raul Julia|Raul Malo|Raul Mayorga|Raul Midón|Raul Ortega|Raul Ortega y Su Banda Arre|Raul Ortiz|Raúl Pacheco|Raúl Planas|Raul Rekow|Raul Ruutu|Raul Sanchez|Raul Shaw Moreno|Raul Talavera|Raul Y Mexia|Raul y Mexia + Suenatron|Raulin Rodriguez|Raulin Rosendo|Raulito Navaira|Raulito Rodriguez y Su Bachata Banda|Raury|RaVaughn|The Rave-Ups|Ravel|Raven|Raven Felix|Raven Hernandez|Raven Maize|Raven Symone/Miley Cyrus|Raven-Symoné|Raven-Symone/Adrienne Bailon|Raveneye|Ravenhill|The Raveonettes|Ravers On Dope|Ravi|Ravi|Ravi Bhadriraju|Ravi Coltrane|Ravi Shankar|Ravi Shankar/Philip Glass|Ravi Singh & Ana Brett|Ravin|Ravindra Upadhyay|Raving George|RAVVEL|Raw Deal|Raw Deal|Raw Deal|Raw Elements|Raw Fusion|Raw Silk|Raw Stilo|Raw Stylus|Rawsrvnt|Raww|Rawy Torres|Ray|Ray|Ray|Ray "Red" Bull|Ray & Bob|Ray Alder|Ray And Bob|Ray Anthony|Ray Anthony & His Orchestra|Ray Arnott|Ray Bady|Ray Barretto|Ray Benson|Ray Blanco|Ray BLK|Ray Bolger|Ray Boltz|Ray Bonneville|Ray Bop|Ray Boudreaux|Ray Brewster|Ray Brown|Ray Brown Trio|Ray Bryant|Ray Bryant Combo|Ray Cash|Ray Castro's Conjunto Clasico|Ray Ceroni|Ray Chappell|Ray Charles|Ray Charles|Ray Charles|Ray Charles|Ray Charles & Betty Carter|Ray Charles & His Orchestra|Ray Charles And Cleo Laine|Ray Charles And Clint Eastwood|Ray Charles Singers|The Ray Charles Singers|Ray Coburn|Ray Conniff|Ray Conniff & The Ray Conniff Singers|Ray Conniff & the Singers|Ray Conniff And The Singers|The Ray Conniff Singers|Ray Cooper|Ray Cooper|Ray Corbin|Ray Corriea|Ray Cotton|Ray Dahrouge|Ray Dalton|Ray Davies|Ray de la Paz|Ray Deaton|Ray Dickaty|Ray Dorset|Ray Duffy|Ray Elliot|Ray Ellis|Ray Ellis & His Orchestra|Ray Ennis|Ray Fenwick|Ray Foxx|Ray Frushay|Ray Fryoux|Ray Fulcher|Ray Gangi|Ray Gillen|Ray Godfrey|Ray Goodwin|Ray Graffia|Ray Griff|Ray Guell|Ray Harrington|Ray Herndon|Ray Herr|Ray Hildebrand|Ray Hood|Ray J|Ray Jackson|Ray Jr.|Ray Kennedy|Ray Kennedy|Ray Kennedy|Ray King|Ray Laidlaw|Ray Lake|Ray Lamont Jones|Ray LaMontagne|Ray LaMontagne and the Pariah Dogs|Ray Lavender|Ray Liotta|Ray Liotta/Jason Patric|Ray Liotta/LL Cool J|Ray Luv|Ray Luzier|Ray Lynch|Ray Ma|Ray Ma|Ray Ma|Ray Major|Ray Manzarek|Ray Martinez And Friends|Ray Mayhew|Ray Milland|Ray Mills|Ray Mix|Ray Mondo|Ray Monette|Ray Munns|Ray Neal|Ray Obiedo|Ray Pack|Ray Parker Jr.|Ray Parker Jr. & Raydio|Ray Patterson|Ray Paul Massaun|Ray Paz|Ray Pennington|Ray Peterson|Ray Phillips|Ray Pillow|Ray Pohlman|Ray Price|Ray Price|Ray Price|Ray Ramos|Ray Ransom|Ray Ray|Ray Reyes|Ray Riendeau|Ray Rizzo|Ray Romano|Ray Romano/Patricia Heaton|Ray Royer|Ray Sanders|Ray Sandoval|Ray Sawyer|Ray Schwartz|Ray Scott|Ray Sepúlveda|Ray Sharkey|Ray Sharpe|Ray Shulman|Ray Simpson|Ray Slijngaard|Ray Smith|Ray Smith|Ray Starkey|Ray Stephens|Ray Stevens|Ray Stevenson/Dominic West|Ray Stinnett|Ray Thomas|Ray Toro|Ray Vega|Ray Vegas|Ray Watts|Ray White|Ray Wilson|Ray Winstone|Ray Winstone/Anthony Hopkins|Ray Wylie Hubbard|Ray Zeiner|Ray, Goodman & Brown|Raya Yarbrough|Raybeez|Raybon Bros.|Rayburn Anthony|Rayburn Blake|Rayda|Raydio|Raydio G|Raye|Rayito|Rayito Colombiano|Rayland Baxter|Raylene Rankin|Raymix|Raymon Acevedo|Raymond Burr|Raymond Burr/Barbara Hale|Raymond Calhoun|Raymond Cho|Raymond Davis|Raymond Earl|Raymond Geerts|Raymond Harris|Raymond Herrera|Raymond Jackson|Raymond Jeffrey|Raymond Johnson|Raymond Lefevre and His Orchestra|Raymond Leppard|Raymond Lexis|Raymond M. Dickaty|Raymond Matsuya|Raymond McGinley|Raymond Reid|Raymond Rock|Raymond Scott|Raymond St. Jacques|Raymond Steinberg|Raymond Tilmon|Raymond Virginia|Raymond Watts|Raymond Weber|Raymone Carter|Rayna Foss|Rayna Gellert|Raynes|The Rays|Rayven Justice|Rayvon|Rayy Dubb|Rayzor|Raz|Raz B|Raz Fresco|Raz Simone|Raz, Dwa, Trzy|Raz-B|Raza Latina|Raza Obrera|Razah|Raze|Razihel|Razor|Razor N' Guido|Razor'N'Guido|Razor's Edge|Razorback|Razorlight|Razzberry|Razzy|Razzy Bailey|RBA|RBD|RBL Posse|RBX|RCA Symphony Orchestra|RCA Victor Symphony Orchestra|RCDM|RCR|RDGLDGRN|Re Lxuise|Re Re|Re-edog|Re-Flex|Re-Up Gang|Re:Vale|Rea Garvey|Rea Mochiach|Reacharound|React|React 2 Rhythm|Read & Listen|Read & Sing Along|Read-Along|Ready for the World|The Ready Set|READY TO KISS|Real|Real Aussies|The Real Booty Babes|Real Chanty|Real Dynamite|Real Estate|Real Friends|Real Hooks|Real Life|Real Live|Real Live Featuring K-Def & Larry-O|Real Madrid|Real McCoy|The Real McCoy|The Real People|The Real Roxanne|Real Seduction|The Real Seduction|Real Thing|The Real Thing|Real to Reel|Reality|Reality Check|Reality Check|Reality Check|Reámann O'Gormain|Reamonn|Reaping Asmodeia|The Reason|Reather Dixon|Reb Beach|Reb Brown|Reba|Reba|Reba McEntire|Reba McEntire/Christopher Rich|Rebbie Jackson|Rebeca Omordia|Rebecca|Rebecca|Rebecca|Rebecca|Rebecca & Fiona|Rebecca Black|Rebecca Black|Rebecca Black|Rebecca Clarke|Rebecca Cole|Rebecca de Mornay|Rebecca DeMornay|Rebecca Eaglin|Rebecca Ferguson|Rebecca Gayheart|Rebecca Hall|Rebecca Harrell|Rebecca Holden|Rebecca Knight|Rebecca Loebe|Rebecca Lynn|Rebecca Lynn Howard|Rebecca Martin|Rebecca Pacheco|Rebecca St. James|Rebecca Stella|Rebecca Stephens|Rebecca Sugar|Rebecca Zeller|Rebekah|Rebekah Sturkie|Rebekka Armstrong|Rebel|Rebel|REBEL Baroque Orchestra|Rebel Coast|Rebel Hearts|Rebel MC|Rebel MC & Double The Trouble|Rebel Meets Rebel|Rebel Pebbles|Rebel Souljahz|Rebeldes|The Rebels|The Rebels|The Rebels|The Rebels|Rebelution|Rebirth Brass Band|Reboot|Rebop Kwaku Baah|Reborn Innocence|Rebound|Rec|The Receiving End of Sirens|Recent Rumors|Reckless|Reckless Kelly|Recognition|Recoil|Reconcile|The Record Company|The Record Company|The Records|Red|Red|RED|Red|Red|Red 7|Red 7|Red 7|Red Airplanes|Red Bandit|Red Bandit Feat. Ricky Bell|Red Baraat|Red Café|Red Canzian|Red Carpet|The Red Chord|Red Dragon Cartel|Red Eye|Red Fang|Red Flag|Red Foley|Red Garland|Red Generation|Red Grammer|Red Hands|Red Herring|Red Horse|Red Hot Chili Peppers|Red Hot Chili Pipers|The Red House|Red House Painters|Red Hughes|The Red Jumpsuit Apparatus|Red Lane|Red Light Company|Red Line Chemistry|Red Marlow|Red One|Red Peters|Red Rain|Red Rat|Red Rat & General B.|Red Red Groovy|Red Rice|Red Rider|Red River Dave|Red Rockers|Red Rocks Worship|Red Rum|Red Simpson|Red Siren|Red Skelton|Red Sky Mary|Red Southall Band|Red Sovine|Red Sparowes|Red Star Army Chorus (Bazhalkin)|Red State Update|Red Steagall|Red Stegall|Red Stick Ramblers|Red Sun Rising|Red Tide Rising|Red Umbrella|Red Velvet|Red Velvet|Red Vox|Red Wanting Blue|Red Willow Band|Red, White & Blue Grass|Redbone|Redd|Redd Eyezz|Redd Foxx|Redd Foxx/Demond Wilson|Redd Holt|Redd Hott|Redd Hott (dupe 1)|Redd Kross|The Reddings|Redds & The Boys|Redemption|Redemption|Redemption|Redemption Students|Redeye|RedFoo|Redhead Kingpin|Redhead Kingpin & The F.B.I.|Redimi2|Redinho|Redlight|Redlight King|Redman|Redmon & Vale|Redneck Social Club|Redneck Souljers|Rednex|RedOne|Redrama|Redroche|Redrumm's Killa Klique|Reds|The Redwalls|Redwine|Ree Ree|Reec|Reece Mastin|Reed Calhoun|Reed Deming|Reed Kailing|Reed McGowan|Reed Mullin|Reed St. Mark|Reef|Reef'd|Reek da Villian|Reek Rude|Reekado Banks|Reel 2 Real|Reel 2 Real Featuring The Mad Stuntman|Reel Big Fish|Reel Tight|Reem|Reem Rich|Reenie Delaney|Reenie Hollis|Reese|Reese|Reese Gray|The Reese Project|Reese Roper|Reese Sheets|Reese Witherspoon|Reese Witherspoon/Josh Lucas|Reese Witherspoon/Mark Ruffalo|Reese Witherspoon/Sally Field|ReeSya|Reeve Carney|Reeves Gabrels|Reflection|Reflection Eternal|Reflections|The Reflections|The Reflections|The Reflections|The Reflections|Reflections (dupe 1)|Reflekt|Reflexion|Reform the Resistance|Reformed Faction|The Refreshments|The Refreshments|The Refreshments|Refugee|Refugee Camp All-Stars|Refugee Camp Allstars|Refused|Reg E. Gaines|Reg Mombassa|Reg Nave|Reg Owen & His Orchestra|Reg Presley|Regal Dewy|Regan Hagar|Regency Buck|The Regents|Reggaeton Niños|Reggaeton Rulers|Reggaetone Explosion|Reggaetones|Reggie|Reggie "Jamz" Grisome|Reggie & The Full Effect|Reggie 'N' Bollie|Reggie and the Full Effect|Reggie Bannister|Reggie Benjamin|Reggie C|Reggie Codrington|Reggie Foster Jr.|Reggie Griffin And Technofunk|Reggie McBride|Reggie N' Bollie|Reggie Rough Featuring Annette Taylor|Reggie Scanlan|Reggie Stepper|Reggie Torian|Reggie Vincent|Reggie Watts|Reggie Youngblood|Regi|Regi & Lester Williams|Regi Hargis|Regido|Regie Hamm|Regina|Regina|Regina|Regina|Regina|Regina Bailey|Regina Belle|Regina Carter|Regina Gallagher|Regina Leigh|Regina Regina|Regina Spektor|Reginald Arvizu|Reginald Calloway|Reginald Turner|Reginaldo Manzotti|Régine Chassagne|Regine Velasquez|Regis & Joy|Régis Danese|Regis Philbin|Regula Curti|Regulo Caro|Rehab|Rehme Sutton|Rei|Rei Yasuda|Reid Anderson|Reid Burgess|Reid Genauer|Reid J. Rich|Reid Perry|Reid Speed|Reign|Reign of Kindo|Reigning Sound|Reiji Kotobuki (Showtaro Morikubo) Camus (Tomoaki Maeno)|Reik|Reiko Uchida|Reimar Bustorff|Reimy|Reina|Reina Miyauchi [Max]|Reinaldo Alvarez|Reinhard Goebel|Reinhard Mey|Reinhold Heil|Reino Nordin|Reino Nortlin|Reiss|Reiss Harrison|Reiss Harrison|Rej3ctz|Rejjie Snow|Rejoice!|REK SH*T REBELZ|Rekapse|Reki D.|Rekishi|Reklaws|The Reklaws|Reks|Rel McCoy|The Relatives|Relativity|Relaxing Mindfulness Meditation Relaxation Maestro|Relaxing Music Ensemble|Relaxing Piano|Release The Sunbird|The Relentless|Relentless Flood|Relic|Relic|Relient K|Relikis|Rell|Remady|Remady P&R|The Rembrandts|Remedy|Remedy|Remedy|Remedy (dupe 1)|Remedy Drive|Remember Jones|Remembering Never|Remi|Remi|Rémi Chassé|Remi Kabaka|Remie|Remigio Pereira|Remington|The Remingtons|Reminisce|Remioromen|Remis Xantos|REMMI|Remmy Valenzuela|Remo|Remo Drive|Remy|Remy Banks|Remy Boyz|Remy Gerstein|Remy Ma|Remy Martin|Remy Shand|Remy Zero|Ren|Ren Harvieu|Ren Jinguji (Junichi Suwabe),Syo Kurusu (Hiro Shimono)...|Ren Suxi|Ren Woods|Ren'e Liu|Rena Day|Rena Owens|Rena Scott|Renacimiento '74|Renaissance|Renaissance|Renaissance|Renaizzance|Renaldo Benson|Renaldo Jorge|Renan Almendarez Coello|Renan Luce|Renard Gallo|Renata Tebaldi|Renato Bruson|Renato Carosone|Renato Freyggang|Renato Girolami|Renato Russo|Renato Teixeria|Renato Xtrova|Renato Zero|Renaud|Renaud Bastien|Renaud Capucon|Renaud Garcia-Fons|Rend Collective|Rend Collective Experiment|Rene|Rene|Rene "Residente"|René & Angela|René & Ray|Rene & Rene|Rene & Renny|Rene And Ray|René Berthiaume|Rene Camacho|René Coman|René Dif|René Farrait|René Froger|Rene Jacobs|Rene Karst|Rene Koopman|René la Taupe|Rene Leibowitz|René Marie|René Martínez|Rene Minus|Rene Moore|René Moore|Rene Moore|Rene Neufville|Rene Pape|Rene Runge|Rene Russo|Rene Simard|Rene Tometschek|Rene Urbina|Renee|Reneé Aldrich|Renee Diggs|Renée Fleming|Renee Garcia|Renee Harris|Renée Martel|Renee McCall|Renee McCrary|Renee Neufville|Renee O'Connor|Reneé Olstead|Renee Rosnes|Renee Sands|Renee Sandstrom|Renee Soutendijk|Renee Spearman|Renee Spearman And Prez|Renee Stakey|Renee Tenison|Renee Veneziale|Renee Washington|Renee Wilkin|Renee Zellweger|Renee Zellweger/Catherine Zeta-Jones|Renee Zellweger/Ewan McGregor|Renee Zellweger/Harry Connick Jr.|Renee' Garcia|Renegade Soundwave|Renell Gonsalves|ReneT Armand|Reni|Renn Hawkey|Renne Diggs|Renner|Reno & Smiley|Reno Brothers|Reno Ginette|Reno Wang|Reno Wang|Reno Wang, Crystal Liu|The Rentals|Renzo|Renzo|Renzo Arbore|Reo Cragun|Reo Ieiri|REO Speedwagon|REOL|Reparata|Reparata & the Delrons|Reparata And The Delrons|Repartee|Repercussions|Replacement|The Replacements|Repliikki|Repo Crew|Repow|Reptar|Republic Of Loose|The Republic Tigers|Republica|RES|The Rescues|Residence Deejay|Residente|Residente|Residual Kid|Reslife Worship|Resonance|Resource|Respectables|Ressu Redford|Rest & Relax Nature Sounds Artists|Rest, Repose|Restart|Restless Heart|Restless Street|Restless Streets|Restorations|Retch|Retchy P|Retinto|Retribution Gospel Choir|Retta Young|Return to Forever|Reuben|Reuben Alexander|Reuben and the Dark|Reuben Bell|Reuben Howell|Reuben Morgan|Reuben Wu|Reunion|Reunion Project|The Rev|Rev Jones|Rev Milton Biggham|Rev Mizz|Rev R.L. White|Rev Run|Rev Theory|Rev-Players|Rev. Andre Woods & Chosen|Rev. Andrew Cheairs & The Songbirds|Rev. B.W. Smith Jr.|Rev. Calvin Bernard Rhone|Rev. Charles Nicks|Rev. Charles Nicks Jr.|Rev. Charles Nicks/St. James Baptist Church Choir|Rev. Charles Nicks/St. Louis & E. St. Louis GMWA|Rev. Charles Nicks/Wolverines Choir|Rev. Clay Evans|Rev. Clay Evans & the AARC Mass Choir|Rev. Clay Evans & The Fellowship Choir|Rev. Clay Evans And The AARC Mass Choir|Rev. Clay Evans/Fellowship Baptist Church Choir|Rev. Donald Vails|Rev. Dr. Otis Moss III|Rev. Earnest Davis, Jr. & The Wilmington Mass Choir Featuring Rev. Daryl Co|Rev. Ernest Davis, Jr.'s Wilmington Chester Mass Choir|Rev. F.C. Barnes|Rev. F.C. Barnes & Co. with Debra and Geraldine Barnes|Rev. F.C. Barnes & Rev. Janice Brown|Rev. Fleetwood Irving|Rev. George W. Warren|Rev. Gerald Thompson|Rev. Gerald Thompson & Hi-Prayz Crusade|Rev. Gerald Thompson & The Tenessee Full Gospel Baptist Church Mass Choir|Rev. Gerald Thompson/Oklahoma State Fellowship Choir|Rev. J. Cleveland/L.A. Gospel Messengers|Rev. J.Cleveland/Southern California Community Choir|Rev. J.R. Carrethers|Rev. Jackie McCullough|Rev. James Cleveland|Rev. James Cleveland & The L.A. Gospel Messengers|Rev. James Moore|Rev. James Moore w/ The Mississippi Mass Choir|Rev. Jasper Williams|Rev. Jasper Williams Jr|Rev. Joseph Young, Jr.|Rev. Julius Cheeks|Rev. Lawrence Thomison & The Music City Mass Choir|Rev. Luther Barnes And The Restoration Worship Center Choir|Rev. M. Brunson/Thompsom Comm. Singers|Rev. Maceo Woods|Rev. Martin Luther King, Jr.|Rev. Marvin Yancy|Rev. Milton Brunson|Rev. Milton Brunson & The Thompson Community Singers|Rev. Milton Brunson And The Thompson Community Singers|Rev. Omega Smith|Rev. Paul Exkano|Rev. Paul Jones|Rev. Percell Perkins|Rev. R.L. White & Rev. D. Vails/Mt. Ephraim Baptist Choir|Rev. R.L. White Jr. & Mt. Ephriam Baptist Church Mass Choir|Rev. R.L. White/Mt. Ephraim Baptist Choir feat. Williams Bros.|Rev. Thomas Walker|Rev. Timothy Wright|Rev. Timothy Wright & Chicago Interdenominational Mass Choir|Rev. Timothy Wright & The New York Fellowship Mass Choir|Rev. William Abney Bethel Penticostal Choir|Reva Devito|Revancha Nortena|Revanche|Reveille|Revelacao|Revelacion 2000|Revelatian|Revelation|Revelation Theory|Revelations|The Revelations|The Revels|Revenge|The Revenge|Revenue|The Reverb Junkie|Reverberi|Reverend|The Reverend|Reverend and the Makers|Reverend Edgar L. Vann, Jr.|Reverend Horton Heat|The Reverend Horton Heat|Reverend Luther Barnes & The Restoration Worship Center Choir|The Reverend McGinty|The Reverend Peyton's Big Damn Band|Reverend Robert Lowe And Generations|Revert Andrews|Revery|Revi|Revis|The Revivalists|Revive|Revive|Revive|Revocation|Revolting Cocks|Revolution Saints|Revolutionsorkestern|Revólver|Revolver Cannabis|Revolverheld|Revolvr|Rex Allen|Rex Allen|Rex Allen Jr.|Rex Allen, Jr.|Rex Brown|Rex Carroll|Rex Ewing|Rex Goh|Rex Gosdin|Rex Gosdin And Tommy Jennings|Rex Goudie|Rex Harrison|Rex Kramer|Rex Morris|Rex Organge County|Rex Reason|Rex Rideout|Rex Smith|Rex Smith & Rachel Sweet|Rex Smith/Rachel Sweet|Rexx Life Raj|Rey Chávez|Rey De La Paz|Rey EL Vikingo|Rey Mysterio|Rey Pirin|Rey Reyes|Rey Ruiz|Rey Sanchez|Rey Sepulveda|Reychesta|Reyes Bros.|Reykon|Reyli|Reyli Barba|Reyly|Reynaldo|Reynaldo Santiago|Rez|Rez|Rez Band|Rezz|Rhapsody of Fire|Rhea|Rhea Butcher|Rhea Perlman|Rhean Boyer|Rhema Soul|Rhett Akins|Rhett and Link|Rhett Crowe|Rhett Forrester|Rhett Miller|Rhett Price|Rhett Walker|Rhett Walker Band|Rhetta Hughes|RHEYA|Rhian Benson|Rhiannon|Rhiannon Giddens|Rhim|Rhinestone Mudflaps|Rhino|Rhino Edwards|Rhinoceros|RHODES|Rhodri Marsden|Rhodz|Rhoger Zamora|Rhogun Rua|Rhona|Rhona Bennett|Rhona Mitra/Bob Hoskins|Rhonda Clark|Rhonda Davis|Rhonda Grayson|Rhonda Gunn|Rhonda Manning|Rhonda Parris|Rhonda Thomas|Rhonda Vincent|Rhonda Vincent and the Rage|Rhonda Washington|Rhonni Stile|Rhyan Sheridan|Rhydian|Rhydian Dafydd|Rhye|Rhyme|Rhymefest|Rhymester|Rhys Chatham|Rhys Fulber|Rhys Miller|Rhys Owens|The Rhythm|Rhythm & News|Rhythm Club|Rhythm Corps|Rhythm Factor|Rhythm Gangsta|Rhythm Heritage|Rhythm Makers|Rhythm Masters|Rhythm of the Night|Rhythm On The Loose|Rhythm Power|Rhythm Source|Rhythm Syndicate|Rhythmatic|Rhythmcentric|Rhythmkillaz|Rhythms del Mundo|Rhythmstick|Rhyze|Ri-Ri|Ria|Ria Hall|Ria Mae|Riaa|Rian Dawson|Rian Flynn|RIAS Kammerchor|The Ribbons|The Ribeye Brothers|Ric Felix|Ric Flair|Ric Florian|Ric Formosa|Ric Grech|Ric Hordinski|Ric Ivanisevich|Ric Lee|Ric Menck|Ric Ocasek|Ric Peet|Ric Rothwell|Ric Sena|Ric Steel|Ric Wilson|Ric-A-Che|Ricardo "Rick Rock" Thomas|Ricardo "RikRok" Ducent|Ricardo & Joao Fernando|Ricardo Acosta|Ricardo Amorim|Ricardo Arjona|Ricardo Arreola|Ricardo Azevedo|Ricardo Castillón|Ricardo Cerda "El Gavilan"|Ricardo Da Force|Ricardo Delgado|Ricardo Katsuki|Ricardo Lemvo|Ricardo Marinello|Ricardo Montaner|Ricardo Muñoz|Ricardo Porrata|Ricardo Ray|Ricardo Ruipérez|Ricardo Sanchez|Ricardo Scales|Ricardo Silveira|Riccardo|Riccardo Chailly|Riccardo Cocciante|Riccardo Frizza|Riccardo Maffoni|Riccardo Minasi|Riccardo Muti|Riccardo Tesio|Ricco Barrino|Rice And Beans Orchestra|Ricegum|RiceGum|Rich Alves|Rich Balling|Rich Beddoe|Rich Black|Rich Boy|Rich Casey|Rich Casey|Rich Cason And The Galactic Orchestra|Rich Chigga|Rich Chilleri|Rich Cipriano|Rich Collins|Rich Credo|Rich Cronin|Rich Desjardins|Rich Dodson|Rich Fifield|Rich Franklin|Rich Freeman|Rich Gang|Rich Gilliland|Rich Gooch|Rich Graiko|Rich Herring|Rich Homie Quan|Rich Howard|Rich Kidd|Rich Kidz|Rich Landers|Rich Lataille|Rich Little|Rich Machin|Rich McCready|Rich Mitchell|Rich Mixture|Rich Moore|Rich Mullins|Rich Mullins|Rich O'Toole|Rich Pederson|Rich Robinson|Rich Rotkin|Rich Roxborough|Rich Ruth|Rich Samis|Rich Stevers|Rich the Factor|Rich The Kid|Rich the Kid|Rich Tschirhart|Rich Vos|Rich Ward|Rich White Ladies|Rich Williams|Richard "Dimples" Fields|Richard "Fat" Stevens|Richard "Groove" Holmes|Richard "Lo-Life" Nash|Richard "Scar" Lopez|Richard & Adam|Richard & the Young Lions|Richard 23|Richard And Gary Rose|Richard And The Young Lions|Richard Andrew|Richard Angel|Richard Archer|Richard Armitage|Richard Armstrong|Richard Ashcroft|Richard Attenborough|Richard Attenborough/Laurence Olivier|Richard Bailey|Richard Bailey|Richard Baker|Richard Barbieri|Richard Barrett With The Chantels|Richard Basehart/David Hedison|Richard Bean|Richard Bedford|Richard Bell|Richard Belley|Richard Belzer|Richard Bennett|Richard Betts|Richard Beymer|Richard Bishop|Richard Blandon|Richard Bohringer/Michael Gambon|Richard Bona|Richard Boyle|Richard Bradley|Richard Brooks|Richard Brown|Richard Bryans|Richard Buckner|Richard Bull|Richard Burgess|Richard Burgmann|Richard Burton|Richard Butler|Richard Calandra|Richard Carlson|Richard Carpenter|Richard Carrasco|Richard Casanova|Richard Causon|Richard Chamberlain|Richard Cheese|Richard Christy|Richard Clayderman|Richard Cocciante|Richard Colburn|Richard Coleman|Richard Coles|Richard Cook|Richard Crenna/Ben Cross|Richard Crume|Richard d'Andrea|Richard Daley|Richard Darbyshire|Richard Davis|Richard Dean Anderson|Richard Dean Anderson/Amanda Tapping|Richard Desjardins|Richard Dixon|Richard Dodd|Richard Dorfmeister|Richard Dreyfuss|Richard Dreyfuss/Burt Reynolds|Richard Dreyfuss/Teri Garr|Richard Drummie|Richard Dudanski|Richard Edson|Richard Edwards|Richard Egan/Sir Ralph Richardson|Richard Egarr|Richard Egües|Richard Elliot|Richard English|Richard Evans|Richard F|Richard F.|Richard Fairbrass|Richard Farnsworth/Sissy Spacek|Richard File|Richard Finch|Richard Fisher|Richard Foley|Richard Fortunato|Richard Fortus|Richard Foy|Richard Fraioli|Richard Friedman|Richard G. Johnson|Richard Galliano|Richard Gere|Richard Gere/Alfred Molina|Richard Gere/Debra Winger|Richard Gere/Diane Lane|Richard Gere/Julia Roberts|Richard Gere/Laura Linney|Richard Gere/Laura Linney (dupe 1)|Richard Gere/Terence Howard|Richard Gere/Winona Ryder|Richard Gibbs|Richard Goode|Richard Gottehrer|Richard Greene|Richard Greentree|Richard Grey|Richard Grey Presents House Republic|Richard Grieco|Richard Griffiths/Frances De La Tour|Richard Grossman|Richard Grossman|Richard Hammond|Richard Harper|Richard Harris|Richard Harris|Richard Harris|Richard Harris/Lucas Haas|Richard Harrison|Richard Harvey|Richard Hatch|Richard Hatcher|Richard Hathaway|Richard Hawkins|Richard Hawley|Richard Hayman|Richard Hayman And His Orchestra|Richard Hell|Richard Henn|Richard Héry|Richard Hewson Orchestra|Richard Hickox|Richard Hite|Richard Hobaica|Richard Hofherr|Richard Huntley|Richard Hynd|Richard Ingui|Richard Innes|Richard James|Richard James Burgess|Richard Jenkins,Haaz Sleiman|Richard John Parfitt|Richard Jon Smith|Richard Jonckheere|Richard Jones|Richard Jones|Richard Jones|Richard Joo|Richard Julian|Richard Jupp|Richard Karn|Richard Kemp|Richard Kermode|Richard Kiel|Richard Kincaid|Richard Kind|Richard Lacy|Richard Landis|Richard Lee|Richard Leech|Richard Leigh|Richard Lewis|Richard Liberty/Lori Cardille|Richard Lloyd|Richard Lugo|Richard Luzzi|Richard Manuel|Richard Marcell|Richard March|Richard Marks|Richard Marx|Richard Mathews|Richard Mazzotta|Richard McDougall|Richard McNamara|Richard McWalter|Richard Mercado|Richard Miles|Richard Moll|Richard Monica|Richard Moore|Richard Morrison|Richard Mulligan|Richard Neville|Richard Nivar|Richard O'Brien|Richard Oakes|Richard Olsen|Richard On|Richard Orlinski|Richard Owens|Richard Page|Richard Palmer|Richard Panebianco|Richard Pappik|Richard Parry|Richard Patrick|Richard Payne|Richard Pleasance|Richard Ploog|Richard Pratt|Richard Presley|Richard Pryor|Richard Reed Parry|Richard Rodney Bennett|Richard Rogers|Richard Romanus|Richard Rosenberg|Richard Rothfus|Richard Roundtree|Richard Roy|Richard Sadler|Richard Scharf|Richard Scotti|Richard Séguin|Richard Shack|Richard Shepherd|Richard Shindell|Richard Shoff|Richard Simmons|Richard Sjunnesson|Richard Smallwood|Richard Smallwood With Vision|Richard Smith|Richard Sohl|Richard Souther|Richard Spremich|Richard Steel|Richard Sterban|Richard Stevens|Richard Stoltzman|Richard Street|Richard T.Bear|Richard Tandy|Richard Taylor|Richard Taylor|Richard Tee|Richard Teitelbaum|Richard Terfry|Richard Thomas|Richard Thomas/Ralph Waite|Richard Thompson|Richard Tognetti|Richard Torrance|Richard Tucker|Richard Turbeville|Richard Tyson|Richard Usher|Richard Vission|Richard Wallace|Richard Walmsley|Richard Warner|Richard Weiss|Richard Westernburg|Richard Westwood|Richard Whetstone|Richard White|Richard White|Richard Widmark|Richard Worth|Richard Wouters|Richard Wright|Richard Young|Richard Z. Kruspe|Richard-Jonathan Perry|Richardo Carlos|Richey James|Richey Secchiari|RichGirl|Richie Allen|Richie Bartlett|Richie Beirach|Richie Beirach & George Coleman|Richie Campbell|Richie Cannata|Richie Cole|Richie Dickon|Richie Edwards|Richie Faulkner|Richie Freeman|Richie Furay|Richie Furay Band|Richie Goldman|Richie Havens|Richie Hawtin|Richie Hayward|Richie Horsely|Richie Jen|Richie Jen|Richie Jen|Richie Kotzen|Richie Lovsin|Richie Macioce|Richie McDonald|Richie Morales|Richie Ochoa|Richie Ramone|Richie Ray|Richie Ray Y Bobby Cruz|Richie Rich|Richie Rich|Richie Robertson|Richie Sambora|Richie Santana|Richie Sierra|Richie Spice|Richie Stephens|Richie Stringini|Richie Valdés|Richie Vermin|Richie Zito|Richie's Room 222 Gang|Richmond Extension|Richy Ahmed|Richy Nix|Richy Westley|Rick|Rick|Rick "Rock" McMurray|Rick & Bubba|Rick & Janis Carnes|Rick & Rich|Rick & The Keens|Rick Allen|Rick Allen|Rick And Lisa|Rick And The Keens|Rick Anderson|Rick Andridge|Rick Armellino|Rick Armstrong|Rick Arnold|Rick Ash|Rick Astley|Rick Barton|Rick Belanger|Rick Benjamin|Rick Bowles|Rick Brainer|Rick Brand|Rick Braun|Rick Burch|Rick Carey|Rick Cliburn|Rick Cobb|Rick Coonce|Rick Cowling|Rick Cua|Rick Cunha|Rick Dangel|Rick Danko|Rick Davies|Rick Deak|Rick Dees|Rick Dees & His Cast of Idiots|Rick Derringer|Rick Digiallonardo|Rick Dougherty|Rick Downey|Rick Ellis|Rick Engler|Rick Estrin|Rick Estrin And The Nightcats|Rick Fenn|Rick Foster|Rick Fox|Rick Frank|Rick Froberg|Rick Gardner|Rick Grech|Rick Hale|Rick Hale Featuring Skyler Hale|Rick Haze|Rick Heil|Rick Henderson|Rick Holmstrom|Rick Huges|Rick Hunolt|Rick Huxley|Rick J. Jordan|Rick Jackett|Rick Jacobs|Rick Jacques|Rick James|Rick James|Rick James|Rick Kellis|Rick Laird|Rick Landers|Rick Lober|Rick Lopez|Rick Manasa|Rick Margitza|Rick Mathews|Rick McCollum|Rick McPhail|Rick Mead|Rick Means|Rick Medlocke|Rick Miller|Rick Monroe|Rick Moranis|Rick Nelson|Rick Nelson|Rick Nelson|Rick Nelson & the Stone Canyon Band|Rick Nesta|Rick Nielsen|Rick Olsen|Rick Parfitt|Rick Penzone|Rick Pinette|Rick Pinette & Oak|Rick Pino|Rick Price|Rick Price|Rick Price and Jack Jones|Rick Rasura|Rick Richards|Rick Rivets|Rick Rizzo|Rick Roberts|Rick Roberts|Rick Ross|Rick Ross Featuring John Legend|Rick Rossovich|Rick Rozz|Rick Rubin|Rick Russell|Rick Sanberg|Rick Santers|Rick Savage|Rick Schaier|Rick Schell|Rick Scott|Rick Shaw|Rick Shelton|Rick Shlosser|Rick Simmonds|Rick Sims|Rick Skatore|Rick Slaughter Wernham|Rick Smith|Rick Smith|Rick Snyder|Rick Springfield|Rick Springfield With Randy Crawford|Rick Steier|Rick Strauss|Rick Summers|Rick Thompson|Rick Torres|Rick Trevino|Rick Tucker|Rick Van Zandt|Rick Vanaugh|Rick Ventura|Rick Vincent|Rick Vito|Rick Wagner|Rick Wakeman|Rick Washburn/Sandra Bullock|Rick West|Rick White|Rick Williams|Rick Wills|Rick Witkowski|Rick Woolstenhulme|Rick Woolstenhulme Jr.|Rick Worsnop|Rickard Goransson|Rickey Grundy|Rickey Morley|Rickey Payton|Rickey Smiley|Rickey Smith|Ricki Lake|Ricki-Lee|Rickie Lee Jones|Rickie Monie|Rickie Simpkins|Rickwell|Ricky Allen|Ricky Bailey|Ricky Baker|Ricky Beck|Ricky Beck Mahler|Ricky Bell|Ricky Blaze|Ricky Breaker|Ricky C|Ricky Castro Y Su Banda Soberbia|Ricky Cool|Ricky Cordo|Ricky Crespo|Ricky Dillard|Ricky Dillard & New "G"|Ricky Dillard & New G|Ricky Dillon|Ricky Echolette|Ricky Fanté|Ricky Fataar|Ricky Fitness|Ricky Ford|Ricky Gervais|Ricky Gervais/Ashley Jensen|Ricky Gervais/Tea Leoni|Ricky Gunn|Ricky Hirsch|Ricky Hitchcock|Ricky J|Ricky Jackson|Ricky Jackson|Ricky Kej|Ricky Kinchen|Ricky Knight|Ricky L|Ricky Lawason|Ricky Lawson|Ricky Lee Phelps|Ricky Lopez|Ricky Luis|Ricky Lynn Gregg|Ricky Mahler|Ricky Manning|Ricky Martin|Ricky Martin feat. Akasa|Ricky Martin feat. Maluma|Ricky Martyn|Ricky Meléndez|Ricky Mota|Ricky Muñoz|Ricky Nelson|Ricky Nelson|Ricky Nelson|Ricky Nelson|Ricky Olson|Ricky Owens|Ricky Parent|Ricky Peterson|Ricky Phillips|Ricky Portera|Ricky Rebel|Ricky Rebel|Ricky Reed|Ricky Reynolds|Ricky Rick|Ricky Ross|Ricky Sanders|Ricky Skaggs|Ricky Smith|Ricky Steamboat|Ricky Thomas|Ricky Turpin|Ricky Van Shelton|Ricky Warwick|Ricky West|Ricky Wilson|Ricky Wilson|Ricky Wolking|Ricky Xiao|Ricky Xiao|Ricky Xiao|Ricky Young|Rico|Rico Bernasconi|Rico Calhoun|Rico Love|Rico Reyes|Rico Richie|Ricochet|Ricochet|Ricochet|Ricochet (dupe 1)|Riddler|Riddlin' Kids|Ride|Ride Committee|Ride Committee Featuring Roxy|Ride The River|Rider Strong/Cerina Vincent|Riders in the Sky|The Rides|Rides Again|Ridgewalkers|Ridley Bent|Ridsa|Rie Iwanami|Rie Murakawa|rieco|Rietsa|Riff|RiFF RAFF|Riff West|The Rifles|Rigby|Rigga Rankin|Right Away, Great Captain!|Right Choice|The Right Kind|Right On Band|Right Said Fred|The Righteous Brothers|Righteous Vendetta|Rigo Dominguez|Rigo Luna|Rigo Marroquin|Rigo Tovar|Rigoletto|Rigu|Rihanna|Rihwa|Riitta Potinoja|Rik Elswit|Rik Emmett|Rik Fox|Rik Indio|Rik Kenton|Rik Mayall|Rik Shaw|Rika Jogasaki (Nozomi Yamamoto),Chieri Ogata (Naomi Ozora),Karen Houjo (Mai Fuchigami)...|Rika Jogasaki(Nozomi Yamamoto)|Rika Matsumoto|Rikah|Rikarena|Riké|Riki|Riki & André|Riki Lindhome|Rikk Agnew|Rikk Hart|Rikka Mehta|Rikke Normann|Rikki|Rikki Lixx|Rikki Mayr|Rikki Rockett|Riko|Rilan|Riley Breckenridge|Riley Clemmons|Riley Elmore|Riley Green|Riley Lee|Riley Richard|Riley Whisler|Rilo Kiley|Rim' K|Rim-K|Rime Salm|Rimi Natsukawa|Rimini Project|Rimshots|Rin|Rin Shibuya(Ayaka Fukuhara)|Rin'|Rina Katahira|Rina Sumioka|Rinaldo Alessandrini|Rinder And Lewis|Rindy Ross|Ringo Garza|Ringo Larz|Ringo Sheena|Ringo Shiina|Ringo Starr|Ringo Starr And His All Starr Band|Rings|The Rings|Rings of Saturn|Ringside|Ringworm|Rinkadink|The Rinky Dinks|Rino Gaetano|Rino Sashihara|Rinocerose|Rinus Gerritsen|Rio|Rio & Mars|Rio Grand|Rio Klein|Río Roma|Río Roma feat. CNCO|Riot|Riot|RIP|The Rip Chords|Rip Slyme|Rip Torn|Ripley Johnson|Ripp Flamez|The Rippingtons|Ripple|Ripshop|Riq Rose|Rique Franks|RIRI|Risa Binder|Risa Binder (dupe 1)|Rise|Rise|Rise Against|Risha Eryavec|Rising Son|Riskay|Riskykidd|Risque|Risse|Rissi Palmer|Risto Joost|Rita Antonopoulou|Rita Bellanza|Rita Coolidge|Rita Hart|Rita Hayworth|Rita Indiana Y Los Misterios|Rita J|Rita Lee|Rita Lee And Roberto|Rita Marley|Rita Mitsouko|Rita Moreno|Rita Ora|Rita Pavone|Rita Redshoes|Rita Remington|Rita Springer|Rita Wilson|Rita Wilson (dupe 1)|Ritch Colbert|Ritch Joffe|Ritchie Blackmore|Ritchie Burns|Ritchie DAmato|The Ritchie Family|Ritchie Hart|Ritchie Henman|Ritchie Valens|Ritchie Walker|Ritchie's Blackmore Rainbow|Ritmo Alegre|Ritmo Rojo|Ritmo Vallenato|Riton|Riton|Riton Featuring Kah-Lo|Ritschi|Ritter Thierry|Rittz|Ritual|Ritz|Ritzy Bryan|Riva|Riva Star|Rival Choir|The Rival Mob|Rival Schools|Rival Sons|River|River Guerguerian|River Ocean|River Phoenix|River Phoenix/Wil Wheaton|River Road|River Tiber|River Town Saints|River Valley Church|River Valley Community Church|River Valley Youth|River Whyless|RIVERA & TRATTNER|Riverbed|Riverboad Gamblers|Riverdogs|Rivers Cuomo|Rivers Jobe|Rivers of Nihil|Riverside|Riverside|Riverside|The Rivieras|The Rivieras|The Rivieras|The Rivingtons|Rivvrs|Rix|Rixton|Riyko|Riz|Riz MC|Riz Story|Rize|Rizen|Rizky Febian|Rizzle Kicks|RJ Helton|RJ Rice, Jr.|Rjd2|Rjmrla|RKCB|RKDN|RKM|RKM & Ken-Y|Rkomi|Rkomi|RL|RL DJS|RL Grime|RL Sheppard|RL Sheppard|RLP|RM|RMB|RNB3|RNDM|Ro James|RO-KYU-BU!|Ro-Lew|Ro-MiNA|Ro-Stylez|Roachford|The Road|The Road Apples|Road Dawgs|The Road Hammers|Road Runner|Roadrunner United|Roam Martin|Roame Lowry|Rob|Rob "Bucket" Hingley|Rob "SR" Aston|Rob "Wacko" Hunter|Rob $tone|Rob $tone Featu. D.R.A.M., Denzel Curry & Cousin Stizz|Rob 'N' Raz|Rob Accorsi|Rob Affuso|Rob Ahlers|Rob Al-Issa|Rob Anderson|Rob Arnold|Rob Arthur|Rob Avery|Rob Bailey|Rob Bailey & the Hustle Standard|Rob Baird|Rob Baker|Rob Barbato|Rob Barrett|Rob Base|Rob Base & D.J. E-Z Rock|Rob Beckley|Rob Birch|Rob Bloomfield|Rob Bochnik|Rob Bonaccorsi|Rob Bourdon|Rob Bravery|Rob Brent|Rob Brewer|Rob Brill|Rob Brown|Rob Buck|Rob Burger|Rob Burke|Rob Caggiano|Rob Cannavino|Rob Cantor|Rob Cavestany|Rob Cesario|Rob Cieka|Rob Clark|Rob Clores|Rob Collins|Rob Corddy|Rob Cournoyer|Rob Crosby|Rob Crow|Rob Crowell|Rob Dale|Rob Davis|Rob Deangelis|Rob DeBoer|Rob Delaney|Rob Derhak|Rob Dickinson|Rob Doran|Rob Dougan|Rob Dukes|Rob Dyrdek/Chris "Big Black" Boykin|Rob E C|Rob Echeverria|Rob Ehrenbrand|Rob Evans|Rob Fioretti|Rob Fisher|Rob Fisk|Rob Freeman|Rob Fricker|Rob Garcia|Rob Gardner|Rob Garza|Rob Gommerman|Rob Griffith|Rob Grill|Rob Guidotti|Rob Haigh|Rob Halford|Rob Harvey|Rob Hill, Sr.|Rob Hirst|Rob Hitt|Rob Horner|Rob Hotchkiss|Rob Huebel|Rob Hyman|Rob Ickes|Rob Jackson|Rob James|Rob Joanisse|Rob Jones|Rob Jungklas|Rob Kabula|Rob Kellenberger|Rob Kleiner|Rob Knop|Rob Kucharek|Rob Kurth|Rob Ladd|Rob Laidlaw|Rob Lambert|Rob Landes|Rob Landes (dupe 1)|Rob Leon|Rob Leonard|Rob Lewis|Rob Lind|Rob Love|Rob Lowe|Rob Lowe/Andre Braugher|Rob Lowe/Bill Paxton|Rob Lowe/Dule Hill|Rob Mackenzie|Rob Manzoli|Rob Marcello|Rob Mason|Rob Mayth|Rob Mazurek|Rob Mazurek Octet|Rob Mc Connel & The Boss Brass|Rob McConnell|Rob McCorkindale|Rob McCoury|Rob McKillop|Rob McVey|Rob Miller|Rob Miloo|Rob Minnig|Rob Mirage|Rob Mitchell|Rob Moose|Rob Morrow|Rob Morrow/David Krumholtz|Rob Morrow/Janine Turner|Rob Moschetti|Rob Mullins|Rob Paparozzi|Rob Parissi|Rob Parkin|Rob Parsons|Rob Pasalic|Rob Patterson|Rob Peltier|Rob Pfeiffer|Rob Pilatus|Rob Playford|Rob Pope|Rob Pyne|Rob Ramos|Rob Rich|Rob Rock|Rob Rolfe|Rob Ruccia|Rob Rule|Rob Sabado|Rob Savoy|Rob Schneider|Rob Schneider/David Spade|Rob Skipper|Rob Squires|Rob Steward|Rob Stone|Rob Stratton|Rob Sweitzer|Rob Swift|Rob Swire|Rob Tardik|Rob Taylor|Rob the Viking|Rob Thomas|Rob Thomas|Rob Thomas|Rob Townsend|Rob Tyner|Rob Urbani|Rob Van Dam|Rob Vunderink|Rob Wasserman|Rob Werthner|Rob White|Rob Whitesides-Woo|Rob Winter|Rob Zoe|Rob Zombie|Rob.Hodge|Robag Wruhme|Robb Bank$|Robb Flynn|Robb Houston|Robb MacLean|Robb Redmond|Robb Reiner|Robb Rivera|Robb Royer|Robb Torres|Robbee Mariano|Robben Ford|Robben Ford And The Blue Line|Robbert "Bobby" Dessauvagie|Robbie|Robbie "Da Bottom" Williams|Robbie Amell|Robbie Bachman|Robbie Blunt|Robbie Boyd|Robbie Carrico|Robbie Chater|Robbie Coltrane|Robbie Crane|Robbie Danzie|Robbie Dupree|Robbie Fulks|Robbie Furze|Robbie Grey|Robbie Guertin|Robbie Harden|Robbie McIntosh|Robbie Merrill|Robbie Montgomery|Robbie Mychals|Robbie Negrin|Robbie Nevil|Robbie Patton|Robbie Rae|Robbie Rivera|Robbie Rivera & Axwell|Robbie Rivera Presents Keylime|Robbie Robertson|Robbie Robertson & The Red Road Ensemble|Robbie Rosen|Robbie Rouse|Robbie Russell|Robbie Seay|Robbie Seay Band|Robbie Shakespeare|Robbie Smith|Robbie Steinhardt|Robbie Stern|Robbie Tronco|Robbie Van Leeuwen|Robbie Williams|Robbie Wyckoff|RobbieLee|Robbin Crosby|Robbin Grider|Robbin Thompson Band|The Robbin Thompson Band|The Robbs|Robby Benson|Robby Johnson|Robby Kiger|Robby Krieger|Robby Pardlo|Robby Shaffer|Robby Takac|Robby Tatum|Robe|Robert|Robert "3D" del Naja|Robert "Kool" Bell|Robert "P-Nut" Johnson|Robert "Pops" Popwell|Robert "Reggie" Ragan|Robert "Rumba" Jones|Robert "Spike" Mickens|Robert "Squirrel" Lester|Robert & Johnny|Robert Abigail|Robert Acuña|Robert Adam|Robert Antoni|Robert Arkins|Robert Arkins/Michael Aherne|Robert Arkins/Michael Aherne (dupe 1)|Robert Armstrong|Robert Avellanet|Robert Babicz|Robert Baird|Robert Bart|Robert Bell|Robert Beltran|Robert Black|Robert Blair|Robert Bloomfield|Robert Bonfiglio|Robert Bowlin|Robert Bradley|Robert Bradley's Blackwater Surprise|Robert Brookins|Robert Bryan|Robert Buck|Robert Bullington|Robert Burns|Robert C. Guy|Robert Carlyle|Robert Carlyle/Rose Byrne|Robert Carpenter|Robert Carr|Robert Carradine|Robert Cazimero|Robert Charlebois|Robert Chetcufi|Robert Chisolm|Robert Clivillés|Robert Conrad/Richard Chamberlain|Robert Conrad/Ross Martin|Robert Cook|Robert Cray|Robert Cray Band|Robert Crumb|Robert Curry|Robert Dahlqvist|Robert Davi|Robert Davi|Robert De Niro|Robert De Niro/Al Pacino|Robert De Niro/Billy Crystal|Robert De Niro/Chazz Palminteri|Robert De Niro/Cuba Gooding, Jr.|Robert De Niro/Dakota Fanning|Robert De Niro/Eddie Murphy|Robert De Niro/Edward Burns|Robert De Niro/Edward Norton|Robert De Niro/James Franco|Robert De Niro/Jeremy Irons|Robert De Niro/John Cazale|Robert De Niro/Nick Nolte|Robert De Niro/Philip Seymour Hoffman|Robert De Niro/Sean Penn|Robert del Moral|Robert DeLeo|Robert DeLong|Robert Dobyne|Robert Downey Jr.|Robert Downey, Jr.|Robert Downey, Jr./Terrence Howard|Robert Downey, Jr./Val Kilmer|Robert Dubac|Robert Duvall|Robert Duvall Betty Buckley|Robert Duvall/Thomas Haden Church|Robert Duvall/Tommy Lee Jones|Robert Dylan Thomas|Robert Earl Keen|Robert Earl Keen, Jr.|Robert Edwards|Robert Ehrenbrand|Robert Ellington|Robert Ellis|Robert Ellis Orrall|Robert Englund|Robert Englund/Jenna Jameson|Robert Eriksson|Robert Evans|Robert Fisher|Robert Fleming|Robert Forster|Robert Fortune|Robert Fortune Band|Robert Foxworth|Robert Francis|Robert Francis|Robert Fripp|Robert Gauss|Robert Gillies|Robert Ginty|Robert Glasper|Robert Glasper Experiment|Robert Goodie Whitfield|Robert Gordon|Robert Gordon With Link Wray|Robert Gorl|Robert Gotobed|Robert Goulet|Robert Graham-Campbell|Robert Greenidge|Robert Harris|Robert Harrison|Robert Hart|Robert Harvey|Robert Hawkins|Robert Haynes|Robert Hays|Robert Hays/Mel Harris|Robert Hazard|Robert Hecker|Robert Henrit|Robert Hitt|Robert Hollingworth|Robert Holmes|Robert Honey|Robert Hurst|Robert J. Smith|Robert Jackson|Robert James|Robert James Waller|Robert Jan Stips|Robert Jaramillo|Robert John|Robert John "Mutt" Lange|Robert John Burke|Robert Johnson|Robert Johnson|Robert Johnson|Robert K. Rodriguez|Robert Kearns|Robert Kelly|Robert Kelly|Robert Kenner|Robert Kinkel|Robert Knight|Robert Koch|Robert Lamm|Robert Lavoie|Robert Lee Reiner|Robert Lee Smith|Robert Lenzi|Robert Leroy|Robert Levin|Robert Levon Been|Robert Lewis|Robert Loggia|Robert Lombardo|Robert Loveless|Robert Lowe|Robert Lowe|Robert Lucas|Robert M|Robert MacDonald|Robert Maddox|Robert Malone|Robert Mann|Robert Marcello|Robert Marche|Robert Martin|Robert Maxwell His Harp And Orchestra|Robert McCann|Robert McDonald|Robert McDowell|Robert McDuffie|Robert Meadows|Robert Mercurio|Robert Michael Bradley|Robert Miles|Robert Mirabal|Robert Mitchum|Robert Moody|Robert Moore|Robert Newton/Connie Gilchrist|Robert Nix|Robert Ortiz|Robert Owens|Robert Palmer|Robert Palmer|Robert Parker|Robert Patrick|Robert Pattinson|Robert Peterson|Robert Pettersson|Robert Phillips|Robert Pierre|Robert Plant|Robert Plant & the Strange Sensation|Robert Plant And The Strange Sensation|Robert Pollard|Robert Pope|Robert Pressley, Jr.|Robert Preston|Robert Prizeman|Robert Pruitt|Robert Quimby|Robert Ramirez|Robert Randolph|Robert Randolph|Robert Randolph & the Family Band|Robert Rappaport|Robert Redford|Robert Redford/Brad Pitt|Robert Redford/James Gandolfini|Robert Redford/Jennifer Lopez|Robert Redford/Meryl Streep|Robert Reed|Robert Reed/Florence Henderson|Robert Reynolds|Robert Rich|Robert Ridgell|Robert Rowe|Robert Russell Bennett|Robert Sam|Robert Santiel|Robert Schneider|Robert Schultzberg|Robert Schumann Hochschule|Robert Schütze|Robert Schwartzman|Robert Sean Leonard|Robert Sedita|Robert Shaw|Robert Shaw Chorale|Robert Shaw Festival Singers|Robert Shaw Orchestra|Robert Silverman|Robert Simpson|Robert Slade LeMont|Robert Sledge|Robert Smith|Robert Spano|Robert Spencer|Robert Spring|Robert Stack/Jerry Paris|Robert Strickland|Robert Sweet|Robert Taub|Robert Taylor|Robert Teegarden|Robert Tepper|Robert Thursby|Robert Townsend|Robert Trujillo|Robert Turner|Robert Upchurch|Robert Urich|Robert Vargas|Robert Vargas Y Su Grupo|Robert Vickers|Robert Vigna|Robert Wagner|Robert Wells|Robert Westerholt|Robert Wheeler|Robert White|Robert Wilson|Robert Winters And Fall|Robert Wolfson|Robert Woolley|Robert Wuhl|Robert Wyatt|Robert Yeazel|Robert Young|Robert Ziegler|Roberta "Supa' Diva" Wyte|Roberta Brown|Roberta Canzian|Roberta Childs|Roberta Flack|Roberta Flack & Donny Hathaway|Roberta Gambarini|Roberta Haymon|Roberta Kelly|Roberta Miranda|Roberta Pompa|Roberta Shapiro|Roberta Shapiro, M.ED.|Roberto Abbado|Roberto Alagna|Roberto Antonio|Roberto Bellarosa|Roberto Benigni|Roberto Blades|Roberto Bueno|Roberto Cantero|Roberto Carlos|Roberto Carlos Lange|Roberto Carlos Y Rocio Durcal|Roberto Carlos/Vicente Fernandez|Roberto del Castillo|Roberto Delgado|Roberto Diaz|Roberto Dimitri Liapakis|Roberto Drovandi|Roberto Falcao|Roberto Fonseca|Roberto García|Roberto Guadarrama|Roberto Iniesta|Roberto Jr.|Roberto Junior Y Su Bandeño|Roberto Karlo Figueroa|Roberto Lugo|Roberto Orellana|Roberto Perera|Roberto Pulido|Roberto Pulido Y Los Clasicos|Roberto Pulido/Emilio Navaira|Roberto Roena|Roberto Roena y su Apollo sound|Roberto Tapia|Roberto Torres|Roberto Vecchioni|Roberto Visentin|The Robertsons|Robey|Robi Draco Rosa|Robi Kahakalau|Robi Rob's Clubworld|Robi Rosa|Robi-Rob's Clubworld|Robin|Robin|Robin|Robin|Robin & Cruiser|Robin & Linda Williams|Robin Barnes|Robin Batey|Robin Beck|Robin Bengtsson|Robin Bennett|Robin Campbell|Robin Diaz|Robin Duhe|Robin Dunne|Robin Eaglestone|Robin Eisenberg|Robin English|Robin Featuring Mikael Gabriel & Uniikki|Robin Feix|Robin Finck|Robin Fox|Robin George|Robin Gibb|Robin Givens|Robin Goodridge|Robin Guerit|Robin Guthrie|Robin Harris|Robin Hawkins|Robin Jones|Robin Lane|Robin Lane & The Chartbusters|Robin Lane And The Chart Busters|Robin Lee|Robin Lee And Lobo|Robin Luke|Robin Macy|Robin Mark|Robin McKelle|Robin McNamara|Robin Meade|Robin One|Robin Pecknold|Robin Peringer|Robin Pfefer|Robin Quivers|Robin Rader|Robin Rogers|Robin Russell|Robin S.|Robin Schulz|Robin Scott|Robin Shaw|Robin Shou|Robin Silas Christian|Robin Simon|Robin Sjunnesson|Robin Stanley|Robin Stjernberg|Robin Taylor-Firth|Robin Thicke|Robin Thicke Featuring Kendrick Lamar|Robin Thyne|Robin Trower|Robin Tunney|Robin Ward|Robin Williams|Robin Williams|Robin Williams|Robin Williams|Robin Williams/Christopher Walken|Robin Williams/Edward Norton|Robin Williams/Jeff Daniels|Robin Williams/Mandy Moore|Robin Williams/Mira Sorvino|Robin Williams/Toni Collette|Robin Williamson|Robin Wilson|Robin Wilson|Robin Wright Penn|Robin Zander|Robo|Robokop|Robosonic|Robotaki|Robson & Jerome|Robson Green & Jerome Flynn|Roby|Roby Facchinetti|Roby Guarnera|Robyn|Robyn Adele Anderson|Robyn Hitchcock|Robyn Hitchcock & The Egyptians|Robyn Hitchcock & The Venus 3|Robyn Hitchcock 'n' The Egyptians|Robyn Robbins|Robyn Springer|Robyn With Kleerup|Robyrda Stiger|Roc Marciano|The Roc Project|Roc Raida|Rocca|Rocco|Rocco Barker|Rocco Deluca|Rocco Deluca & the Burden|Rocco DeLuca And The Burden|Rocco Granata and the International Quintet|Rocco Hunt|Roch Voisine|Roch Voisine & Garou Et Corneille|Roch Voisine & Robert Charlebois|Roch Voisine with Jean-Francois Breau & Boom Desjardins|Rochell And The Candles With Johnny Wyatt|Rochelle|Rochelle (dupe 1)|Rochelle Crocker|Rochelle Fleming|Rochelle Jordan|Rochelle Runnels|Rochelle Wiseman|The Roches|Rochester Neal|Rochester Philharmonic Orchestra|Rochester Pops (Kunzel)|Rochester Pops (Wayland)|Rocío Banquells|Rocio Banquells/Luis Miguel|Rocío Dúrcal|Rocio Durcal/Juan Gabriel|Rocío Jurado|Rocío Marron|Rocio Sandoval|Rock|Rock & Cherries Agency|Rock & Hyde|Rock & Roll Double Bubble|Rock 'N' Roll Worship Circus|Rock A Japonica|Rock And Hyde|Rock and Roll Indian|Rock Candy Funk Party|Rock Choir|Rock City Angels|Rock D|The Rock En Español|Rock Flowers|Rock Heroes|Rock Hudson|The Rock Kids|Rock Kills Kid|Rock Master Scott & the Dynamic Three|Rock Master Scott And The Dynamic Three|The Rock Music|Rock Posse feat. Fonda Rae|Rock Rose|Rock Squad|Rock Star Supernova|Rock Steady Crew|The Rock Worship|The Rock*A*Teens|Rock-A-Teens|Rockabye Baby!|Rockapella|Rockats|Rockell|Rocker's Revenge|Rocket|Rocket Club|Rocket from the Crypt|The Rocket Summer|The Rocketboys|Rockets|The Rockets|The Rockets|The Rockettes|Rockie Fresh|Rockie Gold|Rockie Lynne|Rockie Robbins|Rockik|Rockin' Dopsie Jr.|Rockin' Dopsie, Jr.|The Rockin' R's|Rockin' Rebels|The Rockin' Rebels|Rockin' Robin Roberts|Rockin' Sidney|Rockin' Squat|Rockinhorse|ROCKMAFIA|Rocko|Rocko Dinero|Rocko y Blasty|Rockpile|Rocks Worldwide|Rockstar|Rocktopia|Rockwell|Rocky Bryant|Rocky Burnette|Rocky Dawuni|The Rocky Fellers|Rocky George|Rocky Gray|Rocky Hernández|Rocky Hill|Rocky Loves Emily|Rocky Maffitt|Rocky Mizell|Rocky Olson|Rocky Votolato|Rocky Wilson|Rococo|Rod|Rod Allen|Rod Argent|Rod Bernard|Rod Black|Rod Carrillo|Rod Cervera|Rod Clements|Rod Coombes|Rod Evans|Rod Futrille|Rod Hart|Rod Jones|Rod Lauren|Rod McKuen|Rod Melancon|Rod Morgenstein|Rod Parsley|Rod Piazza|Rod Piazza & The Mighty Flyers|Rod Price|Rod Prince|Rod Radalj|Rod Reisman|Rod Richards|Rod Rishard|Rod Roddy|Rod Smarr|Rod Steiger|Rod Stewart|Rod Taylor|Rod Taylor/Tippi Hedren|Rod Temperton|Rod Toner|Rod Tyler|Rod Wilson|Rodan|Rodd Houston|Roddie Joy|Roddy Bottum|Roddy Frame|Roddy Lorimer|Roddy McDowell|Roddy Piper|Roddy Radiation|Roddy Woomble|Roderick Clark|Roderick Giles|Roderick J. Wolgamott|Rodger Collins|Rodger Hodgson|Rodlin Pierre|Rodlund & Hewie|Rodney|Rodney Allen|Rodney Anonymous|Rodney Atkins|Rodney Beasley|Rodney Bishop|Rodney Britt|Rodney Browning|Rodney Carrington|Rodney Crowell|Rodney Curtis|Rodney Dangerfield|Rodney E. Stewart|Rodney Ellis|Rodney Franklin|Rodney Friend|Rodney Jordan|Rodney Lay|Rodney Lay And The Wild West|Rodney Lee|Rodney Lundy|Rodney Mannsfield|Rodney O|Rodney O & Joe Cooley|Rodney Posey|Rodney Posey & Praise|Rodney Saulsberry|Rodney Sellars|Rodney Sheppard|Rodney Taylor|Rodney Whitaker|Rodney Yee|Rodney Yee/Patricia Walden|Rodnie Bryant|Rodolfo Chikilicuatre|Rodolfo Mederos|Rodrick Dixon|Rodrigo Amarante|Rodrigo Campos|Rodrigo Dávila|Rodrigo Fernandez|Rodrigo Gonzales|Rodrigo Leão|Rodrigo Sanchez|Rodrigo y Gabriela|Rodriguez|Rodway|Rody Walker|Roebuck "Pops" Staples|Roelant|RoeShamBeaux|Roez Boyz|Rogelio Martinez|Rogelio Martínez|Rogelio Martinez|Rogelio Martinez "EL RM"|Roger|Roger Archibald|Roger Ball|Roger Ballard|Roger Bennett|Roger Bowling|Roger Boyd|Roger Brown|Roger Bryant|Roger Bunn|Roger Bush|Roger Camero|Roger Chapman|Roger Chopper Law|Roger Christian|Roger Cicero|Roger Clyne|Roger Clyne And The Peacemakers|Roger Cook|Roger Creager|Roger Dabbs|Roger Daltrey|Roger DeLillo|Roger Durham|Roger Earl|Roger Eaton|Roger Eno|Roger Federer|Roger Fisher|Roger Gambill|Roger Glover|Roger Greenaway|Roger Groom|Roger Hallmark And The Thrasher Brothers|Roger Hatcher|Roger Hawkins|Roger Hodgson|Roger Humphries|Roger Ivie And Silvercreek|Roger James Cooke|Roger Johnson|Roger Kellaway|Roger Kent|Roger Lahr|Roger Lewis|Roger Lewis|Roger Manganelli|Roger Manning|Roger Marshall|Roger Mason|Roger McGough|Roger McGuinn|Roger McLachlan|Roger Miller|Roger Miller|Roger Miller|Roger Miret|Roger Molina|Roger Mooking|Roger Moore|Roger Moore Maud Adams|Roger Morris|Roger O'Donnell|Roger Odell|Roger Paglia|Roger Powell|Roger Ray|Roger Rivas|Roger Robinson|Roger Rocha|Roger Rone|Roger Rose|Roger S.|Roger Sanchez|Roger Sanchez|Roger Saunders|Roger Sjunnesson|Roger Smith|Roger Smith|Roger Smith|Roger Springer|Roger Steen|Roger Sutton|Roger Tapping|Roger Taylor|Roger Taylor|Roger Troutman|Roger Troutman II|Roger Vera|Roger Voudoris|Roger Voudouris|Roger w/ The Mighty Clouds Of Joy|Roger Waters|Roger White|Roger Whittaker|Roger Williams|Roger Williams|Roger Williams & The Harry Simeone Chorale|Roger Yang|Roger Yang|Roger Yang|Roger Yang|Roger Yang & Cui Zige|Roger Young|Rogério Flausino|Rogerio Viana|Rogers Covey-Crump|Rogers Stevens|Rogue|Rogue Souljahz (Stico & Da Bandit)|Rogue Traders|Rogue Wave|Roh Ji Hoon (Feat. Shorry J)|Roh Ji Hoon (Feat. Shorry J)|Rohan|Rohff|Roine Stolt|Roisin|Roisin Murphy|Róisín Murphy|Roisin O|Roj Stevens|Rojeem Taylor|ROK Fairies|Rokabanda|Rokelle|Rokia Traoré|Roky Erickson|Rola|Roland Alphonso|Roland Batik|Roland Bausert|Roland Bautista|Roland Belmares|Roland Bless|Roland Cazimero|Roland Chambers|Roland Clark|Roland Gift|Roland Grapow|Roland Hanneman|Roland Johasson|Roland Johnson|Roland Kaiser|Roland Orzabal|Roland Romanelli|Roland Villareal|Roland White|Rolando Alejandro|Rolando Benavidez, Jr.|Rolando La Serie|Rolando Ochoa|Rolando Villazón|Rolandz|Roldán|Rolf Harris|Rolf Lislevand|Rolf Løvland|Rolf Sanchez|Rolf Sanchez & Farruko|Rolf Schweizer|Rolf Smedvig/Michael Murray|Rolf Stahlhofen|Rolf Stahlofen|Roli Mosimann|Rolie Polie Olie|Roll Deep|Roll's Boys|Rolle Dexter|Rolle Love|The Rollers|Rollin Wang|Rolling Blackouts Coastal Fever|The Rolling Stones|Rollins Band|Rollo|Rollum Haas|Rolo McGinty|Rolx|Rom|Roma Downey|Roma Kenga|Roma Pafos|Roma Sinfonietta Orchestra|Romain Virgo|Roman Fleysher|Roman Gianarthur|Roman Glick|Roman Havaland|Roman Holliday|Roman Kuebler|Roman Lob|Roman Martyn|Roman Street|Romance|Romance On A Rocketship|Romanelli|Romano & Sapienza|Romans|Romanthony|Romantic Piano Song Masters|The Romantics|Rome|Rome|Rome|Rome (dupe 1)|ROME 2000|Rome Fortune|Rome Of Sublime|Romeo|Romeo & Juliet Soundtrack|Romeo Johnson|Romeo Prado|Romeo Santos|Romeo Stodart|Romeo Void|Romeo's Daughter|The Romeos|Romes|Romey|ROMITI|Rommy Martin|Romola Garai|Romulus|Romy|Romy Madley Croft|Romye Robinson|Ron|Ron "Pigpen" McKernan|Ron Albertson|Ron And The D.C. Crew|Ron Artest|Ron Asheton|Ron Babcock|Ron Baker|Ron Banks|Ron Banks And The Dramatics|Ron Beck|Ron Beitle|Ron Berg|Ron Blair|Ron Block|Ron Booth|Ron Boustead|Ron Browz|Ron Bushy|Ron Bykowski|Ron C|Ron C. Walters|Ron Carroll|Ron Carter|Ron Carthy|Ron Clutch|Ron Dante|Ron Demasi|Ron Dwarf|Ron E. Beck|Ron Edgar|Ron Elliott|Ron English|Ron Foos|Ron Ford|Ron Francois|Ron Frangipane|Ron Freschi|Ron Funches|Ron Gallo|Ron Gardner|Ron Getman|Ron Gilbert|Ron Gilmore|Ron Gilmore Featuring Emoni|Ron Gremp|Ron Griffiths|Ron Hayes|Ron Haynes|Ron Heathman|Ron Henderson + Choice Of Colours|Ron Holden with The Thunderbirds|Ron Howard/Tom Bosley|Ron Howden|Ron Hurst|Ron Isley|Ron Jeremy|Ron Keel|Ron Kelly|Ron Kenoly|Ron Kerber|Ron Kersey|Ron King|Ron Korb|Ron Levi|Ron Levy|Ron Lewis|Ron Lipnicki|Ron Livingston|Ron Livingston/Jennifer Aniston|Ron Lowry|Ron Mael|Ron McClure|Ron McFarlane|Ron McGovney|Ron McMillon|Ron Meagher|Ron Miles|Ron Moody|Ron Morgan|Ron Murray|Ron Overman|Ron Page|Ron Palillo|Ron Perkov|Ron Perlman|Ron Perlman/Linda Hamilton|Ron Perlman/Selma Blair|Ron Pope|Ron Preyer|Ron Reace|Ron Reeser|Ron Reyes|Ron Riddle|Ron Rosman|Ron San Filippo|Ron Sexsmith|Ron Shaw|Ron Silver|Ron Simasek|Ron Smith|Ron Staples|Ron Stockert|Ron Strykert|Ron Taormina|Ron Taylor|Ron Telemacque|Ron Tostenson|Ron Townson|Ron Trent|Ron Tutt|Ron Tyson|Ron van den Beuken|Ron Van Leeuwarde|Ron Wallace|Ron Wasserman|Ron Watson|Ron Welty|Ron White|Ron Wilson|Ron Wilson|Ron Winans|Ron Winans Presents Family & Friends|Ron Winans, Family & Friends Choir|Ron Wisko|Ron Wood|Ron Yuval|The Ron-Dels|Ronald "Boo" Hinkson|Ronald Allen|Ronald Bell|Ronald Brautigam|Ronald Brown|Ronald Clark|Ronald Colman|Ronald Gathers|Ronald Isley|Ronald Jackson|Ronald Jenkees|Ronald Jones|Ronald Kool|Ronald LaPread|Ronald Markham|Ronald Mundy|Ronald Nunez|Ronald Reagan|Ronald Romm|Ronald Rosenbaum|Ronald Smith|Ronald White|Ronald Winans|Ronaldo Gonzalez|Ronan Browne|Ronan Hardiman|Ronan Harris|Ronan Keating|Ronan Tynan|Rondalis Tandy|Rondo|Rondue|Ronee Blakley|Ronetta Spencer|The Ronettes|Rongedal|Ronghao Li|Roni Griffith|Roni Hill|Roni Size|Roni Size/Reprazent|Roniece Levias|Ronin|Ronn Matlock|Ronna Reeves|Ronnie "10" Younkins|Ronnie "Mouse" Weiss|Ronnie & Natalie O'Hara|Ronnie & the Hi-Lites|Ronnie Aldrich|Ronnie and The Hi-Lites|Ronnie Atkins|Ronnie Baker|Ronnie Baker Brooks|Ronnie Banks|Ronnie Bennett|Ronnie Biggs|Ronnie Bond|Ronnie Booth, Jr.|Ronnie Bowman|Ronnie Brandon|Ronnie Bretone|Ronnie Brown|Ronnie Bryant|Ronnie Bumps|Ronnie Caldwell|Ronnie Canizaro|Ronnie Carroll|Ronnie Chipres|Ronnie Collins|Ronnie Davis|Ronnie DeVoe|Ronnie Dove|Ronnie Drew|Ronnie Dunn|Ronnie Dyson|Ronnie Earl|Ronnie Earl And The Broadcasters|Ronnie Flex|Ronnie Foster|Ronnie Freeman|Ronnie Gaylord|Ronnie Godfrey|Ronnie Hammond|Ronnie Hawkins|Ronnie Hawkins & the Hawks|Ronnie Height|Ronnie Henson|Ronnie James Dio|Ronnie James Weber|Ronnie Jones|Ronnie Jones And Claudja Barry|Ronnie Jude|Ronnie Lane|Ronnie Laws|Ronnie Leahy|Ronnie Love And His Orchestra|Ronnie Matthews|Ronnie McDowell|Ronnie McNeir|Ronnie McQueen|Ronnie McShane|Ronnie Millings|Ronnie Milsap|Ronnie Milsap & Mike Reid|Ronnie Montrose|Ronnie Pace|Ronnie Parris|Ronnie Peel|Ronnie Penque|Ronnie Prophet|Ronnie Radke|Ronnie Reno|Ronnie Robbins|Ronnie Rogers|Ronnie Savoy|Ronnie Sessions|Ronnie Simpkins|Ronnie Spector|Ronnie Speeks|Ronnie Spencer|Ronnie Stone|Ronnie Sumrall|Ronnie Van Zant|Ronnie Vannucci|Ronnie Ventura|Ronnie Wells|Ronnie Wilson|Ronnie Winter|Ronnie Winter-Defoe|Ronnie Wood|Ronnie Wood (dupe 1)|Ronny|Ronny & Rangel|Ronny & the Daytonas|Ronny And The Daytonas|Ronny Cates|Ronny Cook|Ronny Cox|Ronny Dayton|Ronny Douglas|Ronny Fimmel|Ronny Gentile|Ronny Jordan|Ronny Moorings|Ronny Robbins|Ronny Smith|Ronny V|Ronski Speed|Ronson Armstrong|Rony G|Rony Rex|Rooftop Singers|Rookie of the Year|ROOKiEZ is PUNK'D|Room 2012|Room 5|Room Eleven|Room For Two|Room Service|Roomful of Blues|Roomful of Teeth|The Roommates|Rooney|Roope Latvala|Roope Salminen|Roope Salminen & Koirat|Roosevelt|Roosevelt "The Doctor" Collier|Roosevelt Boles|Roosevelt Brodie|Roosevelt Fountain And Pens Of Rhythm|Roosevelt Mays|The Roosevelts|Rooster|RootFive|The Roots|Roots Combination|Roots Manuva|Roots Of A Rebellion|Roots of Creation|Rooty|Rootz Underground|Rooverb, Alan Crown and Alicia Madison|Roper|Roper Show|Roque Rene Lizárraga|Ror-Shak|Rori|Rorianne Schrade|Roro|Rory Aggwelt|Rory Block|Rory Calhoun|Rory Carrera|Rory Cochrane|Rory Feek|Rory Fresco|Rory Gallagher|Rory Koff|Rory MacDonald|Rory Quirk|Rory Scovel|RoryStoneLove|Ros Stephen|Rosa|Rosa de Saron|Rosa Laricchiuta|Rosa Lee|Rosa Lee Hawkins|Rosa Lopez|Rosa Lux|Rosa Passos|Rosabel|Rosalee|Rosalía|Rosalina|Rosalind Ashford|Rosalind Chao|Rosalind McAllister|Rosalind Russell|Rosalio Meza|Rosalyn Ashford|Rosan Gallimore|Rosana|Rosana Arbelo|Rosanna Arquette|Rosanna Munter|Rosanna Tavarez|Rosanne Cash|Rosario|Rosario Dawson/Taye Diggs|Rosario Flores|Rosco|Rosco Gordon|Rosco Martinez|Rosco Robinson|Roscoe|Roscoe|Roscoe|Roscoe|Roscoe "Murder One" Devoux|Roscoe Dash|Roscoe Mitchell|Roscoe P. Coldchain|Roscoe Umali|Rose|Rose|Rose|Rose|Rose|Rose|Rose & Mirage Lee|Rose Banks|The Rose Brothers|Rose Byrne/Cliff Curtis|Rose Casper|Rose Colored Glass|Rose Cornelius|Rose Cousins|Rose Elinor Dougall|Rose Garden|Rose Hill Drive|Rose Maddox|Rose May Alaba|Rose May Dance|Rose McGowan/Freddy Rodriguez|Rose Moore|Rose Motel, Shim Eun Kyung|Rose Motel, Shim Eun Kyung|Rose Murphy|Rose Norwalt|Rose Royce|Rose Stone|Rose Watson|Rose Windross|Roseanne Barr|Roseanne Barr/John Goodman|Rosebud|Rosebuds|Roseland Rhythm Revue|Roselia|Rosélia|Roselyn Sanchez|Rosemary Clooney|Rosemary Clooney With John Pizzarelli|Rosemary Sharp|Rosendo|Rosendo Amparano|Rosenshontz|Rosenstolz|Roses Gabor|Rosetta|Rosetta Hightower|Rosette|Rosette featuring Kardinal Offishall|Rosey|Roshaun Clarke|Roshell Anderson|Roshelle|Roshon Bernard Fegan|Roshon Fegan|Rosie|Rosie "Rosalie" Hamlin|Rosie & the Originals|Rosie And The Originals|Rosie Delmah|Rosie Flores|Rosie Gaines|Rosie Lowe|Rosie Martin|Rosie McNamara-Jones|Rosie O'Donnell|Rosie Perez|Rosie Vela|Rosko|Rosko Gee|Roskow Kretschmann|Roslyn Bygrave|Ross A. Sinclair|Ross Allemang|Ross Allen|Ross Bagdasarian|Ross Bon|Ross Childress|Ross Dolan|Ross Doyle|Ross Dubois|Ross Flournoy|Ross Funicello|Ross Godfrey|Ross Jarman|Ross Lewis|Ross Lynch|Ross Millard|Ross Ott|Ross Parsley|Ross Phillips|Ross Sewage|Ross Stephens|Ross the Boss|Ross Traut|Ross Traut/Steve Rodby|Ross Turney|Ross Valory|Rossano Brazzi|Rossemberg Maza|The Rossington Band|Rossington Collins Band|Rostam|Rostropovich, Emerson String Quartet|Roszetta Johnson|Rotana|Rotary Connection|Rotem Sivan|Rotimi|Rotkraft|Rotterdam Philharmonic Orchestra|Rottin Razkals|Rotting Christ|Rou Reynolds|Rouge|Rouge Pompier|Rouge Rouge|Rough Diamond|Rough House Survivers|Rough Start|Rough Trade|Roukin|Roula|Round Robin|Round Table|Round2Crew|Roundhead|Roundtree|Roupa Nova|Route 94|Routers|The Rovers|Rovio Mobile|Rowan Atkinson|Rowan Atkinson/Emma DeCaunes|Rowan Blanchard|The Rowans|Rowdy Rebel|Rowen Atkinson|Rowen Atkinson/John Malkovich|Rowley Fox|Rown Blanchard|Rowwen Hèze|Rox|Roxane De Lafontaine|Roxanna|Roxanne|Roxanne|Roxanne Bruneau|Roxanne Clifford|Roxanne Layton|Roxanne Shanté|Roxette|Roxie Dean|Roxie Y Los Frijolitos|Roxy|Roxy Blue|Roxy Cottontail|Roxy Music|Roxy Perry|Roxy Petrucci|Roy|Roy "C"|Roy & HG|Roy & Revelation|Roy Acuff|Roy Adams|Roy Apps|Roy Ayers|Roy Ayers Ubiquity|Roy Berry|Roy Bittan|Roy Blumenfeld|Roy Boulter|Roy Brown|Roy Buchanan|Roy C|Roy Carter|Roy Chaney|Roy Clark|Roy Clark|Roy Corkhill|Roy Cox|Roy Crain, SR.|Roy Crewsdon|Roy Cunningham|Roy D. Mercer|Roy Davies|Roy Davis Jr.|Roy Davis, Jr.|Roy Dodds|Roy Dotrice|Roy Drusky|Roy Dyke|Roy Eaton|Roy English|Roy Estrada|Roy Etzel|Roy Ewing|Roy Flowers|Roy G|Roy Goudy|Roy Hamilton|Roy Hargrove|Roy Hargrove & Antonio Hart|Roy Hargrove Big Band|Roy Hay|Roy Haynes|Roy Head|Roy Head and the Traits|Roy Hensley|Roy Howat|Roy Ivy|Roy Johnson|Roy Jones, Jr.|Roy Kenner|Roy Khan|Roy Kim|Roy Koutsky|Roy Kral|Roy Lanham|Roy Lee Centers|Roy Louis|Roy Lynes|Roy Marquez|Roy Mayorga|Roy McCurdy|Roy McDonald|Roy Milton|Roy Mitchell-Cárdenas|Roy Murray|Roy Nathanson|Roy Orbison|Roy Orbison & Friends|Roy Ramirez|Roy Rogers|Roy Rogers|Roy Rogers|Roy Rogers (dupe 1)|Roy Rogers (dupe 2)|Roy Rosello|Roy Scheider|Roy Scheider/Jonathan Brandis|Roy Scheider/Malcolm McDowell|Roy Scheider/Richard Dreyfuss|Roy Shakked|Roy Smith|Roy Stephen Davis|Roy Stride|Roy Tavare|Roy Thinnes/Kent Smith|Roy Thompson|Roy Wang|Roy Wang|Roy Ward|Roy Whittaker|Roy Wood|Roy Wood Jr.|Roy Woods|Roy Woods|Roy Yeager|Royal|Royal Ballet Sinfonia|Royal Bliss|Royal Blood|Royal Blood|Royal Blood|Royal C|Royal Canoe|Royal Cash|The Royal Concept|Royal Concertgebouw Orchestra|Royal Crescent Mob|Royal Crown Revue|Royal Danish Opera|Royal Dano|Royal Flush|Royal Foundry|Royal Gigolos|The Royal Guardsmen|Royal Headache|Royal House|Royal Hunt|Royal Jelly|Royal Liverpool (Pesek)|Royal Liverpool Philharmonic Orchestra|Royal Northern College Of Music Wind Orchestra|Royal Phil.(Clark)|Royal Philharmonic (Batiz)|Royal Philharmonic (Stratta)|Royal Philharmonic Orchestra|Royal Philharmonic Orchestra Conducted By Louis Clark|Royal Philharmonic Pops (Bernstein)|Royal Pirates|Royal Posse|Royal Priesthood|Royal Reed|Royal Republic|The Royal Royal|Royal Scots Dragoon Guards|Royal Scottish National Chorus|Royal Scottish National Orchestra|Royal Society Feat. Nikki Awesome|Royal Southern Brotherhood|Royal Tailor|Royal Teens|The Royal Teens|Royal Teeth|Royal Thunder|Royal Tusk|Royal Wade Kimes|Royal Wood|The Royalettes|The Royaltones|Royalty|Royce da 5'9"|Royce Jones|Royce Kendall|Royce Kendall|Royce Lovett|Royce Nunley|Roye Albrighton|Royish Good Looks|Röyk-Sopp|Royksopp|Röyksopp|The Roys|Royse Ader|Royseven|Royston Langdon|Royworld|Royz|Roz Bell|Rozalen|Rozalin Woods|Rozalla|Rozelle|Rozelly|Rozena Petty|ROZES|Rozetta Johnson|Rozlyne Clarke|Rozonda Thomas|Rozwell Kid|Rozzi Crane|RPM 2000|RRSO Symphony Orchestra|RSK|Rsk & Blaze|RSVP Voices|RT|RTL Boulevard United|RTZ|RU|RU|The Rua|RUBBEN|Rubber Rodeo|Rubberbandits|Rubblebucket|Rubby Haddock|Rubby Perez|Ruben & Ra|Rubén Albarrán|Ruben Annink|Rubén Blades|Rubén Bridge|Ruben Cruz|Ruben DeFuentes|Ruben DJ|Ruben Gomez|Rubén González|Ruben Haze|Rubén Pozo|Rubén Ramos|Ruben Sambrano Marrufo|Ruben Siguenza|Ruben Studdard|Rubén Vela|Ruben Wright|The Rubens|Rubettes|Rubicon|Rubicon Cross|The Rubinoos|Ruby|Ruby & The Party Gang|Ruby & the Romantics|Ruby Amanfu|Ruby And The Romantics|Ruby Andrews|Ruby Bones|Ruby Falls|Ruby Friedman Orchestra|Ruby Frost|Ruby Johnson|Ruby Jones|Ruby Lovett|Ruby Nash Curtis|Ruby O'Dell|Ruby Prophet|Ruby Rose|Ruby Rose Fox|Ruby Terry|Ruby Turner|Ruby Velle|Ruby Velle & the Soulphonics|Ruby Winters|Ruby Wright|Rubyhorse|The Rubyz|Ruca|Ruck|Rucka Rucka Ali|The Rude Boys|Rudeboy|Rudenko|Rudfunkchor Berlin|Rudi Buttas|Rudi Harst|Rüdiger Linhof|Rudimental|Rudolf de Borst|Rudolf Moser|Rudolf Schenker|Rudolf Serkin|Rudolf Wurthner|Rudolph Isley|Rudolph Johnson|Rudolph Malizia|Rudolph Naomi|Rudolph Stanfield & New Revelation|Rudresh Mahanthappa|Rudy|Rudy Currence|Rudy Currence|Rudy Gajadhar|Rudy Gatlin|Rudy La Scala|Rudy LaScala|Rudy Lenners|Rudy Lewis|Rudy Love|Rudy Perrone|Rudy Pompilli|Rudy Ray Moore|Rudy Richman|Rudy Royston|Rudy Rudisimo|Rudy Sarzo|Rudy Tambala|Rudy Trouvé|Rudy Valona|Rudy Wilburn|Rudy Wolfgramm|Rudy Youngblood/Dalia Hernandez|Rue|Rue Caldwell|Rue McClanahan|Ruelle|Ruff Driverz|Ruff Driverz Presents Arrola|Ruff Endz|Ruff Ryders|Ruffa|Ruffiction|Ruffneck|Ruffneck Featuring Yavahn|Ruffneck Mike|Ruffnexx Sound System|Rufftown Mob|Rufio|RÜFÜS|Rufus|Rufus & Carla|Rufus & Chaka Khan|RUFUS (dupe 1)|Rufus Blaq|Rufus Carrethers|Rufus Du Sol|Rufus Harley|Rufus Long|Rufus Miller|Rufus Sewell|Rufus Thomas|Rufus Troutman|Rufus Wainwright|Rufussounds|Rufussounds (dupe 1)|Ruga|The Rugbys|Ruhland|Rui Da Silva|Rui Veloso|Ruin|Ruina Nueva|Rulers of the Deep|Rulo y la Contrabanda|Rum|Rumba Tres|Rumble|Rumble Fish|Rumble Fish Featuring Kanto|The Rumblers|Rumer|Rumon Gamba|The Rumour|The Rumour|The Rumour Said Fire|Rumpletilskinz|Run|Run Doris Run|Run Kid Run|Run River North|Run the Jewels|Run The Jewels Featuring Danny Brown|Run-D.M.C.|Run51|RUNAGROUND|Runaway City|Runaway June|Runaway Kids|Runaway Slaves|The Runaways|Rundfunk-Sinfonieorchester Berlin|Rundfunk-Sinfonieorchester Saabrucken|Rundfunkchor Berlin|Rundfunkorchester des Sudweatfutnks Baden-Baden|Rundfunkorchester des Sudweatfutnks Baden-Baden (Arp)|Rune Mølgaard Fonseca|Rune Rebellion|Rune RK|Rune Solheim|Runner|Runner Runner|Running Wild|Runrig|Runt|Runt-Todd Rundgren|Runtown|Runts|Rupa & the April Fishes|Rupa Marya|Rupam Sarmah|RuPaul|RuPaul Charles|Rupee|Rupert Everett|Rupert Everett/Minnie Driver|Rupert Frazer|Rupert Friend|Rupert Greenall|Rupert Gregson-Williams|Rupert Grint|Rupert Holmes|Rupert Huber|Rupert Jarvis|Ruppina & Americano|The Rural Alberta Advantage|Rurika Yokoyama|Rus Martin|Ruscha|Ruscola|The Ruse|Rush|Rush|Rush of Fools|Rush The...|Rushad Eggleston|Rushes Ensemble|Rushlow|Rushlow Harris|Rushya|Rusko|Ruslan|Russ|Russ|Russ Anderson|Russ Ballard|Russ Brown|Russ Case|Russ Chimes|Russ Cogdell|Russ Dwarf|Russ Freeman|Russ Freeman & The Rippingtons|Russ Giguere|Russ Hewitt|Russ Holt|Russ Irwin|Russ Lee|Russ Liquid|Russ Maxwell|Russ McKinnon|Russ Pahl|Russ Parrish|Russ Rankin|Russ T. Nail|Russ Taff|Russ Waterhouse|Russel Mthembu|Russell|Russell|Russell Allen|Russell Barrett|Russell Batiste|Russell Brand|Russell Brand & Bond|Russell Byrd|Russell Christian|Russell Crowe|Russell Crowe & 30 Odd Foot Of Grunts|Russell Crowe/Albert Finney|Russell Crowe/Bryan Brown|Russell Crowe/Christian Bale|Russell Crowe/Jennifer Connelly|Russell Crowe/Joaquin Phoenix|Russell Crowe/Paul Bettany|Russell Crowe/Renee Zellweger|Russell de Carle|Russell Dickerson|Russell Dixon|Russell Ferrante|Russell Fox & Mount Olive Mass Choir|Russell Gilbrook|Russell Hitchcock|Russell Lee|Russell Leetch|Russell Lissack|Russell Mael|Russell Malone|Russell Marsden|Russell Moore|Russell Moore & IIIrd Tyme Out|Russell Morris|Russell Neal|Russell Patterson|Russell Peters|Russell Pritchard|Russell Prithcard|Russell Senior|Russell Simins|Russell Small|Russell Smith|Russell Smith|Russell Smith|Russell Smith|Russell Stone|Russell The Grey And White Guine|Russell Thompkins Jr|Russell Thompkins, Jr.|Russell Watson|Russell White|Russian Circles|Russian National Orchestra|Russian Red|Russill Paul|Rust|Rust Epique|Ruste Juxx|Rusted Root|Rustem Hayroudinoff|Rustic|Rustic Overtones|Rustie|Rusty|Rusty Allen|Rusty Bryant|Rusty Budde|Rusty Burns|Rusty Clanton|Rusty Day|Rusty Draper|Rusty Evans|Rusty Ford|Rusty Fuller|Rusty Goodman|Rusty Kershaw|Rusty Matyas|Rusty Milner|Rusty Truck|Rusty Warren|Rusty Wier|The Rusty Wright Band|Rusty York|Rusty Young|Rutger Hauer|Ruth|Ruth Ann Swenson|Ruth B|Ruth B.|Ruth Brown|Ruth Buzzi|Ruth Cochrane|Ruth Collins|Ruth Cunningham|Ruth Davis ù|Ruth Gomme|Ruth Goodman|Ruth Gordon|Ruth Holton|Ruth Hussey|Ruth Jacott|Ruth La'Ontra|Ruth Laredo|Ruth Lorenzo|Ruth Marshall|Ruth McArdle|Ruth Moody|Ruth Pointer|Ruth Radelet|Ruth Ruth|Ruth Waters|Ruth Weber|Ruth-Ann|Ruthie Foster|Ruthie Morris|Ruthless Juveniles|Rutina Wesley/DeRay Davis|The Rutles|Ruudaman|Ruudolf|Ruxandra Donose|Ruyter Suys|Ruzzo|Rvssian|RX Bandits|Ry Cooder|Ry Cooder And Corridos Famosos|Ry Kihn|Ry X|Ryan|Ryan "Bart" Williams|Ryan "Iron" Newman|Ryan "Smalls" Etzcorn|Ryan Adams|Ryan Adams|Ryan Adams & the Cardinals|Ryan Aderrey|Ryan Anthony|Ryan Beatty|Ryan Beaver|Ryan Bedard|Ryan Belcher|Ryan Bentley|Ryan Bingham|Ryan Bingham & The Dead Horses|Ryan Briggs|Ryan Broshear|Ryan Brown|Ryan Bruni|Ryan Cabrera|Ryan Carmen|Ryan Cassata|Ryan Chappelle|Ryan Clark|Ryan Conley|Ryan D. Roberts|Ryan David Morgan|Ryan Delahoussaye|Ryan Demars|Ryan Dennee|Ryan Dennis|Ryan DeYounge|Ryan Dominguez|Ryan Donn|Ryan Duarte|Ryan Dunson|Ryan Dusick|Ryan Engelberger|Ryan Farish|Ryan Farrell|Ryan Fergus|Ryan Fitzgerald|Ryan Fletcher|Ryan Folden|Ryan Follese|Ryan Foltz|Ryan Fox|Ryan Gibbs|Ryan Goodell|Ryan Gosling|Ryan Gosling/Emily Mortimer|Ryan Gosling/Shareeka Epps|Ryan Gregg|Ryan Griffin|Ryan Griffiths|Ryan Groskreutz|Ryan Guanzon|Ryan Guldemond|Ryan Hawk|Ryan Hedgecock|Ryan Helm|Ryan Hemsworth|Ryan Hernandez|Ryan Heyner|Ryan Higa|Ryan Hollywood|Ryan Hoyle|Ryan Hudon|Ryan Hunter|Ryan Hurd|Ryan Jarman|Ryan Johnson|Ryan Judd|Ryan Jurhs|Ryan Kelly|Ryan Kelly|Ryan Kennedy|Ryan Keown|Ryan Kepke|Ryan Key|Ryan Kienle|Ryan Kinder|Ryan Kirby|Ryan Kisor|Ryan Kowarsky|Ryan Kwanten/Amber Valletta|Ryan Laird|Ryan Lallier|Ryan Lance|Ryan Leitru|Ryan Leslie|Ryan Levine|Ryan Lewis|Ryan Lucotch|Ryan MacMillan|Ryan Maher|Ryan Malcolm|Ryan Malloy|Ryan Marciano|Ryan Martin|Ryan Martinie|Ryan McCombs|Ryan Mendez|Ryan Miller|Ryan Monro|Ryan Monroe|Ryan Montano|Ryan Montbleau|Ryan Moran|Ryan Muir|Ryan Murphey|Ryan Neighbors|Ryan Newell|Ryan Newman|Ryan O'Connor|Ryan O'Connor|Ryan O'Keeffe|Ryan O'Neal|Ryan O'Shaughnessy|Ryan Ogren|Ryan Owen|Ryan Pardey|Ryan Parrish|Ryan Peake|Ryan Perry|Ryan Phillippe/Abbie Cornish|Ryan Phillippe/Benicio del Toro|Ryan Phillippe/Jesse Bradford|Ryan Phillippe/Rachael Leigh Cook|Ryan Phillips|Ryan Pope|Ryan Primack|Ryan Quinn|Ryan Reynolds|Ryan Reynolds/Amy Smart|Ryan Reynolds/Anna Faris|Ryan Reynolds/Isla Fisher|Ryan Reynolds/Melissa George|Ryan Reynolds/Tara Reid|Ryan Richards|Ryan Roberts|Ryan Ross|Ryan Seaman|Ryan Shaw|Ryan Shrout|Ryan Shuck|Ryan Shupe|Ryan Shupe & the Rubberband|Ryan Simmons|Ryan Sinn|Ryan Sitkowski|Ryan Skyy|Ryan Slater|Ryan Star|Ryan Stasik|Ryan Stevenson|Ryan Stever|Ryan Tapert|Ryan Tedder|Ryan Tilby|Ryan Toby|Ryan Truesdell|Ryan Tyler|Ryan Upchurch|Ryan Vandeberghe|Ryan Vanderhoof|Ryan Vikedal|Ryan Wallengren|Ryan Waste|Ryan Wombacher|Ryan Yerdon|Ryan Zamo|Ryan Zhu|Ryan Zhu|Ryan Zhu|Ryan Zimmerman|Ryan Zoidis|Ryan Zwiefelhofer|RyanDan|RydazNRtis|Rydaznrtist|Ryder Lee|Ryder Robison|Rydyr|Rye Rye|Ryeland|Ryeowook|Rykka|Ryknow|Ryland Adams|Ryland Angel|Ryland Blackinton|Ryland Raus|Ryland Steen|Ryley Walker|Ryman|Rymz|Ryn Weaver|Ryne Estwing|Ryo|Ryo Ishibashi|Ryo Kamomiya|Ryo Miyamori|Ryo Nagano|Ryo Okumoto|Ryo Sakurai (Nobunaga Shimazaki)|Ryo San|Ryo-Z|Ryohei Chiba|Ryohei Richard "Okie" Okamoto|Ryoji|Ryos|Ryota Fujimaki|Ryota Kise(Ryohei Kimura)&Yukio Kasamatsu(Soichiro Hoshi)|RySoValid|Ryu|Ryu Siwon|Ryuichi Ogata|Ryuichi Sakamoto|Ryuko Mizuta|Ryuseitai|Ryutaro Kaneko|RZA