B|B Angie B|B Beat Girls|B Crew|B Da Outta Sight Child|B David Whitworth|B Fats|B Hundo|B Project|B Real|B Rich|B Rock|B Rude Likk Gang|B'z|B*P*M*|B*Witched|B-12|The B-52's|The B-52s|B-Bomb|B-Brave|B-Brazy|B-Code|B-Crew|B-Fam|B-Fats|B-Fine|B-H-Y|B-Hamp|B-Legit|B-Luv|B-Real|B-Rock|B-Rock & The Bizz|B-Roll|B-Tight|B-Tribe|B-Z|B. Brown Posse|B. Bumble & the Stingers|B. Chase Williams|B. Chase Williams & The Shabach Choir|B. Cooper|B. David|B. Dez Fafara|B. Fats|B. Howard|B. Reith|B. Smyth|B. Stille|B. Taylor|B.A.|B.A. Boys|B.A.M.A.|B.A.P|B.A.P (With Matoki)|B.A.P.|B.A.P.|The B.B. & Q. Band|B.B. Dickerson|B.B. Jay|B.B. King|B.B. King And Bobby Bland|B.B. Seaton|B.B. Watson|B.B.Band|B.B.C.S. & A|B.B.Kamattechan (B.B.QUEENS + Shinsei Kamattechan)|B.B.O.|B.B.O.T.I. (Badd Boyz Of The Industry)|B.C.|B.C. Gilbert|B.C.G. (B.C. Generation)|B.D. Wong/Jennifer Coolidge|B.E. Taylor Group|B.E.R.|B.E.T.|B.G.|B.G.|B.G.|B.G. & the Chopper City Boyz|B.G. And The Chopper City Boyz|B.G. Knocc Out & Dresta|B.G. The Prince of Rap|B.I.|B.I. Shadow|B.I.S. (Born In Sin)|B.Infinite|B.J. Barham|B.J. Cherryholmes|B.J. Harrison|B.J. Nilsen|B.J. Thomas|B.J. Warshaw|B.J. Wilson|B.J. Wright|B.L.H.U.N.T.|B.M.C.|B.M.U. (Black Men United)|B.o.B|B.o.B Featuring Hayley Williams|B.O.B.|B.O.K|B.O.M.B.|B.O.N.E. Enterprise|B.R. Gunna|B.Reith|B.T. Express|B.T. Featuring Vincent Covello|B.T.F.|The B.U.M.S|B.W. Stevenson|B12|B1A4|B2K|B4|B5|Baaba Maal|Baader Meinhof|Baatin|Baatin|Baauer|Baba|Baba B.|Baba Brooks|Baba Oje|Baba Saad|Babasonicos|Babatunde Garaya|Babbie Mason|Babble|Babbu Maan|Babe Ruth|Babes in Toyland|Babet|Babis Stokas|Babou|Babs|Babs Savage|Babu The Dilated Junkie|Baby|Baby Animals|Baby Anne|Baby Bam|Baby Bash|Baby Bee|Baby Blue Soundcrew|Baby Boy|Baby Boy da Prince|Baby Bumps|Baby C|Baby Cham|Baby Cortez|Baby D|Baby DC|Baby Diva|Baby Drew|Baby Duck|Baby E|Baby Einstein Music Box Orchestra|Baby Ford|Baby Genius|Baby Gerry|Baby Girlz|Baby Huey|Baby J|Baby Jail|Baby Jane & the Rockabyes|Baby June|Baby K|Baby Kaely|Baby Lilly|Baby Looney Tunes|Baby Lores|Baby O'|Baby Paul|The Baby Praise Collection|Baby Q|Baby Ranks|Baby Rasta|Baby Rasta & Gringo|Baby Ray|Baby S|Baby Sham|Baby Soul & Yoo Ji A|Baby Soul (Feat. Wheesung)|Baby Sounds|Baby Stafford|Baby Steps|Baby Talk|Baby Tunes|Baby Washington|Baby's First|Baby-D|Babydaddy|Babyface|Babyface|Babygirl|Babygirl Ce'cile|Babylon A.D.|Babylon Zoo|Babymetal|Babyraids Japan|The Babys|Babyshambles|The Babysitters Circus|BACALL|Bacanos|Bach Collegium Japan|Bachata Heightz|Bachata Magic|Bachelor Girl|The Bachelors|Bachir Attar|Bachman|Bachman & Turner|Bachman Cummings Band|Bachman-Turner Overdrive|Bacilos|Back Door Slam|The Back Horn|Back II Black|Back Number|Back Ted N-Ted|Back To Back|Back To Basics|Back Yard Band|Back-On|BACK-ON Feat. lil' fang From Faky|Backbeat Soundsystem|The Backbeats|Backbone|Backbone AKA Mr. Fat Face 100|Backroad Anthem|Backroads|The Backroom Congregation|Backstabber|Backstreet Boys|Backstreet Crawlers|Backtrack|Backtrack|Backtrack NY|Backwood Boys|Backwordz|Backyard|Backyard (dupe 1)|Backyard Babies|Backyard Tire Fire|The Bacon Brothers|Bad 4 Good|Bad Azz|Bad Books|Bad Boy Bill|Bad Boy Joe|Bad Boy's Da Band|Bad Boys|Bad Boys Blue|Bad Brains|Bad Bunny|Bad City|Bad Company|Bad Company|Bad Company|Bad Company UK|Bad English|Bad Girls|Bad Habit Boys|Bad Influence|Bad Lay Dee|Bad Lieutenant|Bad Lip Reading|Bad Lucc|Bad Meets Evil|Bad Omens|The Bad Plus|Bad Rabbits|Bad Religion|Bad Seed|Bad Seed Rising|Bad Sports|Bad Suns|Bad Taste|Bad Things|Bad Yard Club|Bad//Dreems|Bada Saad|Badar|BadBadNotGood|Baddiel|Baden Hutchins|Badfinger|Badflower|Badger|Badhorse|Badische Staatskapelle|Badlands|The Badlees|Badly Drawn Boy|Badpojken|Badshah|Badwayz|Bae Chi Gi|Bae Fong|Bae Fong|Bae Lin, Nana Ou-yang|Bae Su Jeong|Baek a Yeon|Baek Ayeon|Baek Chung Kang|Baek Ji Young|Baek Ji Young (Feat Yong Jun Hyung of BEAST)|Baek Ji Young (Feat. Garie of Leessang)|Baekhyun|Baer|Baeza|Bag Of Tricks Cat|Bag Raiders|Bag2Bank|Baggz Magee|Bagreuther Festspiele|Baha Men|Bahama Mama's|Bahamadia|Bahamas|Bahar Kýzýl|Bahari|Bahia Black|Bahja Rodriguez|Bahram Nouraei|Bai Jingting, Li Hongyi|Bai Jugang|Bai Jugang|Bai Ling|Bailey|Bailey Bryan|Bailey Tzuke|Baillie and the Boys|Baio|Baird Figi|Baja Marimba Band|Bajada Minstrels|Bajm|Bajofondo|Bajofondo Tango Club|Bajofondotangoclub|Bak2Bassiks Featuring Mona Lisa|Baka|Baka Beyond|Baka Not Nice|Bake Up Boyz|Baker & Myers|Bakermat|bakers at dawn|Bakusute Sotokanda Icchome|Bala Brothers|Balaam & the Angel|Balaam And The Angel|Balam Acab|Balance|Balance|Balance & Composure|Balance And Composure|BALBINO Y YOLANDITA MONGE|Baldhead Slick & Da Click|Baldur Stefánsson|Bali|Balkan Beat Box|Ball Greezy|Ball in the House|Ball Park Music|Ballads|Ballaké Sissoko|Ballas Hough Band|Balleo|Balligomingo|Ballin' Jack|Balloon|The Balloon Farm|Ballout|The Ballroom Thieves|Balls|Ballyhoo!|Balmorhea|Balqees|Balsac the Jaws of Death|Balsam Range|Balthasar-Neumann Ensemble|Balthasar-Neumann-Chor|Balthazar|Balthazar de Ley|Balthazar Getty|Balthazar Getty/Henry Rollins|Baltimora|Baltimore Symphony (Commisiona)|Baltimore Symphony (Zinman)|Baltimore Symphony Orchestra|Baltsa, Carreras, Van Dam, Ricciarelli, Berlin Philh.(Karajan)|Bam Bam Alpis|Bam Bam Buddha|Bam Crawford|Bam Crawford's Purpose|Bam Margera|Bam Margera/Brandon DiCamillo|Bama|The Bama Band|Bamada|Bamberger Symphoniker|Bambou|Bambounou|The Banana Splits|Bananarama|Bananas at Large|Banaroo|Banchy Serrano|Banco de Gaia|The Band|The Band|Band Aid|Band Aid 20|Band Aid 30|Band From TV|Band Ja Nai Mon|Band Ja Nai Mon!|Band of Gold|The Band of Heathens|Band Of HM Royal Marines|Band of Horses|Band of Merrymakers|Band Of Merrymakers Featuring Natasha Bedingfield|Band of Skulls|Band Of The Black Watch|The Band Perry|Band-Aid|Banda Al Garete|Banda Arkangel|Banda Arkangel R-15|Banda Astilleros|Banda Blanca|Banda Boom|Banda Carnaval|Banda Clave|Banda Clave Nueva De Max Peraza|Banda Coke|Banda Corazon Del Llano|Banda Cuisillos|Banda Culiacancito|Banda De Los Muertos|Banda el Mexicano|Banda El Recodo De Cruz Lizárraga|Banda Estrellas De Sinaloa|Banda Estrellas De Sinaloa De German Lizarraga|Banda G-1|Banda Grintch|Banda Guasaveña|Banda Guasavena De Valentin Elizalde|Banda Hermanos de Salamanca|Banda Imperio De Oscar Curiel|Banda Jerez|Banda La Autentica De Jerez|Banda La Contagiosa|Banda la Costeña|Banda La Kapeadora de Monterrey|Banda La Misma Tierra|Banda La Pirinola|Banda La Trakalosa|Banda La Trakalosa De Monterrey|Banda La Tunera|Banda Lamento Show de Durango|Banda los Lagos|Banda los Recoditos|Banda Los Sebastianes|Banda Los Sebastianes de Mazatlan, Sinaloa.|Banda Machos|Banda Magda|Banda Maguey|Banda Mitotera|Banda Movil|Banda MS|Banda Musicale Della Polizia Di Stato|Banda Nortena De Chihuahua|Banda Pachuco|Banda Pelillos|Banda Pequeños Musical|Banda R-15|Banda Rancho Viejo|Banda Rancho Viejo de Julio Aramburo La Bandononon|BANDA RINO|Banda San Jose De Mesillas|Banda Sinai|Banda Sinaloense MM|Banda Sinaloense MS de Sergio Lizarraga|Banda Sonora|Banda Superbandido|Banda SuperToy|Banda Tierra Blanca|Banda Tierra Sagrada|Banda Toro|Banda Trakalosa|Banda Triguera|Banda Troyana|Banda Vallarta|Banda Vallarta Show|Banda Vingadora|Banda Z|Banda Zeta|Bandabardò|Bandana|Banderas|Bandgang Masoe|Bandit|Bandit Brothers|Bandit Gang Marco|Bando Jonez|Bandz Up|BandzUp|Bane|Bang|Bang|Bang|Bang For the Buck|Bang Gang|Bang La Decks|Bang On A Can|Bang On A Can All-Stars|Bang Orchestra!|Bang Tango|Bang Yong Gook & Zelo (Feat. Heritage)|Bang Yong Guk Feat. Yang Yo Seob of Beast|Bangerz|Banghra|Bangles|Bangor Flying Circus|Bangtan Boys|Bank Band|Bankroll Fresh|Bankroll Mafia|Banks|Banks & Steelz|Banks And Hampton|Banner Pilot|Banner Thomas|Banners|Bantu|Bantu & Ayuba|Banzaii|Bao Beier, Zhu Yawen|Bap|Bappi Lahiri|Bappi Lahiri & Anurag Kulkarni|Baptized In Blood|Bar McKinnon|Bar-Kays|The Bar-Kays|Barack Obama|Barak|Barb Allbut|Barbados|Barbara|Barbara|Barbara & the Browns|Barbara Acklin|Barbara Alston|Barbara Alyn Woods|Barbara and the Uniques|Barbara Ann Auer|Barbara Ann Hawkins|Barbara Anne Hawkins|Barbara Bach|Barbara Bel Geddes|Barbara Bel Geddes/Jim Davis|Barbara Bel Geddes/Patrick Duffy|Barbara Benagh|Barbara Berryman|Barbara Bolte|Barbara Bonney|Barbara Borden|Barbara Brown|Barbara Cook|Barbara Cook, Samuel Ramey|Barbara Cowsill|Barbara Crampton|Barbara Douglas|Barbara Doust|Barbara Eden|Barbara Eden/Larry Hagman|Barbara Ellis|Barbara Fairchild|Barbara Feldon|Barbara Frittol|Barbara Gaskin|Barbara George|Barbara Greene|Barbara Hale|Barbara Hannigan|Barbara Harris|Barbara Hendricks|Barbara Hershey|Barbara Higbie|Barbara Jean English|Barbara Johnson|Barbara Joyce Lomas|Barbara K. MacDonald|Barbara Law|Barbara Lee|Barbara Lee Jones|Barbara Lewis|Barbara Love|Barbara Lynn|Barbara Mandrell|Barbara Mandrell & Lee Greenwood|Barbara Martin|Barbara Mason|Barbara Mason & the Futures|Barbara Mason And Bunny Sigler|Barbara Mitchell|Barbara Moleko|Barbara Parritt|Barbara Pennington|Barbara Robison|Barbara Rovell|Barbara Roy|Barbara Sheree|Barbara Stanwyck|Barbara Tucker|Barbara Tucker & A Chosen Few|Barbara Weathers|Barbara Williams|The Barbarians|Barbarito Torres|Barber|Barbero|Barbershop SK|Barbi And The Kens|Barbi Benton|Barbi Esco|Barbie|Barbra Streisand|Barbra Streisand & Celine Dion|Barbra Streisand & Neil Diamond|Barcelona|Barcelona Symphony Orchestra|Barcera|Barchet Quartet|Barclay Crenshaw|Barclay James Harvest|The Barden Bellas|Bardeux|Bardi Martin|Bare Jr.|Bare Noize|Barefoot|Barefoot Jerry|Barefoot Natives|Barefoot Servants|Barefoot Truth|Barei|Barely Alive|Barely Blind|Barem|Barenaked Ladies|Baria Qureshi|Barley Scotch|BarlowGirl|Barnaby Weir|Barnes|Barney|Barney Kessel|Barney McKenna|Barney Parks|Barney Perry|Barns Courtney|Baron Baptiste|Baron Stewart|Baroness|baroque|Baroque Orchestra|Barr Brothers|The Barr Brothers|Barrabas|Barracuda|Barrage|Barranco|Barratt Waugh|Barren Cross|Barrence Whitfield|Barrence Whitfield & The Savages|Barret Oliver|Barreto El Show|Barreto Tu Plena|Barreto y Su Plena|Barrett Baber|Barrett Marshall|Barrett Martin|Barrett Sisters|Barrett Strong|Barri|Barricada|Barrie Bernard|Barrie K. Sharpe|Barrie Maguire|Barrie Wilson|Barriemore Barlow|Barrington Francis|Barrington Levy|The Barrio Boyzz|Barrio Kings|Barrio Zumba|Barrt Brandjes|Barry "B.B. Queen" Borden|Barry & the Tamerlanes|Barry Abernathy|Barry Adamson|Barry And Glodean White|Barry Andrews|Barry Ashworth|Barry Bailey|Barry Beckett|Barry Blair|Barry Blaze|Barry Brenner|Barry Burns|Barry Burton|Barry Collins|Barry Cowsill|Barry Curtis|Barry Danielian|Barry De Vorzon|Barry Devorzon|Barry DeVorzon & Perry Botkin Jr.|Barry DeVorzon and Perry Botkin, Jr.|Barry Douglas|Barry Dunaway|Barry Flanagan|Barry Fratelli|Barry Gibb|Barry Goldstein|Barry Goudreau|Barry Grant|Barry Graul|Barry Harris|Barry Harris|Barry Harris|Barry Harris|Barry Harris|Barry Hay|Barry Hyde|Barry Jamieson|Barry Jenkins|Barry Jepson|Barry Jones|Barry Kane|Barry Kaye|Barry Keene|Barry Kerch|Barry Lee Harwood|Barry Louis Polisar|Barry Lowenthal|Barry Manilow|Barry Mann|Barry Marler|Barry Martyn|Barry Masters|Barry McGuire|Barry Melton|Barry Mitterhoff|Barry Morgan|Barry Pepper/Thomas Jane|Barry Pritchard|Barry Privett|Barry Richards|Barry Rogers|Barry Ryan|Barry Sell|Barry Shiffman|Barry Stock|Barry Upton|Barry Watson|Barry Westhead|Barry White|Barry White|Barry Whitwam|Barry Wordsworth|Barry Young|Barry Zito|Barrymoore Chamber Orchestra|Bars and Melody|Bart Baker|Bart Brandjes Featuring Paul Brown|Bart Cameron|Bart Crow|Bart Davenport|Bart Millard|Bart Olson|Bart Simpson|Bart Skills|Bart van der Weide|Bart Van Der Zeeuw|Barthezz|Bartlomiej Niziol|Barton|Barton Price|Baruch Levine|BAS|BAS|Bas & Ram|Bas Kennis|Bas Noir|Bas Van Wageningen|Baschi|Base|Base Ball Bear|Base Twelve|The Baseball Project|The Baseballs|Basecamp|Based|The BasedGod|Basement|Basement Boys|Basement Jaxx|Bash & Pop|Bashiri Johnson|Bashy|Basia|Basia Bulat|Basic Black|Basic Element|Basic Elements|Basic Tape|Basic Vacation|Basil Gabbidon|Basil Rathbone|Basil Wallace|Basilio|BASILIO/JOHNNY VENTURA|Basim|Basim Karbalaei|Bass 305|Bass Attack|Bass Boy|Bass Bumpers|Bass Is Base|Bass Mekanik|Bass Outlaws|Bass Patrol|Bass Sultan Hengzt|Bass Symphony|Bass Symphony Featuring Ja Nell|Bass Trip|Bass-O-Matic|Basscut|Bassekou Kouyate|Bassekou Kouyate & Ngoni Ba|Bassheads|Basshunter|Bassjackers|Bassmonkeys|Bassnectar|Bassomatic|Basstoy|The Bastard Sons of Dioniso|BASTARZ|Basti|Bastian|Bastian Baker|Bastien Laval|Bastille|Bastion|Basto|Basto!|Bastone & Burnz|Bat for Lashes|Bataan|Batdorf & Rodney|Batdorf And Rodney|Baths|Baton Rouge|Batrina Davis|Bats N Rome|Batten Showjo Tai|Battle Beast|Battle, von Stade, Marsalis (Previn)|Battlecross|Battleme|Battles|Battleships|Batu|Batuka|Batukealo|Bauhaus|Bausa|Baustelle|Bavarian Oktoberfest Band|The Bawdies|Baxter,Baxter And Baxter|Bay Area Chapter/Music & Arts Seminar Mass Choir|Bay Area Playaz|Bay Bay|Bay City Rollers|Bay Cortez|Baychev|Bayerisches Staatsorchester|Bayla|Bayreuth Festival Orchestra|Bayside|Bayside Boys|Baz Allen|Baz Barker|Baz Luhrmann|Bazart|Bazil Donovan|Bazuka|BB Brunes|BB.BOYS (Feat G.NA)|BBC Big Band|BBC Big Band Orchestra|BBC Concert Orchestra|BBC Philharmonic|BBC Scottish Symphony Orchestra|BBC Symphony Orchestra|BBD|BBK|BBM|BBMak|BC|BC Jean|BC Kingdom|BDP|Be Bop Deluxe|The Be Good Tanyas|Be Noir|Be Wiz'u|Be Your Own Pet|Be Your Own Pet!|Be'lakor|Bea Miller|The Beach Boys|Beach Fossils|Beach Girl5|Beach House|Beach Slang|Beaches|Beachwood Sparks|Beachy Thompson|Beacon Light|Beady Eye|Beak>|BEAM|Beanie Sigel|Bear|Bear Band|Bear Creek Band|Bear Essence Starring Marianna|Bear Grillz|Bear Hands|Bear in Heaven|Bear In The Big Blue House|Bear McCreary|Bear Rinehart|Bear Witnez!|Bear's Den|Beardyman|Bearfoot|Bearforce1|Bearson|Beartooth|Beast|Beast|Beast|Beast|The Beast|Beastie Boys|Beasto Blanco|Beat Club|Beat Connection|Beat Farmers|Beat Gang|The Beat Garden|Beat Hustlerz|Beat King|Beatallica|Beate Bartel|Beatenberg|Beatfreakz|BeatKing|The Beatles|The Beatles Revival Band|The Beatles Tribute Project|Beatless|Beatmaster|Beatmaster V|The Beatmasters|Beatnik Castle|The Beatniks|The Beatnuts|Béatrice Ardisson|Beatrice Arthur|Beatrice Arthur/Rue McClanahan|Beatrice Best|Béatrice Bonifassi|Beatrice Dalle|Beatrice Egli|Beatrice Rana|Beatriz Adriana|Beatriz Adriana y Marco Antonio Solis|Beatríz Luengo|Beats & Styles|Beats And Styles|Beats Antique|Beats International|Beatsteaks|Beau Black|Beau Bokan|Beau Bridges|Beau Brummels|The Beau Brummels|Beau Burchell|Beau Charles|Beau Coup|Beau Dilly|Beau Dommage|Beau Jocque & The Zydeco Hi-Rollers|Beau Kuther|The Beau Marks|Beau McCarthy|Beau Monga|Beau Stapleton|Beau Williams|Beausoleil|Beautiful Bend|Beautiful Creatures|Beautiful Eulogy|The Beautiful Girls|The Beautiful Mistake|Beautiful People|Beautiful People Featuring Jimi Hendrix|The Beautiful South|Beautiful Zion Missionary Choir|Beauty|Beauty And The Beast (2017 Motion Picture Cast)|Beauty Lo|Beauty Lo|Beauty Lo & GBOYSWAG & Butterfly Chien|Beaver|Beavis & Butt-Head|Bebe|BeBe & CeCe Winans|Bébé Lilly|Bebe Rexha|BeBe Sweetbriar|BeBe Winans|Bebe Zahara Benet|Bebel Gilberto|Bebo|Bebo Norman|Bebo Valdés|Bebo Valdez|BebopVox|Because I'm Me|Becca|Becca|Becca Barlow|Becca Stevens|Becca Stevens Band|Beccy Cole|Beck|Beck Family|Beckah Shae|Beckmeier Brothers|Becky|Becky Baeling|Becky Chase|Becky G|Becky G feat. Bad Bunny|Becky Hanson|Becky Hill|Becky Hobbs|Becky Jean Williams|Becky Kelley|Becky Robertson|Becky Stark|Becky Williams|Becoming the Archetype|Bed.|Bedarande Barn|Bedlight for Blue Eyes|BEDlight For BlueEYES|Bedouin Soundclash|Bedrich Smetana|Bedrock|Bee Gees|Bee Metros|Beeb Birtles|Beebs and Her Money Makers|Beechkraft|Beedie|Beefcake the Mighty|Beegie Adair|Beeker|Beelow|Beenie Man|Beenie Man & Fambo|Beenzino|Beer Klaasse|The Bees|Beethoven Orchestra Bonn|Beethoven's Wig|Before Dark|Before The Curtain|Before The Storm|Before Their Eyes|Before You Exit|BeFour|Beggars & Thieves|Begin|Begin|Beginner|Beginners Guide To Endings|The Beginning of the End|Behan Johnson|Behemoth|Beherit|Behrang Miri|Behrens, Norman, Ludwig, Lakes (Levine)|Behzad|Bei Maejor|Beige|Being As an Ocean|Beirut|Beki|Bekka Bramlett|Bekuh Boom|Bel Amour|Bel Canto|Bela B.|Bela B. & Smokestack Lightnin'|Béla Balogh|Béla Fleck|Bela Fleck & The Flecktones|Bela Lugosi|Belakiss|Belanova|Belbecú|Beleaf|Belen Rueda/Fernando Cayo|Believe|Believer|Believin Stephen|Belinda|Belinda|Belinda Bauer|Belinda Carlisle|Belinda Featuring Pitbull|Belinda Lipscomb|Belinda Lovell|Belinda Underwood|Belinda West|Belita Woods|Belkis Concepcion|Belkis Concepcion/Chicas del Can|Bell & James|Bell And James|Bell Biv DeVoe|The Bell Notes|Bell Witch|Bell X1|Bella|Bella & Aerie Camp|Bella Blue|Bella Thorne|Bella's Lullaby Romantic Piano|Bellamy Brothers|The Bellamy Brothers|Bellarive|Bellatrax|Belle & Sebastian|Belle And Sebastian|The Belle Brigade|Belle Epoque|Belle Humble|Belle Perez|Belle Star|Belle Starr|Belle Stars|The Bells|Bellwoods|Belly|Belly|Belly|Belly (rock)|Belly Featuring Future|The Belmonts|Belo|Belo Zero|The Belonging Co|Belouis Some|Beloved|The Beloved|Beloyd|Belphegor|Ben|Ben|Ben "Cozmo-D" Cenac|Ben & Brian|Ben & Malia|Ben Abraham|Ben Affleck|Ben Affleck/Bruce Willis|Ben Affleck/Denzil Washington|Ben Affleck/Gary Sinese|Ben Affleck/Gwyneth Paltrow|Ben Affleck/Jason Bateman|Ben Affleck/Jennifer Aniston|Ben Affleck/Jennifer Garner|Ben Affleck/Joey Lauren Adams|Ben Affleck/Josh Hartnett|Ben Affleck/Morgan Freeman|Ben Affleck/Samuel L. Jackson|Ben Affleck/Uma Thurman|Ben Arseneau|Ben Ayres|Ben Bailey|Ben Barnett|Ben Benay|Ben Bledsoe|Ben Bridwell|Ben Briggs|Ben Browder/Amanda Tapping|Ben Browder/Claudia Black|Ben Brown|Ben Broyles|Ben Bruce|Ben Burnley|Ben Byrne|Ben Caplan|Ben Carey|Ben Carr|Ben Carrigan|Ben Carroll|Ben Carter|Ben Cauley|Ben Chambers|Ben Chaplin|Ben Cissell|Ben Clark|Ben Colder|Ben Coleman|Ben Collins|Ben Cook|Ben Cross|Ben Curtis|Ben Danaher|Ben Davis|Ben Deily|Ben Delay|Ben DeLeón|Ben Dobson|Ben Donnelly|Ben Dussault|Ben E. King|Ben Eberbaugh|Ben El Tavori|Ben Eldridge|Ben Ellis|Ben Ellman|Ben Fenton|Ben Fisher|Ben Folds|Ben Folds Five|Ben Forrest Davis|Ben Foster|Ben Foster/Shawn Hatosy|Ben Franz|Ben Frazier|Ben Froehlich|Ben Garant|Ben Gauslin|Ben Gazzara|Ben Gibbard|Ben Gillies|Ben Giroux|Ben Goins|Ben Gold|Ben Goldwasser|Ben Gordon|Ben Gordon|Ben Graham|Ben Grant|Ben Graves|Ben Grayson|Ben Green|Ben Greene|Ben Gunn|Ben Guzman|Ben Haenow|ben Hague|Ben Harper|Ben Harper|Ben Harper & the Innocent Criminals|Ben Harper and Relentless7|Ben Harper And The Innocent Criminals|Ben Harris|Ben Hated|Ben Hazelwood|Ben Heppner|Ben Holt|Ben Homola|Ben Hooker|Ben Howard|Ben Inman|Ben Ireland|Ben Jaffe|Ben Jaimen|Ben Jelen|Ben Johnston|Ben Jorgensen|Ben Kasica|Ben Kelley|Ben Kenney|Ben Khan|Ben Kingsley|Ben Kingsley/Barney Clark|Ben Knox Miller|Ben Koller|Ben Kweller|Ben l'Oncle Soul|Ben Landis|Ben Langmaid|Ben Leach|Ben Lee|Ben Leinbach|Ben Liebrand|Ben Lionetti|Ben Little|Ben Lovett|Ben Lurie|Ben Lythberg|Ben Macklin|Ben Marney|Ben Marrs|Ben Martin|Ben Massarella|Ben Matthews|Ben Miller|Ben Miller|Ben Miller Band|Ben Mitchell|Ben Mitkus|Ben Mize|Ben Monder|Ben Moody|Ben Moore|Ben Murphy|Ben Nichols|Ben Olin|Ben One|Ben Onono|Ben Orum|Ben Osmundson|Ben Ottewell|Ben Pape|Ben Parry|Ben Pearce|Ben Peeler|Ben Peters|Ben Platt|Ben Platt & Kristolyn Lloyd|Ben Platt & Original Broadway Cast of Dear Evan Hansen|Ben Pringle|Ben Rector|Ben Reece|Ben Riley|Ben Romans|Ben Rose-Davis/Jeremy Akerman|Ben Roy|Ben Rue|Ben Russell|Ben Sanders|Ben Saunders|Ben Savage|Ben Schauland|Ben Schneider|Ben Schuller|Ben Scott|Ben Shabalala|Ben Shaw|Ben Shepherd|Ben Sidran|Ben Smith|Ben Smyth|Ben Sollee|Ben Sowton|Ben Sowton/The Soul Avengerz|Ben Steele And His Bare Hands|Ben Stein|Ben Stiller|Ben Stiller/Carla Gugino|Ben Stiller/Geoffrey Rush|Ben Stiller/Jack Black|Ben Stiller/Jenna Elfman|Ben Stiller/Michelle Monaghan|Ben Stiller/Robert De Niro|Ben Stout|Ben Street|Ben Surtees|Ben Tankard|Ben Tavera King|Ben Taylor|Ben Thapa|Ben Thornewill|Ben Tietz|Ben Vereen|Ben Waters|Ben Watt|Ben Weasel|Ben Webster|Ben Weinman|Ben Wells|Ben Wendel|Ben Westbeech|Ben Whishaw/Alan Rickman|Ben Wilkins|Ben Williams|Ben Williams|Ben Wilson|Ben Woodward|Ben Worcester|Ben Wysocki|Ben Xi|Ben's Brother|Bena Fe|Bénabar|Benabar Bruel Cali|Benash|Benassi Bros.|Benavides|Bend Sinister|Bend Sinister|Bender|BenDJ|Bendrix|Beneath the Massacre|Beneath the Sky|Benedetti & Svoboda|Benedict Cumberbatch|Benedictine Monks|Benedictine Monks of Santo Domingo de Silos|Benedictine Monks Of The Abby Of Saint-Maulrice & Saint-Malir, Clervaux|Benedictines of Mary, Queen of Apostles|Benedikt Jahnel Trio|Benet|Benga|Benga|Bengie B|Bengio|Bengous|Bengt Lagerberg|Bengt Palmers|Beni|Beni|Beni Snassen|Benicio Del Toro|Benicio Del Toro/Dennis Farina|Benise|Benita Arterberry|Benita Valente|Benita Washington|Benito|Benito Benites|Benito Suárez Magana|Benj Gershman|Benjah|Benjah & Dillavou|Benjamin|Benjamin|Benjamin Beilman|Benjamin Biolay|Benjamin Booker|Benjamin Bossi|Benjamin Bratt|Benjamin Bratt/Eric McCormack|Benjamin Britten|Benjamin Clementine|Benjamin Darvill|Benjamin DeFranco|Benjamin Diamond|Benjamin Einziger|Benjamin Francis Leftwich|The Benjamin Gate|Benjamin Gibbard|Benjamin Grosvenor|Benjamin Hulett|Benjamin Ingrosso|Benjamin Jaffe|Benjamin Kowalewicz|Benjamin McKenzie|Benjamin Miller|Benjamin Moore|Benjamin Morgaine|Benjamin Mouton|Benjamin Orr|Benjamin Perri|Benjamin Rojas|Benjamin Ryan|Benjamin Scheuer|Benjamin Siksou|Benjamin Thompson|Benjamin von Gutzeit|Benjamin Wallfisch|Benjamin Weikel|Benjamin Zander|Benji|Benji & Fede|Benji Candelario|Benji Hughes|Benji Madden|Benji Merrison|Benji Vaughan|Benji Webbe|Benjie Porecki|Benjy Davis|Benjy Davis Project|Benjy King|Benmont Tench|Bennett B|Bennie K|Bennie Lindsey|Bennie Wallace|Bennie Watson|Benno Kusche|Benny|Benny Andersson|Benny Andersson Band|Benny Andersson's Orkester|Benny Barnes|Benny Bell|Benny Benassi|Benny Blanco|Benny Camacho|Benny Carter|Benny Cassette|Benny Dayal|Benny Friedman|Benny Gallagher|Benny Galloway|Benny Golson|Benny Goodman|Benny Greb|Benny Green|Benny Hester|Benny Horowitz|Benny Ibarra|Benny Jamz|Benny Johnson|Benny Mardones|Benny Martin|Benny Rietveld|Benny Sadel|Benny Sharp|Benny Sings|Benny Spellman|Benny Staples|Benny Tipene|Benny Troy|Benny Whitehead|Benny Wilson|The Bens|Benson Ramsey|Bent|Bent Fabric|Bent Fabric & His Piano|Bent Fabric and His Piano|Bent Knee|Bent Saether|Bentham|Beny Moré|Beny More & Tony Camargo|Benz|BENZEDRINE MONKS OF SANTA DEMO|BenZel|Benzilla|Benzino|Beppe d'Onghia|Ber|Bera|Bere Horna|Bereket Tesfaye|Berend Dubbe|Beres Hammond|Berg|Bergen Philharmonic Orchestra|Bergen White|Berget Lewis|Berghella|Bering Strait|Berislav Klobucar|Berlin|Berlin Philharmonic|Berlin Philharmonic (Barenboim)|Berlin Philharmonic (Bernstein)|Berlin Philharmonic (Bychkov)|Berlin Philharmonic (Karajan)|Berlin Philharmonic (Maazel)|Berlin Philharmonic Brass Ensemble|Berlin Philharmonic Orchestra|Berlin Symphony Orchestra|Berliner Philharmoniker|Berliner Philharmoniker (Abbado)|Berliner Symphoniker|Berlins Most Wanted|Berman Patterson|The Bermudas|Bermudez Triangle|Bernadette Carroll|Bernadette Cooper|Bernadette DeSimone|Bernadette Peters|Bernadine Boswell Smith|Bernard "Jizzal Man" Leverette|Bernard Adamus|Bernard Albrecht|Bernard Allison|Bernard Butler|Bernard Edwards|Bernard Fanning|Bernard Flowers|Bernard Georges|Bernard Haitink|Bernard Henderson|Bernard Jackson|Bernard Labadie|Bernard LaPorta|Bernard Lavilliers|Bernard Mattee|Bernard Murphy|Bernard Peiffer|Bernard Reed|Bernard Robertson|Bernard Shaw|Bernard Sumner|Bernard Toorish|Bernard Touter Harvey|Bernard Wilson|Bernard Wright|Bernardo Corona|Bernd "Bernemann" Kost|Bernd Hengst|Bernd Herrman|Bernd Kurtzke|Bernd Ulrich|Bernd Weikl|Berner|Bernhard Guller|Bernhard Lloyd|Bernhard Scully|Bernhoft|Bernice Brown Gregory|Bernice Johnson Reagon|Bernie Bringas|Bernie Calvert|Bernie Casey|Bernie Dwyer|Bernie Holland|Bernie Leadon|Bernie Leadon And The Michel Georgiades Band|Bernie Lowe Orchestra|Bernie Lynch|Bernie Mac|Bernie Marsden|Bernie Shaw|Bernie Taupin|Bernie Wandel|Bernie Williams|Bernie Wilson|Bernie Worrell|Bernward Koch|Bernz|Berri|Berry Oakley|Berry Oakley, Jr.|Berryz Kobo|Berryz Kobo ×C-ute|Bert Berns|Bert Heerink|Bert Kaempfert|Bert Kaempfert & His Orchestra|Bert Kaempfert And His Orchestra|Bert McCracken|Bert Reid|Bert Robinson|Bert Ruiter|Bert Sommer|Bert Veldkamp|Bert Verbeke|Bert Voordeckers|Berta Rojas|Bertell|Bertha Alicia|Bertha Barbee|Bertha Tillman|Bertie Higgins|Bertín Osborne|Bertine Zetlitz|Berto & The Border Boys|Berto La Voz|Berto Lavoz|Berton Averre|Bertrand Burgalat|Bertrand de Billy|Bertrand Galten|Bertus Borgers|Beryl Korot|Besa|The Besnard Lakes|Bess|Bess|Bess Armstrong|Bess Motta|Bessie Banks|Bessie Griffin|Bessy Argyraki|Bessyl Duhon|Best Coast|Best Coast|Best Kissers in the World|BESTie|Bet.E|The Beta Band|Beta Wolf|Beth|Beth Ditto|Beth Freschi|Beth Gibbons|Beth Hart|Beth Moore|Beth Murphy|Beth Nielsen Chapman|Beth Orton|Beth Rowley|Beth Tacular|Beth Williams|Bethany ?|Bethany Cosentino|Bethany Devine|Bethany Dillon|Bethany Joe Lenz|Bethany Mota|Bethany World Prayer Center|Bethany Worship|Bethel Live|Bethel Music|Bethel Music|Bethel Music Kids|Bethliza|Beto|Beto Cuevas|Beto Quintanilla|Beto Terrazas|Beto Vega|Beto y Sus Canarios|Beto Zapata|Betontod|Betrayal|Betraying the Martyrs|Betsi Miller|Betsie Larkin|Betsy|Betsy Palmer/Adrienne King|Betsy Russell|Bette Davis|Bette Midler|Bette Midler/Sarah Jessica Parker|Better Chemistry|Better Than Ezra|Better-Off|Bettie Grind|Bettie Serveert|Bettina|Bettina Pennon|Betty Boniffassi|Betty Boo|Betty Brown|Betty Buckley|Betty Carter|Betty Chung|Betty Davis|Betty Everett|Betty Foley|Betty Grable|Betty Griffin Keller|Betty Harris|Betty Hoops|Betty Hutton/Howard Keel|Betty Jean Robinson|Betty Johnson|Betty Kelly|Betty LaVette|Betty Lebron|Betty Madigan|Betty Martin|Betty McGlown|Betty Moorer|Betty Olivero|Betty Pearce|Betty Weiss|Betty Who|Betty Wright|Bettye Ackerman/Bill Mumy|Bettye LaVette|Bettye Swann|Between the Buried and Me|Between The Lines|Between the Trees|Betzaida|Beulah|Bev Bevan|Beverlee|Beverley Craven|Beverley Knight|Beverley Lee|Beverley Mahood|Beverley Mitchell|Beverly|Beverly|Beverly|Beverly|Beverly|Beverly And Duane|Beverly Bivens|Beverly Bremers|Beverly Champion|Beverly Coulter|Beverly Crawford|Beverly Crowder|Beverly D'Angelo|Beverly Feest|Beverly Heath|Beverly Heckel|Beverly Hill|Beverly Johnson|Beverly Kelso|Beverly Lee|Beverly Mahood|Beverly Mahto|Beverly McClellan|Beverly Sills|Beware of Darkness|Bex|Bexta|Beyoncé|Beyond the Black|Beyond The Sun|Beyond the Wizards Sleeve|Beyries|Bez|BG|BG. Knocc Out|BgA|BGH to|BGH to Feat. Eunjung of Tiara|BGM|Bhad Bhabie|Bhi Bhiman|Bia|Biagio Antonacci|Bianca|Bianca Casady|Bianca Ryan|Bianca West|Bibi|Bibi Bourelly|Bibi Breijman|Bibi H|Bibi H.|Bibi Tanga & The Selenites|BiBi Zhou|Bibi Zhou|BiBi Zhou|BiBi Zhou|BiBi Zhou|BiBi Zhou|Bibi Zhou, Bai Jugang|BiBi Zhou-I Choose To Like You|BiBi Zhou-Piece Feather Of Time|Bibio|The Bible|Bic Runga|Bicasso|Bicep|Biddu|Biddu & His Orchestra|Biddu Orchestra|Bidu Sayao|Bienvenido Granda|Bif Naked|Biff Byford|Biffy Clyro|Big|Big "C"|Big & Rich|Big 10-4|Big 2|Big Advice|Big Al|Big Al Downing|Big Ali|Big Ang|Big Audio|Big Audio Dynamite|Big Azz Ko|Big B|Big Baby Driver|Big Bad Bosses|Big Bad Voodoo Daddy|Big Bam Boo|Big Bang|Big Bang Theory|Big Bank Black|Big Bank Hank|Big Bass|Big Ben Atkins|Big Big Sun|Big Black Delta|Big Blue Ball|Big Body Bes|Big Boi|Big Bopper|The Big Bopper|Big Boy|Big Brother|Big Brother & the Holding Company|Big Brother And The Holding Company|Big Bub|Big Buckz|Big Business|Big C|Big Chief|Big Chocolate|Big Circo|Big Country|Big D and the Kids Table|Big Daddi|Big Daddy Kane|Big Daddy Orchestra|Big Daddy Weave|Big Data|Big Dee Irwin (with Little Eva)|Big Dipper|Big Dirty Band|Big DS|Big Ed|Big Engine|Big Freedia|Big Fun|Big Gank|Big Gee|Big Gem|Big Gemini|Big Geminii|Big Generator|Big Gigantic|Big Gigantic Featuring Jennifer Ha|Big Gipp|Big Grams|Big Grams Featuring Skrillex|Big Head Blues Club|Big Head Todd & the Monsters|Big Head Todd And The Monsters|Big Herk|Big Hoodoo|Big House|Big House|Big House|Big Hud Da Heavyweight|Big Huss|Big Hutch|Big Ill|Big Jay McNeely|Big Jay McNeely & Band|Big Jay McNeely And Band|Big Jay Oakerson|Big Jaz|Big Jim|Big John|Big K.R.I.T.|Big Kahuna|Big Kap|Big Kenny|Big Kuntry King|Big L|Big Lady K|Big Lean|Big Lenbo|Big Lew BKA Popeye Reds|Big Logic|Big Lurch|Big Mack|Big Mama|Big Mama Soul|Big Mama Thornton|Big Mato|Big Mato (dupe 1)|Big Maybelle|Big Mello|Big Mike|Big Moe|Big Money Odis|Big Mountain|Big Mucci|Big Muff|Big Narstie|Big Noise|Big Noyd|Big Pig|The Big Pink|Big Pokey|Big Pooh|Big Pope|Big Poppa|Big Pun|Big Punisher|Big Quis|Big Redd|Big Regg|Big Ren|Big Ric|Big Rich|Big Ro|Big Rob|Big Roddy|Big Rube|Big Sam|Big Sambo and The House Wreckers|Big Sasha Minkov|Big Scary|Big Scoob|Big Sean|Big Shank|Big Shaq|Big Shaun|Big Shizz|Big Shug|Big Sister|Big Sky|Big Smo|Big Star|Big Steve Gee / T Balla|Big Sty|Big Sugar|Big Syke|Big T|Big Talk|Big TC|Big Tent Revival|Big Thief|Big Tigger|Big Time Charlie|Big Time Rush|Big Tone|Big Tray Deee|Big Trell|Big Trouble|Big Tuck|Big Twins|Big Tyme|Big Tymers|Big U & The Madhouse Crew|Big Von|Big Wild|Big World|Big Wreck|Big Wy|Big Wynn|Big2|Bigbang|Bigbang (Daesung Solo)|BigBrother|BigDumbFace|Bigflo & Oli|Bigg Face|Bigg Jus|Bigg Tyme|Bigg Villa|Bigga Figgaz|The Bigger Lights|Biggi Thórarinsson|Biggie|Biggie Tembo|Biggs|Biggy Smallz|Biker Boy Pug|Bikstok|Bilal|Bilal Abdulsamad|Bilal Samad|Bilderbuch|Bilinda Butcher|Bill|Bill|Bill|Bill & Gloria Gaither|Bill & Gloria Gaither & Their Homecoming Friends|Bill & Gloria Gaither And Their Homecoming Friends|Bill Albaugh|Bill Allen|Bill Amesbury|Bill Anderson|Bill Anderson|Bill Andrews|Bill Baker|Bill Barbot|Bill Bartlett|Bill Bateman|Bill Beaudoin|Bill Bellamy|Bill Belzer|Bill Berry|Bill Bixby/Lou Ferrigno|Bill Black|Bill Black's Combo|Bill Borez|Bill Botting|Bill Bowen|Bill Brandon|Bill Brown|Bill Bruford|Bill Bruno|Bill Bryson|Bill Burkette|Bill Burr|Bill Callahan|Bill Campbell|Bill Carlisle|Bill Carlucci|Bill Carter|Bill Champlin|Bill Charlap|Bill Charlap & Sandy Stewart|Bill Charlap Trio|Bill Chase|Bill Churchville|Bill Clinton|Bill Coday|Bill Coleman|Bill Connolly|Bill Connors|Bill Conti|Bill Corbin|Bill Cosby|Bill Cosby/Phylicia Rashad|Bill Cowsill|Bill Crandall|Bill Crawford|Bill Cunningham|Bill Curtis|Bill Danoff|Bill Deal|Bill Deal & the Rhondels|Bill Deasy|Bill Decker|Bill Dobrow|Bill Doggett|Bill Douglas|Bill Drummond|Bill Elliot|Bill Elliott|Bill Elliott|Bill Ellis|Bill Englehart|Bill Engvall|Bill Engvall/Billy Ray Cyrus|Bill Evans|Bill Evans|Bill Evans|Bill Evans|Bill Evans Trio|Bill Fagerbakke/Kevin Weisman|Bill Fay|Bill Fifield|Bill Figg|Bill Francis|Bill Fredericks|Bill Frisell|Bill Frost|Bill Fulton|Bill Gaal|Bill Gaither|Bill Gaither|Bill Gaither|Bill Gentry|Bill Gibson|Bill Gibson|Bill Gilmore|Bill Glover|Bill Goodwin|Bill Gould|Bill Green|Bill Griffin|Bill Guerra|Bill Haley|Bill Haley & His Comets|Bill Haley And His Comets|Bill Hamel|Bill Harris|Bill Hawkins|Bill Hayward|Bill Henderson|Bill Hicks|Bill Hudson|Bill Hunt|Bill Hunter|Bill Hurd|Bill Hurley|Bill Irving|Bill Isles|Bill Ives|Bill James|Bill Janovitz|Bill Jerome|Bill Jones|Bill Kaulitz|Bill Kelliher|Bill Kirchen|Bill Kreutzmann|Bill LaBounty|Bill Laswell|Bill Laurance|Bill Leatherwood|Bill Leeb|Bill Leen|Bill Legend|Bill Leverty|Bill Lloyd|Bill Lordan|Bill Lugg|Bill Lussenden|Bill Lyerly|Bill Mabry|Bill Maher|Bill Mallonee|Bill Manspeaker|Bill Marcks|Bill Martin|Bill McCartney|Bill McCorvey|Bill McDonald|Bill McEachern|Bill McGee|Bill McKay|Bill Medley|Bill Medley & Jennifer Warnes|Bill Million|Bill Monroe|Bill Monroe And His Blue Grass Boys|Bill Moss Jr.|Bill Murray|Bill Murray|Bill Murray/Andie MacDowell|Bill Murray/Frances Conroy|Bill Murray/Karen Allen|Bill Murray/Scarlett Johansson|Bill Nash|Bill Nelson|Bill Nershi|Bill Nighy|Bill Noland|Bill Nunley|Bill Nye|Bill Ortiz|Bill Parsons|Bill Pascali|Bill Paxton|Bill Paxton/Lance Henrickson|Bill Paxton/Matthew McConaughey|Bill Payne|Bill Phillips|Bill Phillips|Bill Pinkney|Bill Pitcock|Bill Priddle|Bill Pullman|Bill Pullman/Andie MacDowell|Bill Pullman/Bridget Fonda|Bill Pursell|Bill Quateman|Bill Randolph|Bill Reed|Bill Reynolds|Bill Rice|Bill Rieflin|Bill Rinehart|Bill Risbrook|Bill Ryder-Jones|Bill Sawyer|Bill Sharpe|Bill Shields|Bill Shute|Bill Simmons|Bill Smith|Bill Smith|Bill Spooner|Bill Steer|Bill Steer|Bill Stephney|Bill Stevenson|Bill Stewart|Bill Summers|Bill Summers & Summers Heat|Bill Svanoe|Bill Swan|Bill Syniar|Bill Taft|Bill Taylor|Bill Teague|Bill Tillman|Bill Trochim|Bill Tutton|Bill Uechi|Bill Ungerman|Bill Wadhams|Bill Wallace|Bill Ward|Bill Ware|Bill Watrous|Bill Weisbach|Bill Wence|Bill Whelan|Bill White|Bill Whitefield|Bill Wilbourn & Kathy Morrison|Bill Wilbourne & Kathy Morrison|Bill Winston|Bill Withers|Bill Witt|Bill Wolaver|Bill Wolfer|Bill Wolff|Bill Woody|Bill Wray|Bill Wyman|Bill Zorn|Billboard Brothers|Bille|Billie|Billie Eilish|Billie Holiday|Billie Jo Cornelius|Billie Jo Spears|Billie Joe|Billie Joe Armstrong|Billie Meyers|Billie Myers|Billie Rae Calvin|Billie Ray Martin|Billie Sans|Billie the Vision & the Dancers|Billie The Vision And The Dancers|Billy "Bass" Nelson|Billy "Crash" Craddock|Billy & Baby Gap|Billy & Lillie|Billy & Sara Gains|Billy & Sarah Gaines|Billy & the American Suns|Billy Aaron Brown/Nicki Lynn Aycox|Billy Abbott And The Jewels|Billy Adams|Billy Adamson|Billy Alemaghides|Billy Always|Billy and Sarah Gaines|Billy Bang|Billy Bathgate|Billy Beard|Billy Beck|Billy Bell|Billy Bland|Billy Blanks|Billy Bob Bowman|Billy Bob Thornton|Billy Bob Thornton/Greg Kinnear|Billy Bob Thornton/Halle Berry|Billy Bob Thornton/Jon Heder|Billy Bob Thornton/Seann William Scott|Billy Bob Thornton/Virginia Madsen|Billy Boy Arnold|Billy Boy on Poison|Billy Boyd|Billy Bragg|Billy Bremner|Billy Brooks|Billy Brown|Billy Burke|Billy Burnette|Billy Butler|Billy C. Farlow|Billy Childs|Billy Childs|Billy Chinnock|Billy Christ|Billy Cobham|Billy Connolly|Billy Conway|Billy Cook|Billy Corgan|BILLY CRAWFORD|Billy Crudup|Billy Crudup/Jennifer Connelly|Billy Crudup/Kate Hudson|Billy Crystal|Billy Crystal/John Goodman|Billy Crystal/Meg Ryan|Billy Cudmore|Billy Currie|Billy Currington|Billy D. & The Hoodoos|Billy Dalton|Billy Danzenie|Billy Davis|Billy Davis|Billy Davis|Billy Davis, Jr.|Billy Dean|Billy Dee Williams|Billy Duffy|Billy Earheart|Billy Eckstine|Billy Edd Wheeler|Billy Eichner|Billy Ellis|Billy Elworthy|Billy Falcon|Billy Ficca|Billy Francis|Billy Gibbons|Billy Gilman|Billy Goodwin|Billy Gordon|Billy Grammer|Billy Graves|Billy Graziadei|Billy Greer|Billy Griffin|Billy Guy|Billy Guy|Billy Hamilton|Billy Hamlin|Billy Harper|Billy Harrison|Billy Hart|Billy Hart Quartet|Billy Henderson|Billy Higgins|Billy Hill|Billy Hill|Billy Hinds|Billy Hinsche|Billy Hocher|Billy Hoffman|Billy Hogg|Billy Howerdel|Billy Idol|Billy J. Kramer With The Dakotas|Billy Jacoby|Billy Joe & The Checkmates|Billy Joe Burnette|Billy Joe Royal|Billy Joe Shaver|Billy Joe Walker, Jr.|Billy Joel|Billy Johnson|Billy Johnson|Billy Johnson|Billy Kennedy|Billy Klippert|Billy Landry|Billy Large|Billy Larkin|Billy Larkin|Billy Lawrence|Billy Lee Riley|Billy Lemmons|Billy Lockett|Billy Lunn|Billy Luxon|Billy Lyall|Billy Mackenzie|Billy Martin|Billy Martin|Billy Mata|Billy May And His Orchestra|Billy McGuinness|Billy McLaughlin|Billy Méndez|Billy Meyer|Billy Milano|Billy Mitchell|Billy Mitchell|Billy Mitchell|Billy Mize|Billy Mohler|Billy Montana|Billy Montana & the Long Shots|Billy Moore|Billy Morrison|Billy Mumy|Billy Mundi|Billy Murcia|Billy Mutchler|Billy Newton-Davis|Billy Nichols|Billy Ocean|Billy Osborne|Billy Oskay|Billy Parker|Billy Paul|Billy Pilgrim|Billy Pitts|Billy Porter|Billy Powell|Billy Preston|Billy Preston & Syreeta|Billy Prophet|Billy Puett|Billy Raffoul|Billy Rankin|Billy Ray Cyrus|Billy Ray Latham|Billy Rivers & The Angelic Voices Of Faith|Billy Robinson|Billy Rowe|Billy Satellite|Billy Sawilchik|Billy Sha-Rae|Billy Sheehan|Billy Shelton|Billy Sheppard|Billy Simon|Billy Smiley|Billy Squier|Billy Stack|Billy Stapleton|Billy Steele|Billy Stewart|Billy Stewart|Billy Stoll|Billy Storm|Billy Strange|Billy Strayhorn|Billy Strings|Billy Stritch|Billy Swan|Billy Talbot|Billy Talent|Billy Taylor|Billy the Kid|Billy Thomas|Billy Thorpe|Billy Thorpe|Billy Thunderkloud & the Chieftones|Billy Valentine|Billy Vaughn|Billy Vaughn & His Orchestra|Billy Vaughn And His Orchestra|Billy Vera|Billy Vera & Judy Clay|Billy Vera & the Beaters|Billy Walker|Billy Walker|Billy Ward|Billy Ware|Billy Webb|Billy Wes|Billy Williams|Billy Williamson|Billy Winn|Billy Wirth|Billy Wolf|Billy Yates|Billy Zane|Billy Zoom|Bilson, English Baroque Soloists (gardiner)|Bimba Bose|Bimbo|Bimbo Jet|Bimbo Jones|Binc|Bindi Irwin|Binecks|Bing|Bing & Ruth|Bing Crosby|Bing Crosby & the Andrews Sisters|Bing Crosby And The Jesters|Bingo|Bingo Boys|Bingo Players|Bingo Players Featuring Far East Movement|Bingoboys|Bingy Bunny|Bink|Binky Griptite|Binomio de Oro|Biohazard|Bionic Boogie|Bipolar Sunshine|Birch Denney|The Bird and the Bee|Bird the Bricklayer|Bird York|Birdland|Birdland|Birdlegs & Pauline and their Versatility Birds|Birdman|Birdpaula|Birds in Row|Birds of a Feather|Birds of Chicago|The Birds of Satan|Birds of Tokyo|The Birdsongs|Birdy|Birdy|Birdy|Birdy|Birdy|Birdy Nam Nam|Biréli Lagrène|Birmingham J|The Birthday|The Birthday Massacre|BIS|bis|Bisbetic|Biscuit|Bish|Bishop|Bishop|Bishop AJ Wright|Bishop Alfred Owens|Bishop Allen|Bishop Andre Woods|Bishop Andrew J. Ford II & The Anointed Voices|Bishop Andrew Merrit|Bishop Andrew Merritt|Bishop Andrew Merritt & The Straight Gate Mass Choir|Bishop Billy Robinson|Bishop Billy Robinson & The Garden Of Prayer Cathedral Choir|Bishop Bobby Hilton & The Word Of Deliverance Mass Choir|Bishop Brian D. Moore / Life Center Charlotte Choir|Bishop Briggs|Bishop Carlton Pearson|Bishop Chalres E. Blake|Bishop Clarence E. McClendon Presents The Harvest Fire Mega Mass Choir|Bishop David G. Evans|Bishop Dennis Leonard|Bishop E.L. Palmer|Bishop Eddie L. Long Presents New Birth Total Praise Choir|Bishop Eddie Long|Bishop G.E. Patterson|Bishop Gary Hawkins|Bishop Greg Davis|Bishop J. Drew Sheard|Bishop James Morton|Bishop Jeff Banks|Bishop Jeff Banks And The Revival|Bishop Jerry L. Maynard|Bishop Joseph W. Walker III|Bishop K.W. Brown|Bishop L. Spenser Smith|Bishop Lamont|Bishop Larry D. Trotter|Bishop Larry D. Trotter & The Sweet Holy Spirit Combined Choir|Bishop Larry D. Trotter And The Sweet Holy Spirit Choir|Bishop Larry Trotter|Bishop Laurence V. Plummer, Sr.|Bishop Lawrence Hancock|Bishop Leonard Scott|Bishop Marvin Winans|Bishop Michael V. Kelsey & The New Samaritans Choir|Bishop Neal Roberson & The Macedonia Mass Choir|Bishop Nehru|Bishop Neil C. Ellis|Bishop Noel Jones|Bishop Norman L. Wagner/Mt. Calvary Concert Choir|Bishop Paul S. Morton|Bishop Paul S. Morton & The FGBCF Mass Choir|Bishop Paul S. Morton Presents The FGBCFMC|Bishop Paul S. Morton, Sr.|Bishop Paul S. Morton, Sr. & Greater St. Stephen Mass Choir|Bishop Richard "Mr. Clean" White|Bishop Ronald E. Brown|Bishop Rudolph McKissick Jr. And The Word & Worship Mass Choir|Bishop S. Y. Younger|Bishop Simon Gordon & Tridestone Church|Bishop T.D. Jakes|Bishop T.D. Jakes And The Potter's House Mass Choir|Bishop T.D. Jakes, Sr.|Bishop Terry Williams|Bishop the Overseer|Bishop Tudor Bismark|Bishop Wayne|Bishop William C. Abney Jr.|Bishop Yvette Flunder|The Bishops|Bisso Na Bisso|Bit Funk|Bitchin Bajas|Bitchin Bajas|Biting Elbows|Bits And Pieces|Bitter:Sweet|Bitty Mclean|The Biv 10 Pee Wee All-Stars|Bix Bigler|Bixel Boys|Bixiga 70|Biz Markie|Bizarre|Bizarre Inc|Bizarre Inc.|Bizzle|Bizzy|Bizzy Bone|Bizzy Montana|BJ|BJ Barham|BJ McKenzie|BJ Penn|BJ Putnam|BJ the Chicago Kid|Bjarne Ohlin|Bjarne T. Holm|Bjarte Engeset|Bjonr|Björk|Bjorn|Bjorn Akesson|Björn Berglund|Bjorn Copeland|Björn Dixgård|Bjorn Eidsvag|Björn Gelotte|Bjorn Johan Muri|Björn Olsson|Björn Skifs|Björn Strid|Björn Ulvaeus|Björn Yttling|BK|BK Brasco|BK Cavali|BK-One|BKO|BKS|BL|Bl'ast!|Blac Haze|Blac Monks|Blac Youngsta|Black|Black & White|Black 'N Blue|Black + White Brothers|Black 47|The Black Angels|Black Angus|Black Anvil|Black Blood|Black Box|Black Britain|Black Buddafly|Black By Demand|Black Cards|Black Child|Black Coast|Black Cobain|Black Coffee|Black Coffey|Black Connection|Black Country Communion|The Black Crowes|Black Crown Initiate|Black Dada|The Black Dahlia Murder|Black Daisy|Black Dave|Black Dave|Black Dawg|Black Dice|Black Dub|Black Duck|The Black Eyed Peas|Black Face|Black Flag|Black Flames|Black Fly|Black Francis|Black Fras|Black Gold|Black Grape|Black GryphOn|Black Heat|Black Hippy|Black Ice|Black Indian|Black Ivory|Black Joe Lewis|Black Joe Lewis & the Honeybears|Black Jonas Point|The Black Keys|Black Kids|Black Knight|Black Lab|Black Label Society|Black Lace|The Black League|Black Legend|Black Light Burns|Black Light Orchestra|The Black Lillies|Black Lips|Black M|Black Machine|Black Maddness|Black Magic|Black Mamba|Black Map|Black Marble|The Black Maria|Black Menace|Black Meteoric Star|Black Mike|Black Milk|Black Milk|Black Miss|Black Moods|The Black Moods|Black Moon|Black Moon|Black Moth Super Rainbow|Black Mountain|Black Oak Arkansas|Black Oxygen|The Black Pacific|Black Pearl|Black Pearl|Black Pistol Fire|Black Point|Black Prairie|The Black Queen|Black Raison d'etre|Black Rebel Motorcycle Club|Black Renega|Black Rob|Black Rock|Black Rock 'N' Ron|Black Sabbath|Black Satin|The Black Seeds|Black Sheep|Black Soul & S. Jin|Black Star|Black Star Riders|Black Stereo Faith|Black Stone Cherry|Black Sunshine|Black Thought|Black Tide|Black Tie|Black Tie Dynasty|Black Tusk|Black Uhuru|Black Veil Brides|Black Violin|The Black Widows|Black: Guayaba|Black:Guayaba|Blackalicious|Blackbear|Blackberry Smoke|Blackbird|Blackbird Blackbird|The Blackbyrds|Blackeyed Susan|Blackfield|Blackfoot|Blackfoot Gypsies|Blackgirl|BlackHawk|Blackie Lawless|Blackie Onassis|Blackjack|Blackjack Billy|Blackjack Billy Featurning The Road Hammers & Doc Walker|Blacklisted|Blacklite District|Blackmore's Night|Blackmore's Rainbow|The Blackout Allstars|Blackoutt|BlackPink|The Blacksheeps|Blacksmoke|Blacksoul|Blackstreet|Blacktivity Feat. M. Fowler & D. Martin|Blacktop Mojo|Blacktop Mourning|Blackwatch|Blackwell|The Blades of Grass|Blaes Bukki|Blahzay Blahzay|Blaine Cartwright|Blaine Harrison|Blaine Larsen|Blaine Mitchell|Blaine Thurier|Blair|Blair Brown|Blair Cunningham|Blair Douglas|Blair Forward|Blair Mackay|Blair Thornton|Blaire Hanks|Blaise|Blaise Margail|BLAISE MOORE|Blak|Blak Jak|Blak Panta|Blake|Blake & Brian|Blake & Hines|Blake Aaron|Blake Allison|Blake Bunzel|Blake Dixon|Blake Eberhard|Blake Fleming|Blake Hardman|Blake Hazard|Blake Healy|Blake Heron|Blake Hubbard|Blake Levinsohn|Blake Lewis|Blake Lively|Blake Lively/Leighton Meester|Blake McGrath|Blake McWhorter|Blake Michael|Blake Mills|Blake Paulson|Blake Richardson|Blake Schwarzenbach|Blake Sennett|Blake Shelton|Blake Shelton Featuring Gwen Sebastian|Blake Smith|Blake Wise|The Blakes|Blakkheim|BlakRoc|Blamcmange|Blame Sally|Blameless|Blanca|Blanca|Blanca Callahan|Blanca Reyes|Blanchard Ryan|Blanche|Blanck Mass|Blancmange|Blanco White|Blanco y Negro|Blank & Jones|The Blank Theory|Blaq Poet|Blaq Rose|Blaqk Audio|Blaqthoven|Blaque|Blare LeVoir|BLAS DURAN|Blas Elias|Blast|Blast Featuring V.D.C.|Blast Zone|Blasterjaxx|The Blasters|The Blasters|Blaya|Blaze|Blaze (dupe 1)|Blaze Bayley|Blaze Ya Dead Homie|Blazed|Ble|Ble & Les BB|Bleach|Bleached|Bleachers|The Bled|Bleeding Through|Bleeker|Bleeker Ridge|Blegen, Valente (Korn)|Blenda|Blende|The Blendells|Blenders|The Blenders|Bleona|Bless Yer Heart|Blessed|Blessed|Blessed|Blessed by a Broken Heart|Blessed Union of Souls|Blessid Union of Souls|blessthefall|Bleu|Bleu DaVinci|Bleu Edmondson|Bleu Jeans Bleu|Bligg|The Blind Boys of Alabama|Blind Faith|Blind Fury|Blind Guardian|Blind Joe|Blind Melon|Blind Pilot|Blind Willie Johnson|Blinded Black|Blinding Flashes of Light|Blindside|Bling Dynasty|blink-182|Blinky|Bliss Bliss|Bliss N Eso|Blitz Kids|Blitzen Trapper|Blitzkrieg|Blixa Bargeld|Blizzard Brothers|BLK JKS|Bloc Party|Block B|Block B Project-1 Feat. chanmina|Blockhead|Blodwyn Pig|BLOF|Blog 27|Blokkmonsta|Blonde|Blonde Ambition|Blonde Redhead|Blonder|Blondes|Blondfire|Blondie|Blondie Chaplin|Blood & Water|The Blood Brothers|Blood Diamond|Blood Diamonds|Blood for Blood|Blood Good|Blood on the Dance Floor|Blood Orange|Blood Raw|Blood Red Shoes|Blood Simple|Blood, Sweat & Tears|Bloodbath|Bloodclot|Bloodgood|Bloodhound Gang|Bloodline|Bloodpop|Bloodrock|Bloods|Bloods & Crips|Bloodsimple|Bloodstone|The Bloody Beetroots|Bloss|Blossom Dearie|Blossoms|The Blossoms|Blou|Blouse|Blouson Chiemi|Blow|The Blow|Blow Fly|The Blow Monkeys|Blowfly|Blu|Blu|Blu|Blu|Blu & Exile|Blu Cantrell|Blu Crush|Blu Mandella|Bluatschink|Blue|Blue|Blue|Blue +yster Cult|The Blue Aeroplanes|Blue Amazon|Blue Bamboo|Blue Boy|Blue Cheer|Blue Claw Philharmonic|Blue Collar Comedy Tour|Blue County|The Blue Diamonds|Blue Effect|Blue Encount|Blue Foundation|Blue Giant|Blue Harvest|Blue Hawaii|Blue Haze|The Blue Hearts|Blue Heron|Blue Highway|Blue Ivy Carter|The Blue Jays|Blue Knights|Blue Lagoon|Blue Line|Blue Magic|Blue Man Group|Blue Mercedes|Blue Mercedes|Blue Mercedes|Blue Merle|Blue Miller|Blue Mink|Blue Mitchell|Blue Moderne|Blue Moon Rising|Blue Murder|The Blue Nile|The Blue Note 7|Blue Note All-Stars|The Blue Notes|The Blue Notes|Blue October|Blue Öyster Cult|Blue Pearl|Blue Print|Blue Ridge Rangers|The Blue Ridge Rangers|Blue Rodeo|Blue Saraceno|Blue Scholars|Blue Six|Blue Sky Riders|Blue Stahli|Blue Swede|Blue System|Blue Tofu|Blue Train|The Blue Van|Blue Wednesday|Blue Zone U.K.|Blue's Clues|The Blue-Belles|Blueberry|Blueboy|The Blueboy|Bluefield|Bluegrass Tribute Players|The Bluenotes|Blueprint|Blues Boy Willie|Blues Brothers|The Blues Brothers|Blues Control|Blues Image|The Blues Image|Blues Magoos|Blues Pills|The Blues Project|Blues Saraceno|Blues Traveler|Bluesiana II|Bluesiana Triangle|Bluestone|Bluestone Co.|Bluetree|Bluey|Blueyes|Bluez Brothaz|Bluezeum|Blümchen|Blumentopf|Blunt Funkers|Blur|Blush|Blush|Blush|Blush|Blutengel|Blutonium Boy|BLYAT|Blythe Danner|Blæs Bukki|Bløf|Bmacthequeen|BMB|BMC Boyz|BMD|BMK|BMWMB|Bnann|BnK|Bnois King|BNQT|BNR (Feat. Lyn, VerbalJint)|Bo|Bo Bice|Bo Bruce|Bo Burnham|Bo Derek|Bo Diddley|Bo Donaldson|Bo Donaldson & the Heywoods|Bo Donaldson And The Heywoods|Bo Evers|Bo Hansson|Bo Kaspers Orkester|Bo Kirkland And Ruth Davis|Bo Koster|Bo Madsen|Bo Rinehart|Bo Savich|Bo Svensson|Bo Wagner|Bo Watson|Bo-Rock|Bo-Shed|BoA|Boa|BoA (Feat. Henry Of Super Junior-M & Key Of SHINee)|Boards of Canada|Boaz|Bob|Bob "Chilly B" Crafton|Bob "The Bear" Hite|Bob & Doug McKenzie|Bob & Earl|Bob & Ray|Bob & Tom|Bob Abrams|Bob Adams|Bob And Doug Mckenzie|Bob And Earl|Bob Armstrong|Bob Ashley|Bob Avery|Bob B. Soxx & the Blue Jeans|Bob B. Soxx And The Blue Jeans|Bob Babbitt|Bob Bailey|Bob Balaban/Christopher Guest|Bob Balch|Bob Baldori|Bob Baldwin|Bob Banerjee|Bob Baran|Bob Beckham|Bob Belden|Bob Bennett|Bob Berberich|Bob Berg|Bob Bergland|Bob Berryhill|Bob Bert|Bob Birch|Bob Bishop|Bob Bissonnette|Bob Bogle|Bob Booker|Bob Boulding|Bob Brady|Bob Brady|Bob Braun|Bob Breeks|Bob Brockman|Bob Brozman|Bob Bryar|Bob Burns|Bob Burns, Jr.|Bob C. Benberg|Bob Carlisle|Bob Carlisle|Bob Carpenter|Bob Carter|Bob Casale|Bob Clouter|Bob Cotton|Bob Cowsill|Bob Crafton|Bob Crane|Bob Cranshaw|Bob Crawford|Bob Crawford|Bob Crewe|Bob Crewe Generation|Bob D'Eith|Bob Daisley|Bob Dalton|Bob Demmon|Bob Denver|Bob Drake|Bob Dudek|Bob Duncan|Bob Dylan|Bob Dylan & Eric Clapton|Bob Dylan & The Grateful Dead|Bob Dylan & the Rolling Thunder Revue|Bob Dylan And The Band|Bob Dylan With the Heartbreakers|Bob Economou|Bob Egan|Bob Engemann|Bob Enos|Bob Esty|Bob Evans|Bob Fairfoull|Bob Fay|Bob Feddersen|Bob Feldman|Bob Ferrante|Bob Ferrari|Bob Fitts|Bob Fitzer|Bob Flick|Bob Flick|Bob Florence|Bob Folschow|Bob Forrest|Bob Franceschini|Bob Froese|Bob Gallion|Bob Gaspar|Bob Gaudio|Bob Geldof|Bob Goldthwait|Bob Gonzales|Bob Goodman|Bob Gordon|Bob Griffin|Bob Grimm|Bob Guiney|Bob Hall|Bob Hallett|Bob Hardy|Bob Harper|Bob Harper/Kim Lyons|Bob Hartman|Bob Harvey|Bob Haworth|Bob Heathcote|Bob Henke|Bob Henrit|Bob Herco|Bob Herdman|Bob Hite|Bob Hoag|Bob Hoffnar|Bob Holden|Bob Hope|Bob Hoskins|Bob Hoskins/Christopher Lloyd|Bob Husack|Bob Jackson|Bob James|Bob James|Bob James Trio|Bob James/David Sanborn|Bob Jenkins|Bob Jennings|Bob Jones|Bob Kauflin|Bob Kayli|Bob Kerr|Bob Kimmel|Bob King|Bob Klose|Bob Kuban|Bob Kuban & the In-Men|Bob Kuban And The In-Men|Bob Kullick|Bob Lang|Bob Lanza|Bob Leinbach|Bob Lind|Bob Lindsey|Bob Loveday|Bob Luman|Bob Lynch|Bob MacVittie|Bob Mahoney|Bob Malach|Bob Mamet|Bob Manardo|Bob Mann|Bob Marley|Bob Marley & Artie Glen|Bob Marley & the Wailers|Bob Marley And The Wailers|Bob Marley vs. Funkstar DeLuxe|Bob Marshall|Bob McBride|Bob McFadden And Dor|Bob McGilpin|Bob McGrath|Bob McNelley|Bob McPherson|Bob Miller|Bob Mintzer|Bob Mintzer Big Band|Bob Miranda|Bob Moffatt|Bob Moore and His Orch.|Bob Morris|Bob Moses|Bob Moses|Bob Mosley|Bob Mothersbaugh|Bob Mould|Bob Nanna|Bob Nastanovich|Bob Newhart|Bob Newhart/Suzanne Pleshette|Bob Nordby|Bob Odenkirk|Bob Odenkirk/David Cross|Bob Pack|Bob Packwood|Bob Pantella|Bob Pernice|Bob Pezzola|Bob Prather|Bob Pressner|Bob Raymond|Bob Reed|Bob Relf|Bob Reynolds|Bob Rivers|Bob Rock|Bob Rondinelli|Bob Rosenberg|Bob Rupe|Bob Rusay|Bob Saget|Bob Saget/Christina Applegate|Bob Schmidt|Bob Schneider|Bob Schneider|Bob Schneider|Bob Scholl|Bob Schultz|Bob Schulz|Bob Scott|Bob Segarini|Bob Seger|Bob Seger & the Silver Bullet Band|The Bob Seger System|Bob Shane|Bob Sheff|Bob Shivers|Bob Siebenberg|Bob Sinclair|Bob Sinclar|Bob Spickard|Bob Stanley|Bob Steeler|Bob Stinson|Bob Suffolk|Bob Taylor|Bob Taylor|Bob Tench|Bob The Drag Queen|Bob Thiemann|Bob Thompson|Bob Walkenhorst|Bob Watkins|Bob Webb|Bob Webber|Bob Weber|Bob Weir|Bob Weir And Ratdog|Bob Welch|Bob Welsh|Bob Weston|Bob Weston|Bob Whiteside|Bob Wills|Bob Wills And His Texas Playboys|Bob Wiseman|Bob Woodruff|Bob Woodruff & the Fields|Bob Yahn|Bob Yarborough|Bob Yarbrough|Bob Yeazel|Bob Young|Bob Zilla|Bob's Burgers|Bob-A-Rela|Boba Fett|Bobaflex|Boban & Marko Markovic Orkestar|Bobb Bruno|The Bobbettes|Bobbi Houston|Bobbi Humphrey|Bobbi Lace|Bobbi Martin|Bobbi Page|Bobbi Staff|Bobbi Walker|Bobbie Cryner|Bobbie Eakes|Bobbie Gentry|Bobbie Leslie|Bobbie Nelson|Bobbie Roy|Bobbie Smith|Bobby|Bobby|Bobby "Blitz" Ellsworth|Bobby "Blue" Bland|Bobby "Boris" Pickett|Bobby "Boris" Pickett & the Crypt-Kickers|Bobby "Boris" Pickett And The Crypt-Kickers|Bobby & Steve|Bobby Adams|Bobby And The Midnites|Bobby Anthony|Bobby Apon|Bobby Arlin|Bobby Arvon|Bobby Austin|Bobby Baranowski|Bobby Bare|Bobby Bare, Jr.|Bobby Barnett|Bobby Bazini|Bobby Bazini featuring Serena Ryder|Bobby Black|Bobby Blaine|Bobby Bland|Bobby Bloom|Bobby Blotzer|Bobby Blue|Bobby Blue Sky|Bobby Boer|Bobby Bond|Bobby Bones|Bobby Bones And The Raging Idiots|Bobby Borchers|Bobby Borg|Bobby Brackins|Bobby Braddock|Bobby Broom|Bobby Brown|Bobby Brown|Bobby Bryant|Bobby Burnett|Bobby Burns|Bobby Byrd|Bobby Byrd|Bobby Caldwell|Bobby Caldwell|Bobby Callender|Bobby Campo|Bobby Capps|Bobby Charles|Bobby Clark|Bobby Cochran|Bobby Cole|Bobby Colomby|Bobby Comstock|Bobby Comstock & the Counts|Bobby Cruz|Bobby Curtola|Bobby d'Ambrosio|Bobby Dall|Bobby Darin|Bobby Darling|Bobby Day|Bobby DeBarge|Bobby Digital|Bobby Doyle|Bobby Drake|Bobby Durham|Bobby Earl Williams|Bobby Edwards|Bobby Eli|Bobby Elliott|Bobby Ellsworth|Bobby Espinosa|Bobby Farrell|Bobby Fisher|Bobby Freeman|Bobby Fuller|Bobby Fuller Four|The Bobby Fuller Four|Bobby G. Rice|Bobby Garver|Bobby Gillespie|Bobby Goldsboro|Bobby Green|Bobby Green & The Foxies|Bobby Gregg and His Friends|Bobby Gustafson|Bobby Hackney|Bobby Hambel|Bobby Hamilton|Bobby Harden|Bobby Harrelson|Bobby Harris|Bobby Harris|Bobby Harrison|Bobby Hatfield|Bobby Havens|Bobby Hebb|Bobby Helms|Bobby Hendricks|Bobby Hewitt|Bobby Hicks|Bobby Hill|Bobby Hood|Bobby Houston|Bobby Humphrey|Bobby Hutcherson|Bobby Ingram|Bobby Jacobs|Bobby Jarzombek|Bobby Jenkins|Bobby Jimmy|Bobby Jimmy & The Critters|Bobby Johns|Bobby Jones|Bobby Keys|Bobby Kim|Bobby Kimball|Bobby King|Bobby Koelble|Bobby Kourelis|Bobby LaKind|Bobby Lee|Bobby Lee Fears|Bobby Lee Springfield|Bobby Lee Trammell|Bobby Leonards|Bobby Lewis|Bobby Lewis|Bobby Lewis|Bobby Light|Bobby Long|Bobby Lord|Bobby Lord|Bobby Lovelace|Bobby Lycon|Bobby Lyle|Bobby Lynch|Bobby Mackey|Bobby Marchan|Bobby Mardis|Bobby Massey|Bobby McClure|Bobby McFerrin|Bobby Messano|Bobby Militello|Bobby Mittan|Bobby Moon (Feat. SungKyungHee, AhnJungHo)|Bobby Moore|Bobby Moore|Bobby Moore & the Rhythm Aces|Bobby Morris|Bobby Newsome|Bobby Nunn|Bobby Nurse|Bobby O|Bobby O. With Claudja Barry|Bobby Orlando|Bobby Osborne|Bobby Osborne & The Osborne Brothers|Bobby Parker|Bobby Paterson|Bobby Patterson|Bobby Pedrick Jr.|Bobby Pedrick, Jr.|Bobby Penn|Bobby Peterson|Bobby Peterson|Bobby Phillips|Bobby Pickett|Bobby Pinson|Bobby Poole II|Bobby Powell|Bobby Previte|Bobby Pulido|Bobby Purify|Bobby Purvis|Bobby Rae Mayhem|Bobby Rafael|Bobby Rambo|Bobby Randall|Bobby Reed|Bobby Reeves|Bobby Relf|Bobby Rogers|Bobby Ross Avila|Bobby Rush|Bobby Russell|Bobby Rydell|Bobby Saint|Bobby Schayer|Bobby Schnitzer|Bobby Scruggs|Bobby Shafto|Bobby Sheehan|Bobby Sheen|Bobby Sherman|Bobby Shmurda|Bobby Short|Bobby Simms|Bobby Sims|Bobby Slone|Bobby Smith|Bobby So Fine Butler|Bobby Spears|Bobby Spencer|Bobby Springfield|Bobby Stampley|Bobby Steele|Bobby Stewart|Bobby Stignac|Bobby Swain|Bobby Tak|Bobby Taylor & the Vancouvers|Bobby Thompson|Bobby Thompson|Bobby Thurston|Bobby Timmons|Bobby Trinity|Bobby V|Bobby Valentín|Bobby Valentino|Bobby Vee|Bobby Vee & The Shadows|Bobby Vee & the Strangers|Bobby Vena|Bobby Vidales|Bobby Vinton|Bobby Washington|Bobby Watson|Bobby Watson|Bobby Watson & Horizon|Bobby Wayne Loftis|Bobby Whitfield|Bobby Whitlock|Bobby Williams|Bobby Wills|Bobby Wilson|Bobby Winkelman|Bobby Womack|Bobby Womack|Bobby Womack & Peace|Bobby Wood|Bobby Woods|Bobby Wright|Bobby Youngblood|Bobbyblue|Bobcat|Bobcat Goldthwait|Bobermann|BOBI|Bobi Céspedes|Bobo Stenson|Bobo Stenson Trio|Boby Franklin|Bodan Shonen Dan|BoDeans|Bodega Bamz|Bodega Charlie|Bodh'aktan|Bodoxa|Body|Body|The Body|Body & Soul|Body Count|Body Head Bangerz|Body/Head|Bodybangers|Bodyrockers|Bodyrox|Bodyslam|Bodysnatcher|Boef|Boehm|Boehse Onkelz|Boff "Beagle" Whaley|Bog Harper|Bogle|The Bogmen|Bogness|Boh Runga|Bohagon|BOHEMIAN|Bohemian,Joo Won,Lee Jung Hyun|The Bohicas|Bohren|Bohren & der Club of Gore|Böhse Onkelz|Boiler|Boiling Point|Bojan Cicic|Bojax|Boku No Ririkku No Bouyomi|Bolbbalgan4|Boldy James|Bolegs|Bolton|BoM|Bom Gosto|The Bomb Squad|Bomb the Bass|Bomba Estéreo|Bombadil|Bombai|Bombay Bicycle Club|Bombay Dub Orchestra|Bombers|Bombino|Bombon|Bombs Away|Bomfunk MC's|Bomfunk MCs|bomi|Bomshel|Bon Harris|Bon Iver|Bon Jovi|Bon Qui Qui|Bon Rock|Bon Scott|Bonafide Praisers|Bonanza|Bond|Bondan Prakoso & Fade2Black|Bondax|Bonde do Role|Bone|The Bone Brothers|Bone Crusher|Bone Symphony|Bone Thug Affiliates|Bone Thugs|Bone Thugs-N-Harmony|Bones|The Bones|Bones Brettell|Boney James|Boney M|Boney M.|Bonez|Bonez MC|Bonez MC & Raf Camora|Bongo Botrako|Bongo Herman|Bonham|Bonilla|Bonjour|Bonjour Brumaire|Bonka|Bonkaz|Bonkers|Bonn Classical Philharmonics|Bonnie|Bonnie "Prince" Billy|Bonnie & The Treasures|Bonnie 'Prince' Billy & The Cairo Gange|Bonnie Anderson|Bonnie Bailey|Bonnie Bedelia|Bonnie Bishop|Bonnie Boyer|Bonnie Bramlett|Bonnie Brown|Bonnie Forman|Bonnie Guitar|Bonnie Hunt|Bonnie Jones|Bonnie Karin|Bonnie Kolac|Bonnie Lamdin|Bonnie Leigh|Bonnie Long|Bonnie McKee|Bonnie Nelson|Bonnie Oliver|Bonnie Owens|Bonnie Pink|Bonnie Pointer|Bonnie Raitt|Bonnie Rideout|Bonnie Rideout, Maggie Sansone & Al Petteway|Bonnie Shannon|Bonnie Stillwatter|Bonnie Tyler|Bonny B.|Bonny Cepeda|Bonny Cepeda y su orquesta|Bonny Dunning|Bono|Bonobo|Bonobo Featuring Nick Murphy|Bonobos|Bonray|Bonray|Bonz|Bonzai|Bonzo Dog Band|Bonzo Goes to Washington|Boo|Boo & Gotti|Boo Banga|Boo Boo Davis|Boo Hewerdine|The Boo Radleys|Boo Seeka|Boo Yaa Tribe|Boo Young|Boo-Ray, Esq.|Boo-Yaa T.R.I.B.E.|Booba|Boobakaw And Tha Wild Younginz|Boobe|Boobe & The Young Farmers|Booboo Stewart|Boochie Boo|Boogarins|Boogie|Boogie|Boogie|Boogie Boys|Boogie Down Productions|Boogie Pimps|Boogie T|Boogie T.|Boogiemonsters|Book of Days|Book of Love|Booka|Booker Newberry|Booker Newberry III|Booker T|Booker T. & the MG's|Booker T. Jones|The Books|The Boom|BOOM (Feat. Gaeko)|Boom Bam|Boom Bap Project|Boom Bass|Boom Boom Satellites|Boom Chucka Boys|Boom Crash Opera|Boom Desjardins|Boom Jinx|Boom Tribe|The Booma Rockers|Boombox Cartel|Boome|Boomer Castleman|Boomer Clarke|Boomer Simpson|Boomkat|Boomman|Boomtang|The Boomtang Boys|The Boomtown Rats|The Boomzers|Boon Gould|Boondox|Boondox|Boone|Boone Daughdrill|Boosie Badazz|Boot Camp Clik|Boot Campaign|The Booth Brothers|Bootie Brown|Bootleg|Boots|Boots|Boots|Boots Brown And His Blockbusters|Boots Clements|Boots Electric|Boots Randolph|Boots Riley|Boots Walker|Bootstraps|Bootsy|Bootsy Collins|Bootsy McQueen|Bootsy's Rubber Band|Booty Luv|Booty People|BootyLuv|Bop Boyz|Boppers|borccoli you too?|Boredoms|Borgeous|Borgore|Boricua Boys|Boris|Boris|Boris & Beck|Boris Blank|Boris Brovtsyn|Boris Dlugosch|Boris Dlugosch Presents Booom!|Boris Geiger|Boris Giltburg|Boris Grebenshikov|Boris Karloff|Boris Kodjoe/Clifton Powell|Boris Kovac & La Campanella|Boris Midney|Boris René|Boris Williams|Boriz Kozlov|Borknagar|Born Again|Born Allah|Born Dirty|Born Jamericans|Born of Osiris|Born Predators|Born Ruffians|Borne|BORNS|Bornscar|Bosca|Bose|Bosh Berlin|Bosko|Bosnian Rainbows|Boss|Boss|Boss|Boss|Boss AC|Boss Hogg Outlawz|Boss Hoss|Boss in Drama|Boss Selection|Bossa Rio|Bossacucanova|Bosse|Bosse Liljedahl|The Bosshoss|Bossman|Bossman & The Blakjak|Bosson|Bostick|Boston|Boston Baroque|Boston Baroque (Pearlman)|Boston Celtics|Boston Composers String Quartet (Teeters)|Boston D.J.'s|Boston Early Music Festival (Parrott)|Boston Early Music Festival Chorus|Boston Early Music Festival Orch. (Parrott)|Boston Early Music Festival Orchestra|Boston Modern Orchestra Project|Boston Philharmonic (Zander)|Boston Pops (Fiedler)|Boston Pops (Williams)|Boston Pops Orchestra|Boston Pops Orchestra Arthur Fiedler|Boston Pops Orchestra (Fiedler)|Boston Spaceships|Boston Symphony (Haitink)|Boston Symphony (Ozawa)|Boston Symphony Chamber Players|Boston Symphony Orchestra|Boston Symphony/Sherrill Milnes/Stanley Kolk/Evelyn Mandac (Ozawa)|Boston Trinity Choir|The Boswell Sisters|Botany Boyz|Botch|Both|The Both|Botnek|The Bots|The Bottle Rockets|Bottleneck|Bottom & Company|Bouchra Nisha Tjon Pon Fong|Boukman Eksperyans|Boulevard|Boulevard East|The Bouncing Souls|Boundzound|Bounty Killa|Bounty Killer|Bourgeois Tagg|Bournemouth Symphony (Rattle)|Bournemouth Symphony Chorus|Bournemouth Symphony Orchestra|Bouvier|Bouvier & Barona|Bow Wow|Bow Wow|Bow Wow|Bow Wow & Omarion|Bow Wow Wow|Bow Wow/Nick Cannon|Bowen Wang|Bowerbirds|Bowie|Bowlegged Lou|The Bowling Family|Bowling for Soup|Box Car Racer|Box of Frogs|The Box Tops|Boxcar|Boxcar Willie|Boxcar Willie & Penny Dehaven|The Boxcars|Boxed In|The Boxer Rebellion|Boxie|Boy|BOY|Boy & Bear|Boy 8 Bit|Boy Big|The Boy Boy Young Mess|Boy Brooks|Boy From Bonao|Boy George|Boy Howdy|Boy Kill Boy|Boy Kiss Girl|Boy Krazy|Boy Meets Disco|Boy Meets Girl|Boy Sets Fire|BOY STORY|BOY STORY|Boy Teddy|Boy Wonder|Boyan Chowdhury|Boyat|Boyce Avenue|Boyd Bennett|The Boyd Brothers|Boyd Lee Dunlop|Boyd Meets Girl|Boyd Tinsley|Boyfriend|Boyfriend|Boyinaband|Boys|The Boys|The Boys|The Boys|Boys + Noise|Boys and Men|The Boys Band|The Boys Choir of Harlem|The Boys Choir of Harlem|Boys Club|Boys Don't Cry|Boys From Brazil|The Boys In The Band|Boys Like Girls|Boys Night Out|Boys Noize|The Boys of St. Paul's Choir School|Boys on the Block|Boys Republic|Boys Town Gang|BoySetsFire|Boyz II Men|Boyz N da Hood|Boyz N Girlz United|Boyz of Paradize|Boyz-N-Girlz United|Boyzone|Boz|Boz Burrell|Boz Scaggs|BOZandMONSTRR|Bozi Boziana|BPA|The BPA|BPT|Br/ve|BR5-49|BR549|Brace|Brace Paine|Brack Cantrell|Braco|Brad|Brad "20 Cent" Allen|Brad Arnold|Brad Avery|Brad Barr|Brad Booker|Brad Carr|Brad Carter|Brad Cole|Brad Cook|Brad Cooper|Brad Corrigan|Brad Cotter|Brad Daddy X|Brad Davis|Brad Delp|Brad Delson|Brad Divens|Brad Dourif|Brad Fickeisen|Brad Fischetti|Brad Ford|Brad Gillis|Brad Hallen|Brad Hargett|Brad Hargreaves|Brad Hawkins|Brad Horion|Brad Horner|Brad Hull|Brad Hunt|Brad Johner|Brad Johnson|Brad Johnson/Sigal Erez|Brad Jones|Brad Kinsella|Brad Knauber|Brad Laner|Brad Lang|Brad Lidge|Brad Lubman|Brad Martin|Brad Mates|Brad Maule|Brad Mehldau|Brad Mehldau Trio|Brad Morgan|Brad Murray|Brad Noah|Brad Norris|Brad Nowell|Brad Olsen|Brad Paisley|Brad Pitt|Brad Pitt/Angelina Jolie|Brad Pitt/Anthony Hopkins|Brad Pitt/Casey Affleck|Brad Pitt/Cate Blanchett|Brad Pitt/Edward Norton|Brad Pitt/Edward Norton (dupe 1)|Brad Pitt/Juliette Lewis|Brad Pitt/Morgan Freeman|Brad Rambur|Brad Renfro|Brad Rice|Brad Roberts|Brad Shepherd|Brad Shultz|Brad Smith|Brad Somatik|Brad Stewart|Brad Swanson & His Whispering Organ Sound|Brad Thompson|Brad Tursi|Brad Tyler|Brad Vander Ark|Brad Walst|Brad Warren|Brad Watson|Brad Whitford|Brad Wigg|Brad Wilk|Brad Wolf|Bradd Young|Bradfield|Bradford Cox|Bradford Reed|Brädi|Bradio|Bradley Bell|Bradley Cooper|Bradley Cooper/Leslie Bibb|Bradley Fry|Bradley Gaskin|Bradley James|Bradley Joseph|Bradley McIntosh|Bradley Walker|Bradley Walsh|Brady Bills|Brady Black|Brady Bunch|Brady Knapp|Brady Rymer|Brady Seals|Brady Toops|Bradyn Byron|Bragi Olafesson|Brahman|Braid|Braiden Sunshine|Braids|The Braids|Brainbug|Brainstorm|Brainstorm|Braintree|Bram Roberts|Bram Tchaikovsky|Bram Van der Berg|Bramhall|Bran Van 3000|Branan Murphy|Branca|Brancaccio & Aisher|Branch & Dean|Branchez|Brand New|The Brand New Heavies|Brand New Immortals|Brand New Vibe|Brand Nubian|Brand X|Brandan Schieppati|Brande Roderick|Branden Michael Morgan|Branden Steineckert|Brandi|Brandi Carlile|Brandi Emma|Brandi Wells|Brandie Posey|Brandin Lea|Brandin Reed|Brandon|Brandon|Brandon|Brandon & Leah|Brandon & Savannah|Brandon Adams|Brandon Adrian Koch|Brandon Arnovick|Brandon Baltzley|Brandon Barnes|Brandon Beal|Brandon Bee|Brandon Belsky|Brandon Bizior|Brandon Bolmer|Brandon Boyd|Brandon Camphor|Brandon Camphor And OneWay|Brandon Casey|Brandon Chase|Brandon Cooper|Brandon Curtis|Brandon Davis|Brandon Eikenberry|Brandon Elliott|Brandon Feldhahn|Brandon Fields|Brandon Fisher|Brandon Flowers|Brandon Giffin|Brandon Hackenson|Brandon Hagan|Brandon Hargest|Brandon Heath|Brandon Hines|Brandon Hyde|Brandon Jay|Brandon Jazz|Brandon Lanier|Brandon Lay|Brandon Lay|Brandon Lee|Brandon Leitru|Brandon Mills|Brandon Mitchell|Brandon Mychal Smith|Brandon Paris|Brandon Paris Band|Brandon Paxton|Brandon Proff|Brandon Reid|Brandon Rhyder|Brandon Rickman|Brandon Rike|Brandon Routh/Kate Bosworth|Brandon Saller|Brandon Schade|Brandon Solano|Brandon Sowder|Brandon Summers|Brandon Swanson|Brandon Thompson|Brandon Walden|Brandon Welchez|Brandon Wronski|Brandon Young|The Brandos|Brandy|Brandy & Monica|Brandy 'Ms. B.' Hambrick|Brandy Allison|Brandy Clark|Brandy Moss-Scott|Brandy Wood|Brandyn Burnette|Branford Marsalis|Branford Marsalis Quartet|Branford Marsalis Quartet/T. Blanchard|Branford Marsalis Trio|Bränn Dailor|Brans|Brant Bjork|Brant Coulter|BrAnT.B & D.P|Brantley Gilbert|Brasco|Brass Construction|Brass Fever|Brass Knuckles|The Brass Ring|Brassa Ardiente|Brat Pack|Bratislava Symphony Orchestra|Bratz|Braulio|Brave|Brave|Brave Combo|Brave Girls|Brave Girls Feat. Skull|Brave Guys|Brave Guys (Feat. Seo Su Min PD)|Brave New Radio|Brave Shores|Braveheart's|Bravehearts|The Bravery|Bravo|BRAVO All Stars|Bravo All-Stars|The Braxton Brothers|Braxton Burks|Braxton Cook|The Braxtons|Brayboy|Braydn Krueger|Brazeros Musical de Durango|Brazilian Girls|Bre Botello|Bre-Z|Breach|Bread|Bread|Bread of Stone|Break Machine|Break Through|Breakaway Ministries|Breakbeat Era|Breakbot|Breakdown|Breakdown Of Sanity|Breakerz|Breakfast Barry|Breakfast Club|Breakfast Muff|Breakfast n Vegas|Breaking Benjamin|Breaking Grass|Breaking Point|Breaking Southwest|Breaking The Silence|The Breaks|Breakthrough|Breakwater|Breanna Rubio|Breanne Düren|Breathe|Breathe|Breathe|BREATHE (JAPAN)|Breathe Carolina|Breathe Electric|Breathless|The Brecker Brothers|Breckin Meyer/Jennifer Love Hewitt|Breckin Meyer/Seann William Scott|Brecon Baroque|Bree Sharp|Breeann Hammond|Breeder|The Breeders|Breelan Angel|Breen Leboeuf|Breeze|Breeze Brewin DJ Eli Sub-conscious|Breezy 4 Sho|Breje|Brenda|Brenda & The Big Dudes|Brenda & the Tabulations|Brenda And Herb|Brenda Asnicar|Brenda Blethyn|Brenda Carrow|Brenda Carter|Brenda Cole|Brenda Dee|Brenda Durmann|Brenda Fricker|Brenda Holloway|Brenda Jefferson|Brenda Jefferson|Brenda Jones|Brenda Jones|Brenda Joyce Evans|Brenda K. Starr|Brenda Kaye Perry|Brenda Lee|Brenda Lee Eager|Brenda Payton|Brenda Reid|Brenda Roman|Brenda Russell|Brenda Russell|Brenda Sauter|Brenda Song/Shin Koyamada|Brenda Taylor|Brendan|Brendan Bayliss|Brendan Benson|Brendan Brown|Brendan Canning|Brendan Canty|Brendan Croker|Brendan Ekstrom|Brendan Fletcher|Brendan Fraser|Brendan Fraser/Alicia Silverstone|Brendan Fraser/Elizabeth Hurley|Brendan Fraser/Jenna Elfman|Brendan Fraser/Jet Li|Brendan Fraser/Josh Hutcherson|Brendan Fraser/Leslie Mann|Brendan Fraser/Rachel Weisz|Brendan Hill|Brendan Holmes|Brendan James|Brendan Kelly|Brendan Kelly|Brendan O'Brien|Brendan O'Hare|Brendan Perry|Brendan Reed|Brendan Walter|Brendel (Levine)|Brendon James|Brendon McNichol|Brendon Small|Brendon Thomas|Brendon Urie|Brendon Walsh|Brenmar|Brennan Chaulk|Brennley Brown|Brent Anderson|Brent Black|Brent Block|Brent Bourgeois|Brent Burns|Brent Byars|Brent Carter|Brent Cobb|Brent DeBoer|Brent Doerner|Brent Duckett|Brent Faiyaz|Brent Faiyaz|Brent Fitz|Brent Flynn|Brent Forston|Brent Gordon|Brent Harding|Brent Hinds|Brent James|Brent Jensen|Brent Jones|Brent Jones & the T.P. Mobb|Brent Knopf|Brent Kutzle|Brent Liles|Brent Masters|Brent Muscat|Brent Mydland|Brent Rambler|Brent Riggs|Brent Roam|Brent Schindler|Brent Smedley|Brent Smith|Brent Terhune|Brent Wilson|Brent Wilson|Brent Young|brentalfloss|Brenton Brown|Brenton Wood|Brentwood Kids|Brequette|Brer Rabbit|Bressie|Bret "Epic" Mazur|Bret "Hit Man" Hart|Bret Alexander|Bret Bollinger|Bret Carrigan|Bret Cohune|Bret Erickson|Bret Harrison/Ray Wise|Bret Johnson|Bret McKenzie|Bret Michaels|Bret Wallin|Brett Anderson|Brett Anderson|Brett Bloomfield|Brett Cullen|Brett Dennen|Brett Detar|Brett Deubner|Brett Dinovo|Brett Ditgen|Brett Dunlop|Brett Eldredge|Brett Erickson|Brett Eriksen|Brett Farkas|Brett Favre|Brett Gurewitz|Brett Henrichsen|Brett Hestla|Brett Hoffmann|Brett Hudson|Brett James|Brett Kissel|Brett Kissel Featuring Carolyn Dawn Johnson|Brett McLaughlin|Brett Nelson|Brett Netson|Brett Powell|Brett Reed|Brett Romnes|Brett Rush|Brett Scallions|Brett Schoneman|Brett Shaw|Brett Snyder|Brett Stowers|Brett Wade|Brett Warren|Brett Wilson|Brett Young|Brett Younker|Brevner|Brewer & Shipley|Brewer And Shipley|Brewley MC|Brewster|Breyan Isaac|Bri|Bri|Bri (Briana Babineaux)|Bri Bagwell|Bria Kelly|Bria Skonberg|Bria Valente|Brian|Brian "Baby" Williams|Brian "Boots" Factor|Brian "Brain" Mantia|Brian "Head" Welch|Brian "Taurs Caine" Morris|Brian & Eric|Brian & Jenn Johnson|Brian Adrian Koch|Brian Allen|Brian Alterman|Brian And Brenda|Brian Andrews|Brian Angel|Brian Anthony|Brian Arthur|Brian Aubert|Brian Auger|Brian Auger & the Trinity|Brian Auger's Oblivion Express|Brian Baker|Brian Bandas|Brian Bates|Brian Bell|Brian Benben|Brian Bennett|Brian Benoit|Brian Black|Brian Blade|Brian Blade & the Fellowship Band|Brian Blade & The Fellowship Band|Brian Blickle|Brian Bonsall|Brian Borcherdt|Brian Borg|Brian Bosworth|Brian Briggs|Brian Bromberg|Brian Brushwood|Brian Bunn|Brian Byrne|Brian Cadd|Brian Caesar|Brian Calcara|Brian Campbell|Brian Canham|Brian Carlson|Brian Carman|Brian Carpenter's Ghost Train Orchestra|Brian Casey|Brian Champ|Brian Chase|Brian Chatton|Brian Chippendale|Brian Cole|Brian Collins|Brian Collins|Brian Conner|Brian Connolly|Brian Cook|Brian Cook|Brian Cook And Power Nation|Brian Courtney Wilson|Brian Cox/Marisa Coughlan|Brian Craddock|Brian Crain|Brian Crosby|Brian Culbertson|Brian Dalyrimple|Brian David|Brian David Blush|Brian David Willis|Brian Davis|Brian Davison|Brian Deck|Brian DeGraw|Brian Deneeve|Brian Dennehy|Brian Deramus|Brian Desveaux|Brian Dixon|Brian Doerner|Brian Doherty|Brian Downey|Brian Doyle-Murray|Brian Duke|Brian Dunne|Brian Dunning|Brian Dunphy|Brian E. Roberts|Brian Edwards|Brian Eno|Brian Eno And David Byrne|Brian Eschbach|Brian Evans|Brian Fair|Brian Fallon|Brian Flenniken|Brian Flynn|Brian Forsythe|Brian Fortune|Brian Fraipont|Brian Fresco|Brian Futter|Brian Gaar|Brian Garvey|Brian Geiger|Brian Gillis|Brian Glascock|Brian Glaze|Brian Goble|Brian Gold|Brian Greenway|Brian Halverson|Brian Harvey|Brian Hayes|Brian Henneman|Brian Hodges|Brian Hofeldt|Brian Hoffman|Brian Hood|Brian Hooks|Brian Houston|Brian Howe|Brian Hugg|Brian Hughes|Brian Hyland|Brian Ireland|Brian Jackson|Brian James|Brian Jarvis|Brian Jelliman|Brian Johnson|Brian Johnson|Brian Johnson|Brian Jones|Brian Jones|The Brian Jonestown Massacre|Brian Justin Crum|Brian Kapler|Brian Karscig|Brian Keenan|Brian Keith|Brian Kelley|Brian Kent|Brian Kerwin|Brian King|Brian Koonin|Brian Krause|Brian Lake|Brian Lane|Brian Latta|Brian Leiser|Brian Lenair|Brian Leppke|Brian Liesegang|Brian Little|Brian Littrell|Brian Locking|Brian Logan Dales|Brian Lucas|Brian Lynch|Brian MacLeod|Brian Maes|Brian Mangini|Brian Marshall|Brian Maryansky|Brian Masek|Brian Mashburn|Brian Mathews|Brian May|Brian May And Friends|Brian McCarde/Armand Assante|Brian McComas|Brian McCorquodale|Brian McDermott|Brian McFadden|Brian McGee|Brian McHugh|Brian McKnight|Brian McKnight Jr.|Brian McMillen|Brian McOmber|Brian Meek|Brian Melo|Brian Melvin|Brian Melvin Trio|Brian Melvin's Nightfood|Brian Milner|Brian Molko|Brian Nagan|Brian Nash|Brian Nevin|Brian Nolan|Brian O'Brian|Brian O'Halloran|Brian O'Neal|Brian Oblivion|Brian Olive|Brian Ostreicher|Brian Owens|Brian Patton|Brian Pearl|Brian Perry|Brian Pezzone|Brian Pillman|Brian Pittman|Brian Polter|Brian Poole|Brian Poole & the Tremeloes|Brian Poole And The Tremeloes|Brian Posehn|Brian Profilio|Brian Protheroe|Brian Prout|Brian Puspos|Brian Rading|Brian Regan|Brian Reitzell|Brian Ritchie|Brian Roberts|Brian Robertson|Brian Rosenworcel|Brian Ross|Brian Sagrafena|Brian Sayers|Brian Scott|Brian Scott Bennett|Brian Scott Bennett / Nakkach|Brian Setzer|The Brian Setzer Orchestra|Brian Shaw|Brian Simpson|Brian Slawson|Brian Sledge|Brian Smith|Brian Smith|Brian Snow|Brian Southall|Brian St. Clair|Brian Stevens|Brian Stokes Mitchell|Brian Stoltz|Brian Stout|Brian Teel|Brian the Sun|Brian Thomas|Brian Tichy|Brian Tilse|Brian Travers|Brian Tuey|Brian Tyler|Brian Tyree Henry|Brian Unger|Brian Vander Ark|Brian Venable|Brian Vermin|Brian Viglione|Brian Vincent Izzi|Brian Vollmer|Brian Wayy|Brian Weaver|Brian Welch|Brian Westrum|Brian Wheat|Brian Whelan|Brian White|Brian Whitman|Brian Whitscell|Brian Wilson|Brian Wimmer|Brian Yale|Brian Young|Brian Zeger|Briana Corrigan|Briana Evigan|Briana Evigan/Robert Hoffman|Brianna Alomar|Brianna Perry|Brianna Taylor|Briannagh D.|Bricc Baby Shitro|Brice|Brice Henderson|Brice Long|Brice Vancauwenberghe|Brick|Brick|Brick|Brick & Lace|Brick + Mortar|Brick Nation Featuring Craig Travis|Brick Williams|Bride|Brides Of Destruction|Brides Of Funkenstein|The Bridge|Bridge to Grace|Bridget Fonda|Bridget Kearney|Bridget Kelly|Bridget Regan|Bridgette Bryant|Bridgette Tatum|Bridgette Wilson-Sampras|Bridging The Gap|Bridgit Mendler|Bridgit Mendler Featuring Kaiydo|Bridgjette Taylor|Brie Brandt|Brie Larson|Brief Encounter|Brielle|Briga|Brigette McWilliams|Briggan Krauss|Briggs|The Briggs|Brigham Phillips|Brigham Young University Singers|Brigham Young University Vocal Point|Bright|Bright Eyes|BRIGHT feat.SKY-HI(AAA)|Bright Light Bright Light|The Bright Light Social Hour|Bright Lights|Bright Sparks|Bright Star Male Chorus|Brightblack|Brightblack Morning Light|Brighten|Brighter Side of Darkness|Brightlight|Brigid Boden|Brigid Dawson|Brigit Nilsson|Brigitte|Brigitte Bako|Brigitte Bardot|Brigitte Boisjoli|Brigitte Fontaine|Brigitte Helm|Brigitte Lin Ching-Hsia|Brigitte M|Brigitte Nielsen|Briia|Brik Citi|Brill|The Brilliance|Brilliant|Brillz|Brinck|Bring Me the Horizon|Brings|Brinkley & Parker|Brinsley Forde|Brisco|Briseyda|Briseyda Y Los Muchachos|British India|British Lions|British Sea Power|Britney Spears|Britney Spears Featuring Madonna|Britni Elise|Britny Fox|Britt Black|Britt Daley|Britt Daniel|Britt Nicole|Britt Walford|Britta Phillips|Brittany Butler|Brittany Cairns|Brittany Hargest|Brittany Howard|Brittany Murphy|Brittany Snow/Scott Porter|Britten Sinfonia|Brittney Taylor|Brittney Wright|Brittni Paiva|Brix|Brix Smith|Brizzy|Brklyn|BRL|Brno Philharmonic Orchestra|BRO|Bro|Bro Hahz|Bro Safari|Bro Smith|Broadcast|Broadside|Broadway|Broadway Calls|Broadway Cast|Broadway for Orlando|Broadway Inspirational Voices|Broc Lesnar|Brock Bradford|Brock Davisson|Brock Lesnar|Brock Lindow|Brock Zanrosso|BROCKHAMPTON|Brockington Ensemble|Broderick E. Rice|Broderick Rice|Brodie Johnson|Brodinski|Brodka|The Brodsky Quartet|Brody Armstrong|Brody Dalle|Broederliefde|Broiler|Broilers|The Broilers|Broken Back|Broken Bells|Broken Hope|Broken Social Scene|Broken Twin|The Broken West|Brokencyde|Brolier Featuring Bekuh Boom|Brolle|BRONCHO|Bronco|Bronco|Bronco el Gigante de America|Bronco: El Gigante De America|Bronner Brothers|Bronski Beat|Bronski Beat With Marc Almond|Bronson|Bronson Arroyo|Bronson Pinchot|Bronson Pinchot/Mark Linn-Baker|The Bronx|Bronze Radio Return|Broods|The Brook|Brook Benton|Brook Brenton|Brook Gang|Brook-lyn|Brooke|Brooke Adams|Brooke Allison|Brooke Barrettsmith|Brooke Candy|Brooke Eden|Brooke Fraser|Brooke Hogan|Brooke Howard-Smith|Brooke Hudgins|Brooke Hyland|Brooke Russell|Brooke Shields|Brooke Shields/Lindsay Price|Brooke Siler|Brooke St.James|Brooke Svanes|Brooke Valentine|Brooke White|Brooklyhn Woods|Brooklyn Art Song Society|Brooklyn Bounce|Brooklyn Bridge|Brooklyn Dreams|Brooklyn Express|Brooklyn Friends|Brooklyn Funk Essentials|Brooklyn Haley|Brooklyn Philharmonic (Davies)|Brooklyn Queens|Brooklyn Rider|Brooklyn Rider|The Brooklyn Tabernacle Choir|Brooklyn, Bronx & Queens Band|Brookroyal|Brooks|Brooks & Dunn|Brooks Betts|Brooks Bonstin|Brooks Brothers Band|Brooks Buford|Brooks O'Dell|Brooks Paschal|Brooks Wackerman|Brooks Wheelan|Brooksie Wells|Brookzill!|Bros|BROS (dupe 1)|Broseph|Brotha Lynch Hung|Brothatone|Brother 2 Brother|Brother Ali|Brother Beyond|Brother Cane|Brother Clyde|Brother Firetribe|Brother J|Brother Jack McDuff|Brother Makes 3|Brother Marquis|Brother Phelps|Brother Sundance|Brother to Brother|Brother to Brother|Brother Trouble|Brother's Keeper|Brotherhood Creed|The Brotherhood Creed|The Brotherhood Nation|Brotherhood of Man|Brotherhood Of Soul|Brotherly Love|The Brothers and Sisters of L.A.|Brothers And Sisters Of LA|Brothers by Choice|The Brothers Cazimero|The Brothers Four|Brothers Guiding Light|Brothers in Christ|Brothers in Rhythm|The Brothers Johnson|Brothers Keeper|Brothers McClurg|The Brothers Nazaroff|Brothers of a Feather|Brothers of Soul|Brothers of the Underground|Brothers Osborne|Brothers Uv Da Blakmarket|Brougham|Brown Bird|Brown Boy|Brown Boyz|Brown Eyed Girls|Brown Eyed Soul|The Brown Sisters|Brown Sugar|Brownie Mary|Brownie McGhee|The Browning|Brownmark|The Browns|The Browns|Brownstone|Brownsville Station|Bruce & Terry|Bruce Abbott|Bruce Arnold|Bruce Arnold|Bruce Barlow|Bruce Barth|Bruce Barthol|Bruce BecVar|Bruce Belland|Bruce Benson|Bruce Blackman|Bruce Bowles|Bruce Boxleitner|Bruce Boxleitner/Claudia Christian|Bruce Boxleitner/Tracy Scoggins|Bruce Brewster|Bruce Brody|Bruce Cain|Bruce Campbell|Bruce Campbell/Julius Carry|Bruce Carroll|Bruce Carter|Bruce Cassidy|Bruce Castleberry|Bruce Channel|Bruce Clarke|Bruce Cockburn|Bruce Conte|Bruce Crump|Bruce Davison|Bruce Day|Bruce Decker|Bruce Dedrick|Bruce Dickinson|Bruce Dunbar|Bruce Fairweather|Bruce Fernandez|Bruce Forman|Bruce Foster|Bruce Fowler|Bruce Fulford|Bruce Gainsford|Bruce Gary|Bruce Gilbert|Bruce Gordon|Bruce Greenwood|Bruce Hajilton|Bruce Hall|Bruce Hamilton|Bruce Hathcock|Bruce Hauser|Bruce Hauser & The Sawmill Creek Band|Bruce Hornsby|Bruce Hornsby & the Range|Bruce Hornsby And The Noisemakers|Bruce Howe|Bruce Hughes|Bruce Huss|Bruce Johnston|Bruce Jones|Bruce Kaphan|Bruce Kulick|Bruce Kunkel|Bruce Kurnow|Bruce Lee|Bruce Lee/John Saxon|Bruce Levingston|Bruce Martin|Bruce Milner|Bruce Moffett|Bruce Molsky|Bruce Moreland|Bruce Mullen|Bruce Napier|Bruce Nazarian|Bruce Palmer|Bruce Parham|Bruce Payne|Bruce Pictor|Bruce Reitherman|Bruce Roberts|Bruce Robinson|Bruce Robison|Bruce Saunders|Bruce Smith|Bruce Smith|Bruce Soboroff|Bruce Spencer|Bruce Springsteen|Bruce Springsteen & the E Street Band|Bruce Stephens|Bruce Sudano|Bruce Swink|Bruce Thomas|Bruce Turgon|Bruce Van Dyke|Bruce Wagner|Bruce Waibel|Bruce Watson|Bruce Wayne|Bruce Welch|Bruce Williamson|Bruce Willis|Bruce Willis/Alan Rickman|Bruce Willis/Billy Bob Thornton|Bruce Willis/Colin Farrell|Bruce Willis/Haley Joel Osment|Bruce Willis/Justin Long|Bruce Willis/Matthew Perry|Bruce Willis/Michelle Pfeiffer|Bruce Willis/Mos Def|Bruce Willis/Samuel L. Jackson|Bruce Woodley|Bruce Wooley And Camera Club|Bruce Woolley|Bruckner Orchester Linz|Bruised But Not Broken|Brujeria|Bruni Pagan|Brunner & Brunner|Bruno|Bruno|Bruno & Marrone|Bruno de Jesus|Bruno De Vicenti|Bruno Ganz|Bruno Labrie|Bruno Labrie & Audrey Gagnon|Bruno Lawrence|Bruno Major|Bruno Mars|Bruno Mars vs David Guetta|Bruno Martini|Bruno Oliveira|Bruno Pelletier|Bruno Pelletier Et Le GrosZorchestre|Bruno Ravel|Bruno Santino|Bruno Schrecker|Bruno Speight|Bruno Weil|Brunori Sas|Bruse Reelis|Brush Arbor|Brush Shiels|Brushville|Brutal Bill|Brutality Will Prevail|Brutha|Brutus|BrvndonP|Bryan|Bryan|Bryan & Katie Torwalt|Bryan Abrams|Bryan Adams|Bryan Adams, Garou, Roch Voisine|Bryan Andrew Wilson|Bryan Audet|Bryan Austin|Bryan Bassett|Bryan Bautista|Bryan Beeler|Bryan Beller|Bryan Billhimer|Bryan Breeding|Bryan Brown|Bryan Cook|Bryan Cranston|Bryan Cranston/Anna Gunn|Bryan Czap|Bryan Dixon|Bryan Donahue|Bryan Dondero|Bryan Duncan|Bryan Erickson|Bryan Ferry|Bryan Ferry + Roxy Music|Bryan Finlay|Bryan Genesse|Bryan Grassmeyer|Bryan Harvey|Bryan Herweg|Bryan Hitt|Bryan Hobbs|Bryan Holmes|Bryan Hymel|Bryan Jay|Bryan Johnson|Bryan Kearney|Bryan Keith|Bryan Kienlen|Bryan Lanning|Bryan Laurenson|Bryan Lear|Bryan Lewis|Bryan Loren|Bryan MacLean|Bryan Madey|Bryan Mayer|Bryan McFadden|Bryan Mills|Bryan Money|Bryan Newman|Bryan Ottoson|Bryan Patrick|Bryan Poole|Bryan Popin|Bryan Potvin|Bryan Rice|Bryan Richie|Bryan Savage|Bryan Scary|Bryan Scary & The Shredding Tears|Bryan Scott|Bryan Sennett|Bryan Sonday|Bryan Sutton|Bryan Todd|Bryan Tolland|Bryan Ujueta|Bryan Wakeland|Bryan Webb|Bryan White|Bryan Whiteman|Bryan Wilson|Bryan Zimmerman|Bryann T|Bryant Clifford Meyer|Bryant Myers|Bryant Oden|Bryce Avary|Bryce Dessner|Bryce Fox|Bryce Goggin|Bryce Luvah|Bryce Oliver|Bryce Portius|Bryce Soderberg|Bryce Wilson|Brydge|Bryn Burrows|Bryn Christopher|Bryn Fowler|Bryn Lumsden|Bryn Terfel|Bryn Terfel/Mormon Tabernacle Choir (Wilberg)|Bryn West|Bryndis|Bryndis Halla Gylfadottir|Brynjard Tristan|Brynn Arens|Brynn Elliott|Bryson Tiller|Brytiago|BSK|BT|BT|BT Feat. Vincent Covello|BTO|BTOB|Btob|BTOB & Yu Seong Eun|BTS|Bubba Keith|Bubba Knight|Bubba Smith|Bubba Sparxxx|Bubba Talbert|Bubba Watson|Bubble|Bubble Puppy|Bubble Sisters|Bubble Sisters (Feat. Hojoong)|Bubbler|Bubbles|Bubby Fann|Buchanan Brothers|Buck|Buck 22|Buck 65|Buck Cherry|Buck Denver|Buck Graves|Buck Hall|Buck Howdy|Buck Johnson|Buck Ormsby|Buck Owens|Buck Pets|The Buck Pets|Buck Power|Buck Trent|Buck White|Buck Wild|Buck-O-Nine|Buck-Tick|The Buckaroos|Buckcherry|Buckethead|The Bucketheads|Buckeye|The Buckinghams|Buckner & Garcia|Buckner And Garcia|Bucko & Toad|Buckshot|Buckshot LeFonque|Buckwheat|Buckwheat Zydeco|Buckwild|Bucky|Bucky Covington|Bucky Meadows|Bucky Wheaton|Bud & Travis|Bud Abbott|Bud Beadle|Bud Cockrell|Bud Cort|Bud Fontsere|Bud Gaugh|Bud Johnson|Bud Logan|Bud Powell|Bud Shank|Bud Spencer|Budapest Festival Orchestra|Budapest Phil. Orch. (Sandor)|Budapest Symphony Orchestra|Buddah Khan|Buddha Monk|Buddha-Bar|Buddie|Buddist Monks|Buddy|Buddy & Julie Miller|Buddy Ace|Buddy Alan|Buddy Blue|Buddy Brayfield|Buddy Brown|Buddy Bruce|Buddy Cage|Buddy Cagle|Buddy Collette|Buddy Ebsen/Irene Ryan|Buddy Emmons|Buddy Fambro|Buddy Greco|Buddy Greene|Buddy Guy|Buddy Guy (With G.E. Smith And The SNL Band)|Buddy Holly|Buddy Jewell|Buddy Knox|Buddy Latham|Buddy Meredith|Buddy Miles|Buddy Miles|Buddy Miller|Buddy Morrow|Buddy Nielsen|Buddy Paul|Buddy Randell|Buddy Rich|Buddy Schaub|Buddy Starcher|Budgie|The Budos Band|Buena Vista Social Club|The Buena Vistas|Bueno Clinic (Feat. Mik W.)|Buff Love|Buffalo Club|Buffalo Madonna|Buffalo Philharmonic Orchestra|Buffalo Smoke|Buffalo Soldiers|Buffalo Springfield|Buffalo Tom|Buffy|Buffy Lawson|Buffy Sainte-Marie|Bug|The Bug|Bug Hall|Buga Kingz|Bugaloo Velez|Buggles|Buglug|Bugs Bunny|Bugz In The Attic|Bugzy Malone|Buick 6|Buika|Buika|Build A Machine|Building 429|Building Instrument|Built to Spill|Buju Banton|Bukshot|Buku|Bulgarian National Choir|Bulgarian State Radio & T.V. Female Choir|Bull & the Matadors|Bull Moose Jackson|Bulldog|Bulldog|Bulldog|Bullet|Bullet|Bullet|Bullet for My Valentine|Bullet Train|Bulletboys|Bullets And Octane|Bullrush|Bully|Bully & Sasha|Bullys wit Fullys|BullySongs|Bumble Bee Unlimited|Bumblebee Unlimited|Bumkey|Bump|Bump J|Bump J.|Bump of Chicken|bump.y|Bumper To Bumper|Bumpin Uglies|Bumps Inf|Bumpy Knuckles|Bun B|Bun E. Carlos|Bun-B|Bunbury|Bunburys|Bundock|Bundy K. Brown|Bunga|Bungalow|Bunji Garlin|Bunker Hill|Bunky Keel|Bunnies & Bats|Bunny|Bunny 'Striker' Lee|Bunny D.|Bunny DeBarge|Bunny Rugs|Bunny Sigler|The Bunny The Bear|Bunny Wailer|BUNT.|Buono!|Buoy|Buoys|Burak Yeter|Buraka Som Sistema|Burbank Station|Burch Sisters|Burden Brothers|Burden of a Day|Buren Fowler|Burende|Burhan G|Burial|Burial|Burke Medeiros|Burke Roney|Burl Ives|Burlap to Cashmere|Burleigh Drummond|Burn|Burn Halo|Burna Boy|Burnham|Burnin' Daylight|Burning Brides|Burning Flames|Burning Love|Burning Peacocks|Burning Point|Burning Rain|Burning Sensations|Burning Spear|Burnout Syndromes|Burns & Poe|Burns Stanfield|Burnt by the Sun|Burrell|The Burrell Brothers|The Burrito Brothers|Burt Bacharach|Burt Bonaldi|Burt Lancaster|Burt Lancaster/Rutger Hauer|Burt Reynolds|Burt Reynolds/Dolly Parton|Burt Reynolds/Jason Priestley|Burt Reynolds/Julie Andrews|Burt Reynolds/Vittorio Gassman|Burt Ward|Burton "Butch" Stahl|Burton C. Bell|Burton Cummings|Bury Tomorrow|Bury Your Dead|Bus Boys|Busaiku|The BusBoys|Busby Marou|Buscabulla|Bush|Bush|Bush|Bush Babees|Bush Hawg|Bushido|Bushido|Bushman|Bushwackas|Bushwick Bill|Busker Busker|Busker Busker|Busman's Holiday|Bust Down|Busta Jones|Busta Rhymes|Busta Rhymes Featuring Linkin Park|Busta Rhymes/Jamie Lee Curtis|Bustamante|Busted|Buster Brown|Buster Poindexter|Buster Poindexter & His Banshees of Blue|Buster Williams|The Busters|Busy Bee|Busy P|Busy Signal|Busyb Marou|Butch|Butch Baker|Butch Cassidy|Butch Dayo|Butch Dillon|Butch Gibson|Butch Hancock|Butch Leak|Butch Mann|Butch Mattice|Butch McDade|Butch Norton|Butch Rillera|Butch Robins|Butch Sam & The Station Band|Butch Trucks|Butch Vig|Butch Walker|Butch Walker & the Black Widows|Butch Walker And The Black Widows|Butch Walker And The Let's-Go-Out-Tonites!|Butcher Babies|Butcher Boy|Butchered Beats|Butt Trumpet|Butta Creame|Butter|Butterfly|Butterfly Boucher|Butterfly Chien|Butterfly Kisses|The Butterflys|Butthole Surfers|Buttons|Buygore|Buz|Buz McGrath|Buzz|Buzz Clifford|Buzz Cornelison|Buzz McCoy|Buzz Osborne|Buzzcocks|Buzzin' Cousins|Buzzy Gruen|BVRGER|BWB|Bwb|BwO|BWP|BXS|By All Means|By Chance|By His Stripes|By the Tree|By The Way Girls|BY2|BY2|BY2|BY2|BY2|Byanka|Bye Polar Bear|ByeAlex|BYentl|Byrd Gang|The Byrds|Byrne|Byrne and Kelly|Byron|Byron "Mr. Talkbox" Chambers|Byron Allred|Byron Berline|Byron Burke|Byron Cage|Byron Cage & Purpose|Byron Case|Byron Davis|Byron Gallimore|Byron Goggin|Byron Gregory|Byron Isaacs|Byron Lee|Byron Lee & The Dragonaires|Byron Macgregor|Byron McMackin|Byron Reynolds|Byron Smith|Byron Stingily|Byron Stroud|BYU Men's Chorus|BYU Noteworthy|BYU Vocal Point|Byun, Jin-Sub|Byzantine|BZ|BZN|BZZY|Bzzz|Børns